3	Product Version: USB-60x3
3	Executable File Version: 2.9.5,311 
3	Program Build Date: Dec 13 2019,  12:14:04
3	Customer Serial Number:  200-1680-1-1
3	Customer Name:  NNL DEMO 
3	Customer Organization:  NNL DEMO 
3	--------------------------------------------------------
3	TimeValues	2024	9	25	17	17	45	UTC
3	TimeStamp	Wednesday, September 25, 2024, 10:17:45 AM 
3	DataFormat	2.9.3,113
3	ScreenSize	142.857	107.143	// full screen size (not measured lines) in mm
3	ViewingDistance	100
3	InterPupillaryDistance	60
3	ImageShape	Fit
3	SmoothingMethod	ExponentialMovingAverage
3	SmoothingPoints	4
3	BinocularAveraging	Off
3	eyeA:pupilSegmentationMethod	Ellipse
3	eyeA:gazeNudge	0	0
3	eyeB:pupilSegmentationMethod	Ellipse
3	eyeB:gazeNudge	0	0
3	--------------------------------------------------------
3	Data Notes:
3	 1) X_Gaze and Y_Gaze are uncorrected gaze values (no smoothing, etc...).
3	 2) X_CorrectedGaze and Y_CorrectedGaze are corrected gaze values that may include smoothing, averaging, parallax correction, nudging, etc...
3	 3) Regions are calculated with respect to the corrected gaze values.
3	 4) PupilWidth and PupilHeight calculations are relative to which pupil segmentation method is active.
3	    a) Ellipse - PupilWidth is the major-axis (larger value) and PupilHeight is the minor-axis (smaller value).
3	       The major-axis and the minor-axis are both normalized by the width of the EyeCamera window so the scales of the axes are commensurable.
3	    b) Oval Fit - PupilWidth is the HORIZONTAL dimension and PupilHeight is the VERTICAL dimension of the rectangular bounding box of the unrotated Oval.
3	       The HORIZONTAL and VERTICAL dimensions are both normalized by the width and height of the EyeCamera window respectively so the scales of the axes are incommensurable (see manual for details).
3	    c) Centroid - PupilWidth and PupilHeight are 0, because no pupil size is obtained.
3	--------------------------------------------------------
3	 idName	
3	 idTest	
3	 idSession	
3	 idNotes	
17	MovieFile	1	D:\UnityProjectsGit\GolfSim\Assets\VPx64-Client/Data/20240925_101745.avi
3	--------------------------------------------------------
6	ATT	ADT	ALX	ALY	ACX	ACY	ARI	APW	APH	AQU	AFX	BTT	BDT	BLX	BLY	BCX	BCY	BRI	BPW	BPH	BQU	BFX	GPX	GPY	GPZ	CNT	MRK
5	TotalTime	DeltaTime	X_Gaze	Y_Gaze	X_CorrectedGaze	Y_CorrectedGaze	Region	PupilWidth	PupilHeight	Quality	Fixation	TotalTime	DeltaTime	X_Gaze	Y_Gaze	X_CorrectedGaze	Y_CorrectedGaze	Region	PupilWidth	PupilHeight	Quality	Fixation	 X 	 Y 	 Z 	Count	Marker
7	 0.000000	EyeA FrameRate	60
7	 0.000000	EyeB FrameRate	60
16	 0.000000	STARTUP.BMP
777	  0.0000	MovieFrame	2	0
10	  0.0053	  24.0380	0.4670	0.4989	0.4652	0.5019	1	0.2105	0.2086	1	0.7672	  0.0030	   2.1682	0.5733	0.5478	0.5726	0.5490	-1	0.2165	0.2064	1	0.7672	  0.27	 -0.27	  7.96	0	+,+	
10	  0.0146	   9.2833	0.4663	0.5007	0.4656	0.5014	1	0.2092	0.2074	1	0.7764	  0.0030	   2.1682	0.5733	0.5478	0.5726	0.5490	-1	0.2165	0.2064	1	0.7672	  0.27	 -0.27	  7.97	1		Game time (seconds): 0 Stroke: 0
777	  0.0336	MovieFrame	2	1
10	  0.0388	  24.2530	0.4655	0.4949	0.4656	0.4988	1	0.2076	0.2074	1	0.8007	  0.0364	   2.2014	0.5719	0.5457	0.5724	0.5475	-1	0.2182	0.2037	1	0.8006	  0.27	 -0.25	  7.97	2		
10	  0.0479	   9.0658	0.4654	0.4960	0.4655	0.4977	1	0.2084	0.2047	1	0.8098	  0.0364	   2.2014	0.5719	0.5457	0.5724	0.5475	-1	0.2182	0.2037	1	0.8006	  0.27	 -0.24	  7.97	3		
777	  0.0671	MovieFrame	2	2
10	  0.0721	  24.2681	0.4651	0.4930	0.4653	0.4958	1	0.2085	0.2066	1	0.8340	  0.0699	   2.2338	0.5709	0.5404	0.5717	0.5440	-1	0.2181	0.2053	1	0.8341	  0.26	 -0.21	  7.98	4		
10	  0.0813	   9.1503	0.4651	0.4941	0.4653	0.4951	1	0.2085	0.2068	1	0.8432	  0.0699	   2.2338	0.5709	0.5404	0.5717	0.5440	-1	0.2181	0.2053	1	0.8341	  0.26	 -0.21	  7.98	5		
777	  0.1003	MovieFrame	2	3
10	  0.1055	  24.2232	0.4667	0.4924	0.4658	0.4940	1	0.2077	0.2059	1	0.8674	  0.1032	   2.2555	0.5718	0.5360	0.5715	0.5399	-1	0.2189	0.2074	1	0.8674	  0.27	 -0.18	  7.99	6		
10	  0.1147	   9.2124	0.4678	0.4940	0.4666	0.4940	1	0.2080	0.2074	1	0.8766	  0.1032	   2.2555	0.5718	0.5360	0.5715	0.5399	-1	0.2189	0.2074	1	0.8674	  0.27	 -0.18	  8.00	7		
777	  0.1333	MovieFrame	2	4
10	  0.1387	  23.9742	0.4688	0.4935	0.4675	0.4938	1	0.2080	0.2061	1	0.9006	  0.1364	   2.2467	0.5734	0.5371	0.5724	0.5383	-1	0.2189	0.2054	1	0.9006	  0.29	 -0.17	  8.00	8		
10	  0.1481	   9.3882	0.4693	0.4981	0.4682	0.4955	1	0.2081	0.2066	1	0.9100	  0.1364	   2.2467	0.5734	0.5371	0.5724	0.5383	-1	0.2189	0.2054	1	0.9006	  0.29	 -0.18	  8.01	9		
777	  0.1672	MovieFrame	2	5
10	  0.1724	  24.3013	0.4696	0.4993	0.4688	0.4970	1	0.2096	0.2072	1	0.9343	  0.1701	   2.1058	0.5733	0.5429	0.5736	0.5413	-1	0.2170	0.2038	1	0.9343	  0.30	 -0.21	  8.00	10		
10	  0.1816	   9.1953	0.4534	0.5150	0.4626	0.5042	1	0.2068	0.2033	1	0.9435	  0.1701	   2.1058	0.5733	0.5429	0.5736	0.5413	-1	0.2170	0.2038	1	0.9343	  0.26	 -0.24	  7.91	11		
777	  0.2005	MovieFrame	2	6
10	  0.2054	  23.8299	0.4533	0.5128	0.4589	0.5077	1	0.2086	0.2048	1	0.9673	  0.2033	   2.3135	0.5598	0.5533	0.5639	0.5499	-1	0.2174	0.2105	1	0.9675	  0.16	 -0.31	  8.00	12		
10	  0.2147	   9.2809	0.4521	0.5168	0.4562	0.5113	1	0.2062	0.2034	1	0.9766	  0.2033	   2.3135	0.5598	0.5533	0.5639	0.5499	-1	0.2174	0.2105	1	0.9675	  0.14	 -0.33	  7.96	13		
777	  0.2335	MovieFrame	2	7
10	  0.2389	  24.1809	0.4515	0.5158	0.4543	0.5131	1	0.2054	0.2035	1	1.0008	  0.2365	   2.2269	0.5594	0.5566	0.5609	0.5546	-1	0.2140	0.2101	1	1.0007	  0.11	 -0.36	  7.98	14		
10	  0.2481	   9.1773	0.4516	0.5204	0.4532	0.5160	1	0.2037	0.2017	1	1.0099	  0.2365	   2.2269	0.5594	0.5566	0.5609	0.5546	-1	0.2140	0.2101	1	1.0007	  0.10	 -0.38	  7.96	15		
777	  0.2668	MovieFrame	2	8
10	  0.2720	  23.9561	0.4509	0.5198	0.4523	0.5175	1	0.2044	0.2022	1	1.0339	  0.2698	   2.3073	0.5585	0.5598	0.5596	0.5581	-1	0.2151	0.2087	1	1.0340	  0.08	 -0.41	  7.97	16		
10	  0.2814	   9.3837	0.4496	0.5209	0.4512	0.5189	1	0.2032	0.2010	1	1.0433	  0.2698	   2.3073	0.5585	0.5598	0.5596	0.5581	-1	0.2151	0.2087	1	1.0340	  0.08	 -0.41	  7.95	17		
777	  0.3008	MovieFrame	2	9
10	  0.3057	  24.3527	0.4473	0.5165	0.4496	0.5179	1	0.2049	0.2016	1	1.0676	  0.3034	   2.2042	0.5547	0.5555	0.5571	0.5575	-1	0.2127	0.2071	1	1.0676	  0.05	 -0.40	  7.96	18		
10	  0.3147	   9.0015	0.4461	0.5159	0.4482	0.5171	1	0.2047	0.2027	1	1.0766	  0.3034	   2.2042	0.5547	0.5555	0.5571	0.5575	-1	0.2127	0.2071	1	1.0676	  0.04	 -0.40	  7.94	19		
777	  0.3337	MovieFrame	2	10
10	  0.3389	  24.1845	0.4448	0.5119	0.4468	0.5150	1	0.2038	0.2029	1	1.1008	  0.3367	   2.2615	0.5529	0.5527	0.5546	0.5553	-1	0.2133	0.2039	1	1.1009	  0.01	 -0.38	  7.96	20		
10	  0.3482	   9.2833	0.4448	0.5102	0.4460	0.5131	1	0.2041	0.2013	1	1.1101	  0.3367	   2.2615	0.5529	0.5527	0.5546	0.5553	-1	0.2133	0.2039	1	1.1009	  0.00	 -0.37	  7.95	21		
777	  0.3670	MovieFrame	2	11
10	  0.3725	  24.2752	0.4454	0.5053	0.4458	0.5100	1	0.2058	0.2024	1	1.1344	  0.3702	   2.2131	0.5522	0.5501	0.5535	0.5528	-1	0.2131	0.2038	1	1.1344	 -0.01	 -0.34	  7.96	22		
10	  0.3815	   9.0388	0.4452	0.5053	0.4455	0.5081	1	0.2056	0.2023	1	1.1434	  0.3702	   2.2131	0.5522	0.5501	0.5535	0.5528	-1	0.2131	0.2038	1	1.1344	 -0.01	 -0.33	  7.96	23		
777	  0.4005	MovieFrame	2	12
10	  0.4057	  24.1778	0.4431	0.5003	0.4445	0.5050	1	0.2065	0.2019	1	1.1676	  0.4035	   2.2802	0.5502	0.5450	0.5517	0.5491	-1	0.2124	0.2036	1	1.1677	 -0.03	 -0.29	  7.97	24		
10	  0.4149	   9.1973	0.4422	0.4992	0.4436	0.5027	1	0.2053	0.2010	1	1.1768	  0.4035	   2.2802	0.5502	0.5450	0.5517	0.5491	-1	0.2124	0.2036	1	1.1677	 -0.03	 -0.28	  7.95	25		
777	  0.4341	MovieFrame	2	13
10	  0.4394	  24.4622	0.4419	0.4933	0.4429	0.4989	1	0.2062	0.2055	1	1.2013	  0.4370	   2.2042	0.5474	0.5396	0.5494	0.5439	1	0.2146	0.2042	1	1.2013	 -0.05	 -0.23	  7.98	26		
10	  0.4483	   8.9043	0.4333	0.5331	0.4391	0.5126	-1	0.2041	0.1991	1	1.2102	  0.4370	   2.2042	0.5474	0.5396	0.5494	0.5439	1	0.2146	0.2042	1	1.2013	 -0.08	 -0.30	  7.92	27		
777	  0.4672	MovieFrame	2	14
10	  0.4725	  24.2655	0.4165	0.6039	0.4300	0.5491	-1	0.2062	0.1923	1	1.2344	  0.4702	   2.2329	0.4963	0.6510	0.5205	0.6000	-1	0.2157	0.1952	1	1.2344	 -0.35	 -0.80	  8.23	28		
10	  0.4817	   9.1238	0.4195	0.6110	0.4258	0.5739	-1	0.2049	0.1936	1	1.2436	  0.4702	   2.2329	0.4963	0.6510	0.5205	0.6000	-1	0.2157	0.1952	1	1.2344	 -0.38	 -0.93	  8.16	29		
777	  0.5005	MovieFrame	2	15
10	  0.5057	  24.0247	0.4158	0.6053	0.4218	0.5864	-1	0.2080	0.1876	1	1.2676	  0.5035	   2.3077	0.5015	0.6430	0.5086	0.6283	-1	0.2118	0.1989	1	1.2677	 -0.50	 -1.15	  8.29	30		
10	  0.5149	   9.2094	0.4148	0.6058	0.4190	0.5942	-1	0.2091	0.1908	1	1.2768	  0.5035	   2.3077	0.5015	0.6430	0.5086	0.6283	-1	0.2118	0.1989	1	1.2677	 -0.52	 -1.19	  8.24	31		
777	  0.5337	MovieFrame	2	16
10	  0.5392	  24.3304	0.4132	0.5996	0.4167	0.5964	-1	0.2092	0.1910	1	1.3011	  0.5368	   2.2398	0.5034	0.6348	0.5051	0.6339	-1	0.2143	0.1967	1	1.3010	 -0.56	 -1.23	  8.26	32		
10	  0.5484	   9.1707	0.4118	0.5982	0.4148	0.5971	-1	0.2081	0.1893	1	1.3103	  0.5368	   2.2398	0.5034	0.6348	0.5051	0.6339	-1	0.2143	0.1967	1	1.3010	 -0.57	 -1.24	  8.23	33		
777	  0.5671	MovieFrame	2	17
10	  0.5726	  24.1868	0.4112	0.5951	0.4133	0.5963	-1	0.2100	0.1945	1	1.3345	  0.5701	   2.1916	0.5048	0.6289	0.5048	0.6318	-1	0.2155	0.1973	1	1.3344	 -0.59	 -1.22	  8.21	34		
10	  0.5817	   9.1444	0.4103	0.5966	0.4121	0.5964	-1	0.2100	0.1910	1	1.3436	  0.5701	   2.1916	0.5048	0.6289	0.5048	0.6318	-1	0.2155	0.1973	1	1.3344	 -0.59	 -1.22	  8.19	35		
777	  0.6010	MovieFrame	2	18
10	  0.6060	  24.2399	0.4106	0.5935	0.4115	0.5952	-1	0.2098	0.1937	1	1.3679	  0.6036	   2.1552	0.5055	0.6227	0.5051	0.6275	-1	0.2172	0.1947	1	1.3678	 -0.60	 -1.19	  8.18	36		
10	  0.6150	   9.0426	0.4093	0.5956	0.4106	0.5954	-1	0.2113	0.1934	1	1.3769	  0.6036	   2.1552	0.5055	0.6227	0.5051	0.6275	-1	0.2172	0.1947	1	1.3678	 -0.60	 -1.19	  8.16	37		
777	  0.6345	MovieFrame	2	19
10	  0.6393	  24.2564	0.4109	0.5981	0.4107	0.5965	-1	0.2113	0.1889	1	1.4012	  0.6372	   2.2905	0.5086	0.6345	0.5069	0.6300	-1	0.2148	0.1955	1	1.4014	 -0.59	 -1.21	  8.14	38		
10	  0.6485	   9.2291	0.4169	0.6179	0.4132	0.6051	-1	0.2126	0.1952	1	1.4104	  0.6372	   2.2905	0.5086	0.6345	0.5069	0.6300	-1	0.2148	0.1955	1	1.4014	 -0.57	 -1.26	  8.18	39		
777	  0.6674	MovieFrame	2	20
10	  0.6727	  24.2099	0.4163	0.6123	0.4144	0.6080	-1	0.2123	0.1914	1	1.4346	  0.6704	   2.2206	0.5105	0.6389	0.5090	0.6362	-1	0.2164	0.2000	1	1.4346	 -0.55	 -1.31	  8.16	40		
10	  0.6819	   9.1807	0.4168	0.6182	0.4154	0.6120	-1	0.2130	0.1967	1	1.4438	  0.6704	   2.2206	0.5105	0.6389	0.5090	0.6362	-1	0.2164	0.2000	1	1.4346	 -0.54	 -1.33	  8.18	41		
777	  0.7010	MovieFrame	2	21
10	  0.7063	  24.3858	0.4166	0.6161	0.4159	0.6137	-1	0.2136	0.1929	1	1.4682	  0.7039	   2.2061	0.5119	0.6404	0.5108	0.6391	-1	0.2192	0.2027	1	1.4681	 -0.52	 -1.35	  8.16	42		
10	  0.7152	   8.9719	0.4163	0.6201	0.4160	0.6163	-1	0.2130	0.1947	1	1.4771	  0.7039	   2.2061	0.5119	0.6404	0.5108	0.6391	-1	0.2192	0.2027	1	1.4681	 -0.52	 -1.37	  8.16	43		
777	  0.7343	MovieFrame	2	22
10	  0.7397	  24.4362	0.4166	0.6178	0.4163	0.6169	-1	0.2145	0.1908	1	1.5016	  0.7372	   2.2255	0.5148	0.6428	0.5131	0.6418	-1	0.2202	0.2043	1	1.5014	 -0.50	 -1.39	  8.13	44		
10	  0.7486	   8.9034	0.4175	0.6218	0.4167	0.6189	-1	0.2140	0.1968	1	1.5105	  0.7372	   2.2255	0.5148	0.6428	0.5131	0.6418	-1	0.2202	0.2043	1	1.5014	 -0.50	 -1.40	  8.13	45		
777	  0.7675	MovieFrame	2	23
10	  0.7727	  24.1517	0.4182	0.6195	0.4173	0.6191	-1	0.2146	0.1980	1	1.5346	  0.7705	   2.2389	0.5164	0.6409	0.5150	0.6419	-1	0.2207	0.2025	1	1.5347	 -0.48	 -1.40	  8.11	46		
10	  0.7819	   9.1235	0.4183	0.6215	0.4177	0.6201	-1	0.2149	0.1969	1	1.5438	  0.7705	   2.2389	0.5164	0.6409	0.5150	0.6419	-1	0.2207	0.2025	1	1.5347	 -0.48	 -1.40	  8.12	47 Game time (seconds): 0.02 Stroke: 0
777	  0.8007	MovieFrame	2	24
10	  0.8060	  24.0954	0.4188	0.6189	0.4181	0.6196	-1	0.2148	0.1932	1	1.5678	  0.8036	   2.2531	0.5168	0.6403	0.5159	0.6415	-1	0.2202	0.2027	1	1.5678	 -0.47	 -1.40	  8.11	48 Game time (seconds): 0.047867 Stroke: 0
10	  0.8153	   9.3560	0.4190	0.6215	0.4185	0.6203	-1	0.2133	0.1959	1	1.5772	  0.8036	   2.2531	0.5168	0.6403	0.5159	0.6415	-1	0.2202	0.2027	1	1.5678	 -0.47	 -1.40	  8.12	49 Game time (seconds): 0.0696983 Stroke: 0
777	  0.8343	MovieFrame	2	25
10	  0.8394	  24.0562	0.4190	0.6206	0.4187	0.6205	-1	0.2165	0.1957	1	1.6013	  0.8375	   2.6462	0.5210	0.6405	0.5182	0.6415	-1	0.2177	0.2019	1	1.6017	 -0.45	 -1.40	  8.08	50 Game time (seconds): 0.077353 Stroke: 0
10	  0.8486	   9.2515	0.4364	0.6212	0.4258	0.6208	-1	0.2158	0.1900	1	1.6105	  0.8375	   2.6462	0.5210	0.6405	0.5182	0.6415	-1	0.2177	0.2019	1	1.6017	 -0.40	 -1.40	  8.20	51 Game time (seconds): 0.1015715 Stroke: 0
777	  0.8674	MovieFrame	2	26
10	  0.8728	  24.1972	0.4374	0.6190	0.4305	0.6201	-1	0.2173	0.1926	1	1.6347	  0.8705	   2.2405	0.5330	0.6381	0.5277	0.6397	-1	0.2160	0.2024	1	1.6347	 -0.30	 -1.39	  8.12	52 Game time (seconds): 0.1077814 Stroke: 0
10	  0.8820	   9.1387	0.4379	0.6211	0.4334	0.6205	-1	0.2178	0.1924	1	1.6438	  0.8705	   2.2405	0.5330	0.6381	0.5277	0.6397	-1	0.2160	0.2024	1	1.6347	 -0.28	 -1.39	  8.17	53 Game time (seconds): 0.1351521 Stroke: 0
777	  0.9008	MovieFrame	2	27
10	  0.9061	  24.1365	0.4379	0.6184	0.4352	0.6197	-1	0.2166	0.1926	1	1.6680	  0.9038	   2.3329	0.5339	0.6374	0.5316	0.6386	-1	0.2164	0.2024	1	1.6680	 -0.24	 -1.38	  8.13	54 Game time (seconds): 0.1425352 Stroke: 0
10	  0.9154	   9.2797	0.4379	0.6185	0.4363	0.6192	-1	0.2158	0.1920	1	1.6773	  0.9038	   2.3329	0.5339	0.6374	0.5316	0.6386	-1	0.2164	0.2024	1	1.6680	 -0.23	 -1.38	  8.15	55 Game time (seconds): 0.1694897 Stroke: 0
777	  0.9342	MovieFrame	2	28
10	  0.9396	  24.2180	0.4382	0.6153	0.4371	0.6176	-1	0.2158	0.1949	1	1.7015	  0.9373	   2.2347	0.5339	0.6352	0.5332	0.6371	-1	0.2165	0.2020	1	1.7015	 -0.21	 -1.36	  8.14	56 Game time (seconds): 0.1755925 Stroke: 0
10	  0.9487	   9.0898	0.4383	0.6141	0.4375	0.6162	-1	0.2172	0.1924	1	1.7106	  0.9373	   2.2347	0.5339	0.6352	0.5332	0.6371	-1	0.2165	0.2020	1	1.7015	 -0.21	 -1.36	  8.15	57 Game time (seconds): 0.1989934 Stroke: 0
777	  0.9678	MovieFrame	2	29
10	  0.9727	  24.0658	0.4387	0.6073	0.4380	0.6126	-1	0.2188	0.1909	1	1.7346	  0.9706	   2.3877	0.5341	0.6332	0.5339	0.6353	-1	0.2183	0.2052	1	1.7349	 -0.20	 -1.34	  8.14	58 Game time (seconds): 0.208517 Stroke: 0
10	  0.9821	   9.3454	0.4386	0.6074	0.4382	0.6105	-1	0.2183	0.1907	1	1.7440	  0.9706	   2.3877	0.5341	0.6332	0.5339	0.6353	-1	0.2183	0.2052	1	1.7349	 -0.20	 -1.32	  8.14	59 Game time (seconds): 0.2321037 Stroke: 0
777	  1.0011	MovieFrame	2	30
10	  1.0060	  23.8949	0.4391	0.6034	0.4386	0.6077	-1	0.2186	0.1922	1	1.7679	  1.0038	   2.2347	0.5342	0.6298	0.5341	0.6324	-1	0.2171	0.2080	1	1.7680	 -0.20	 -1.29	  8.15	60 Game time (seconds): 0.2423304 Stroke: 0
10	  1.0154	   9.3858	0.4392	0.6029	0.4388	0.6058	-1	0.2186	0.1921	1	1.7773	  1.0038	   2.2347	0.5342	0.6298	0.5341	0.6324	-1	0.2171	0.2080	1	1.7680	 -0.19	 -1.28	  8.15	61 Game time (seconds): 0.2653938 Stroke: 0
777	  1.0347	MovieFrame	2	31
10	  1.0396	  24.1994	0.4389	0.5977	0.4389	0.6025	-1	0.2183	0.1951	1	1.8015	  1.0372	   2.2005	0.5317	0.6266	0.5330	0.6293	-1	0.2222	0.2110	1	1.8014	 -0.20	 -1.24	  8.17	62 Game time (seconds): 0.2808801 Stroke: 0
10	  1.0488	   9.2218	0.4383	0.5976	0.4386	0.6006	-1	0.2196	0.1951	1	1.8107	  1.0372	   2.2005	0.5317	0.6266	0.5330	0.6293	-1	0.2222	0.2110	1	1.8014	 -0.20	 -1.23	  8.17	63 Game time (seconds): 0.299452 Stroke: 0
777	  1.0678	MovieFrame	2	32
10	  1.0729	  24.1582	0.4383	0.5944	0.4385	0.5981	-1	0.2200	0.1983	1	1.8348	  1.0706	   2.1593	0.5305	0.6242	0.5317	0.6268	-1	0.2231	0.2113	1	1.8348	 -0.21	 -1.20	  8.18	64 Game time (seconds): 0.3089664 Stroke: 0
10	  1.0822	   9.2634	0.4408	0.5951	0.4394	0.5969	-1	0.2197	0.1953	1	1.8441	  1.0706	   2.1593	0.5305	0.6242	0.5317	0.6268	-1	0.2231	0.2113	1	1.8348	 -0.21	 -1.20	  8.20	65 Game time (seconds): 0.3322022 Stroke: 0
777	  1.1013	MovieFrame	2	33
10	  1.1066	  24.3686	0.4418	0.5911	0.4404	0.5946	-1	0.2204	0.1993	1	1.8685	  1.1042	   2.2376	0.5342	0.6207	0.5337	0.6240	-1	0.2214	0.2114	1	1.8684	 -0.19	 -1.17	  8.18	66 Game time (seconds): 0.3424992 Stroke: 0
10	  1.1155	   8.8972	0.4405	0.5932	0.4404	0.5940	-1	0.2197	0.1983	1	1.8774	  1.1042	   2.2376	0.5342	0.6207	0.5337	0.6240	-1	0.2214	0.2114	1	1.8684	 -0.18	 -1.17	  8.18	67 Game time (seconds): 0.3659864 Stroke: 0
777	  1.1347	MovieFrame	2	34
10	  1.1398	  24.2849	0.4402	0.5916	0.4403	0.5930	-1	0.2204	0.2008	1	1.9017	  1.1374	   2.1536	0.5332	0.6173	0.5336	0.6209	-1	0.2229	0.2086	1	1.9016	 -0.19	 -1.15	  8.18	68		
10	  1.1489	   9.1503	0.4397	0.5921	0.4401	0.5927	-1	0.2195	0.2003	1	1.9108	  1.1374	   2.1536	0.5332	0.6173	0.5336	0.6209	-1	0.2229	0.2086	1	1.9016	 -0.19	 -1.14	  8.18	69		
777	  1.1679	MovieFrame	2	35
10	  1.1732	  24.3281	0.4392	0.5906	0.4397	0.5918	-1	0.2206	0.2020	1	1.9351	  1.1709	   2.2653	0.5324	0.6148	0.5329	0.6177	-1	0.2215	0.2071	1	1.9351	 -0.20	 -1.12	  8.18	70		
10	  1.1822	   8.9376	0.4385	0.5916	0.4392	0.5917	-1	0.2210	0.2010	1	1.9441	  1.1709	   2.2653	0.5324	0.6148	0.5329	0.6177	-1	0.2215	0.2071	1	1.9351	 -0.20	 -1.12	  8.18	71 Game time (seconds): 0.4355834 Stroke: 0
777	  1.2011	MovieFrame	2	36
10	  1.2063	  24.1167	0.4368	0.5885	0.4383	0.5904	-1	0.2204	0.1987	1	1.9682	  1.2041	   2.2411	0.5319	0.6148	0.5322	0.6163	-1	0.2209	0.2077	1	1.9683	 -0.21	 -1.11	  8.17	72 Game time (seconds): 0.4444187 Stroke: 0
10	  1.2156	   9.3142	0.4367	0.5920	0.4376	0.5911	-1	0.2236	0.2022	1	1.9775	  1.2041	   2.2411	0.5319	0.6148	0.5322	0.6163	-1	0.2209	0.2077	1	1.9683	 -0.22	 -1.11	  8.16	73 Game time (seconds): 0.4690949 Stroke: 0
777	  1.2346	MovieFrame	2	37
10	  1.2397	  24.1125	0.4340	0.5884	0.4362	0.5900	-1	0.2223	0.1998	1	2.0016	  1.2375	   2.2954	0.5318	0.6138	0.5318	0.6156	-1	0.2204	0.2057	1	2.0017	 -0.23	 -1.10	  8.15	74 Game time (seconds): 0.4758997 Stroke: 0
10	  1.2489	   9.2097	0.4344	0.5936	0.4355	0.5914	-1	0.2253	0.2024	1	2.0108	  1.2375	   2.2954	0.5318	0.6138	0.5318	0.6156	-1	0.2204	0.2057	1	2.0017	 -0.23	 -1.11	  8.13	75 Game time (seconds): 0.4992937 Stroke: 0
777	  1.2678	MovieFrame	2	38
10	  1.2730	  24.0877	0.4334	0.5896	0.4347	0.5907	-1	0.2226	0.1970	1	2.0349	  1.2707	   2.2116	0.5309	0.6199	0.5310	0.6188	-1	0.2206	0.2109	1	2.0349	 -0.25	 -1.12	  8.13	76 Game time (seconds): 0.5103666 Stroke: 0
10	  1.2822	   9.2211	0.4335	0.5954	0.4342	0.5926	-1	0.2253	0.2002	1	2.0441	  1.2707	   2.2116	0.5309	0.6199	0.5310	0.6188	-1	0.2206	0.2109	1	2.0349	 -0.25	 -1.13	  8.13	77 Game time (seconds): 0.5323767 Stroke: 0
777	  1.3016	MovieFrame	2	39
10	  1.3067	  24.4169	0.4321	0.5941	0.4334	0.5932	-1	0.2238	0.1982	1	2.0686	  1.3043	   2.2038	0.5303	0.6233	0.5304	0.6218	-1	0.2240	0.2136	1	2.0685	 -0.26	 -1.15	  8.12	78 Game time (seconds): 0.5410882 Stroke: 0
10	  1.3156	   8.9813	0.4320	0.5989	0.4328	0.5955	-1	0.2241	0.2015	1	2.0775	  1.3043	   2.2038	0.5303	0.6233	0.5304	0.6218	-1	0.2240	0.2136	1	2.0685	 -0.26	 -1.16	  8.11	79 Game time (seconds): 0.5669308 Stroke: 0
777	  1.3347	MovieFrame	2	40
10	  1.3398	  24.1684	0.4318	0.5987	0.4324	0.5968	-1	0.2241	0.1998	1	2.1017	  1.3375	   2.1311	0.5301	0.6248	0.5302	0.6239	-1	0.2244	0.2119	1	2.1017	 -0.27	 -1.18	  8.11	80 Game time (seconds): 0.575443 Stroke: 0
10	  1.3491	   9.3003	0.4312	0.6047	0.4319	0.6000	-1	0.2221	0.2047	1	2.1110	  1.3375	   2.1311	0.5301	0.6248	0.5302	0.6239	-1	0.2244	0.2119	1	2.1017	 -0.27	 -1.20	  8.10	81 Game time (seconds): 0.6028623 Stroke: 0
777	  1.3680	MovieFrame	2	41
10	  1.3733	  24.2181	0.4316	0.6027	0.4318	0.6011	-1	0.2233	0.1995	1	2.1352	  1.3711	   2.2318	0.5310	0.6266	0.5308	0.6260	-1	0.2231	0.2147	1	2.1353	 -0.27	 -1.22	  8.09	82 Game time (seconds): 0.6109706 Stroke: 0
10	  1.3825	   9.1611	0.4317	0.6051	0.4318	0.6027	-1	0.2218	0.2042	1	2.1444	  1.3711	   2.2318	0.5310	0.6266	0.5308	0.6260	-1	0.2231	0.2147	1	2.1353	 -0.27	 -1.22	  8.09	83 Game time (seconds): 0.6340005 Stroke: 0
777	  1.4013	MovieFrame	2	42
10	  1.4067	  24.1856	0.4322	0.6054	0.4319	0.6037	-1	0.2221	0.2074	1	2.1686	  1.4043	   2.1999	0.5320	0.6276	0.5314	0.6273	-1	0.2227	0.2146	1	2.1685	 -0.26	 -1.24	  8.09	84 Game time (seconds): 0.64154 Stroke: 0
10	  1.4158	   9.1450	0.4326	0.6056	0.4322	0.6045	-1	0.2234	0.2028	1	2.1777	  1.4043	   2.1999	0.5320	0.6276	0.5314	0.6273	-1	0.2227	0.2146	1	2.1685	 -0.26	 -1.24	  8.09	85 Game time (seconds): 0.6694374 Stroke: 0
777	  1.4347	MovieFrame	2	43
10	  1.4399	  24.1144	0.4329	0.6008	0.4325	0.6030	-1	0.2240	0.1996	1	2.2018	  1.4376	   2.1640	0.5329	0.6274	0.5322	0.6276	-1	0.2240	0.2148	1	2.2018	 -0.25	 -1.24	  8.08	86 Game time (seconds): 0.6771152 Stroke: 0
10	  1.4492	   9.2304	0.4327	0.6039	0.4326	0.6033	-1	0.2227	0.2041	1	2.2111	  1.4376	   2.1640	0.5329	0.6274	0.5322	0.6276	-1	0.2240	0.2148	1	2.2018	 -0.25	 -1.24	  8.08	87 Game time (seconds): 0.6999707 Stroke: 0
777	  1.4680	MovieFrame	2	44
10	  1.4732	  24.0100	0.4337	0.5995	0.4330	0.6018	-1	0.2246	0.2017	1	2.2351	  1.4709	   2.1945	0.5348	0.6273	0.5338	0.6277	-1	0.2219	0.2136	1	2.2351	 -0.24	 -1.23	  8.07	88 Game time (seconds): 0.7085856 Stroke: 0
10	  1.4824	   9.2573	0.4344	0.6009	0.4336	0.6015	-1	0.2233	0.2015	1	2.2443	  1.4709	   2.1945	0.5348	0.6273	0.5338	0.6277	-1	0.2219	0.2136	1	2.2351	 -0.23	 -1.23	  8.07	89 Game time (seconds): 0.7345304 Stroke: 0
777	  1.5016	MovieFrame	2	45
10	  1.5064	  23.9903	0.4343	0.5948	0.4338	0.5988	-1	0.2262	0.1988	1	2.2683	  1.5041	   2.0881	0.5323	0.6097	0.5336	0.6209	-1	0.2213	0.2087	1	2.2683	 -0.23	 -1.18	  8.08	90 Game time (seconds): 0.7435281 Stroke: 0
10	  1.5158	   9.3824	0.4294	0.5252	0.4321	0.5694	-1	0.2209	0.2168	1	2.2777	  1.5041	   2.0881	0.5323	0.6097	0.5336	0.6209	-1	0.2213	0.2087	1	2.2683	 -0.25	 -1.02	  8.05	91 Game time (seconds): 0.7667666 Stroke: 0
777	  1.5349	MovieFrame	2	46
10	  1.5403	  24.4910	0.4324	0.4606	0.4322	0.5258	-1	0.2220	0.2215	1	2.3022	  1.5379	   2.2085	0.5120	0.4914	0.5211	0.5497	1	0.2317	0.2240	1	2.3021	 -0.33	 -0.40	  8.25	92 Game time (seconds): 0.7748615 Stroke: 0
10	  1.5492	   8.9118	0.4322	0.4598	0.4322	0.4994	-1	0.2232	0.2197	1	2.3111	  1.5379	   2.2085	0.5120	0.4914	0.5211	0.5497	1	0.2317	0.2240	1	2.3021	 -0.33	 -0.26	  8.25	93 Game time (seconds): 0.8027595 Stroke: 0
777	  1.5684	MovieFrame	2	47
10	  1.5736	  24.3800	0.4308	0.4540	0.4316	0.4813	-1	0.2223	0.2209	1	2.3355	  1.5713	   2.1981	0.5160	0.4882	0.5175	0.5117	1	0.2339	0.2220	1	2.3355	 -0.36	  0.04	  8.30	94 Game time (seconds): 0.8107122 Stroke: 0
10	  1.5826	   9.0220	0.4298	0.4559	0.4309	0.4711	-1	0.2210	0.2162	1	2.3445	  1.5713	   2.1981	0.5160	0.4882	0.5175	0.5117	1	0.2339	0.2220	1	2.3355	 -0.37	  0.09	  8.29	95 Game time (seconds): 0.8328622 Stroke: 0
777	  1.6016	MovieFrame	2	48
10	  1.6069	  24.2901	0.4282	0.4540	0.4298	0.4643	-1	0.2191	0.2147	1	2.3688	  1.6046	   2.2177	0.5178	0.4858	0.5173	0.4963	1	0.2313	0.2207	1	2.3688	 -0.38	  0.21	  8.28	96 Game time (seconds): 0.8415219 Stroke: 0
10	  1.6159	   9.0406	0.4272	0.4550	0.4288	0.4605	-1	0.2181	0.2150	1	2.3778	  1.6046	   2.2177	0.5178	0.4858	0.5173	0.4963	1	0.2313	0.2207	1	2.3688	 -0.39	  0.23	  8.26	97 Game time (seconds): 0.869365 Stroke: 0
777	  1.6350	MovieFrame	2	49
10	  1.6402	  24.2415	0.4264	0.4522	0.4279	0.4572	-1	0.2145	0.2118	1	2.4021	  1.6378	   2.1704	0.5200	0.4845	0.5186	0.4893	1	0.2279	0.2213	1	2.4020	 -0.38	  0.29	  8.22	98 Game time (seconds): 0.8780022 Stroke: 0
10	  1.6493	   9.1685	0.4261	0.4542	0.4272	0.4560	-1	0.2143	0.2096	1	2.4112	  1.6378	   2.1704	0.5200	0.4845	0.5186	0.4893	1	0.2279	0.2213	1	2.4020	 -0.39	  0.29	  8.21	99 Game time (seconds): 0.9004218 Stroke: 0
777	  1.6682	MovieFrame	2	50
10	  1.6735	  24.1290	0.4251	0.4518	0.4263	0.4543	-1	0.2134	0.2098	1	2.4354	  1.6712	   2.2364	0.5212	0.4836	0.5201	0.4865	1	0.2252	0.2179	1	2.4354	 -0.38	  0.32	  8.18	100 Game time (seconds): 0.9097956 Stroke: 0
10	  1.6827	   9.2568	0.4244	0.4526	0.4256	0.4536	-1	0.2140	0.2103	1	2.4446	  1.6712	   2.2364	0.5212	0.4836	0.5201	0.4865	1	0.2252	0.2179	1	2.4354	 -0.39	  0.32	  8.16	101 Game time (seconds): 0.9333389 Stroke: 0
777	  1.7017	MovieFrame	2	51
10	  1.7070	  24.2865	0.4252	0.4528	0.4254	0.4533	-1	0.2112	0.2067	1	2.4689	  1.7047	   2.2862	0.5215	0.4849	0.5210	0.4861	1	0.2201	0.2167	1	2.4689	 -0.38	  0.32	  8.15	102 Game time (seconds): 0.9427201 Stroke: 0
10	  1.7161	   9.0377	0.4249	0.4546	0.4252	0.4538	-1	0.2091	0.2046	1	2.4780	  1.7047	   2.2862	0.5215	0.4849	0.5210	0.4861	1	0.2201	0.2167	1	2.4689	 -0.38	  0.32	  8.14	103 Game time (seconds): 0.9657997 Stroke: 0
777	  1.7351	MovieFrame	2	52
10	  1.7403	  24.2298	0.4254	0.4524	0.4253	0.4532	-1	0.2088	0.2042	1	2.5022	  1.7380	   2.2891	0.5224	0.4851	0.5217	0.4860	1	0.2174	0.2130	1	2.5022	 -0.38	  0.33	  8.13	104 Game time (seconds): 0.9780785 Stroke: 0
10	  1.7495	   9.1979	0.4262	0.4492	0.4257	0.4516	-1	0.2053	0.2015	1	2.5114	  1.7380	   2.2891	0.5224	0.4851	0.5217	0.4860	1	0.2174	0.2130	1	2.5022	 -0.38	  0.33	  8.14	105 Game time (seconds): 1.002195 Stroke: 0
777	  1.7685	MovieFrame	2	53
10	  1.7736	  24.0979	0.4309	0.4038	0.4278	0.4325	-1	0.2063	0.2043	1	2.5355	  1.7713	   2.1917	0.5153	0.4369	0.5192	0.4623	1	0.2183	0.2106	1	2.5355	 -0.38	  0.56	  8.21	106 Game time (seconds): 1.011181 Stroke: 0
10	  1.7828	   9.2318	0.4334	0.4051	0.4300	0.4215	-1	0.2036	0.2014	1	2.5447	  1.7713	   2.1917	0.5153	0.4369	0.5192	0.4623	1	0.2183	0.2106	1	2.5355	 -0.36	  0.62	  8.25	107 Game time (seconds): 1.033383 Stroke: 0
777	  1.8018	MovieFrame	2	54
10	  1.8070	  24.1432	0.4314	0.4056	0.4306	0.4152	-1	0.2035	0.1982	1	2.5689	  1.8046	   2.1978	0.5192	0.4403	0.5186	0.4486	1	0.2144	0.2082	1	2.5689	 -0.36	  0.73	  8.27	108 Game time (seconds): 1.044252 Stroke: 0
10	  1.8161	   9.1941	0.4309	0.4068	0.4307	0.4118	-1	0.2026	0.1967	1	2.5780	  1.8046	   2.1978	0.5192	0.4403	0.5186	0.4486	1	0.2144	0.2082	1	2.5689	 -0.36	  0.75	  8.27	109 Game time (seconds): 1.066605 Stroke: 0
777	  1.8352	MovieFrame	2	55
10	  1.8404	  24.2660	0.4303	0.4051	0.4305	0.4092	-1	0.2030	0.1958	1	2.6023	  1.8380	   2.1685	0.5214	0.4392	0.5201	0.4432	1	0.2158	0.2095	1	2.6022	 -0.35	  0.79	  8.24	110 Game time (seconds): 1.075568 Stroke: 0
10	  1.8496	   9.1773	0.4290	0.4073	0.4299	0.4084	-1	0.2031	0.1978	1	2.6115	  1.8380	   2.1685	0.5214	0.4392	0.5201	0.4432	1	0.2158	0.2095	1	2.6022	 -0.36	  0.79	  8.23	111 Game time (seconds): 1.099419 Stroke: 0
777	  1.8686	MovieFrame	2	56
10	  1.8738	  24.2569	0.4291	0.4067	0.4296	0.4077	-1	0.2009	0.1973	1	2.6357	  1.8715	   2.1451	0.5220	0.4411	0.5213	0.4423	1	0.2132	0.2082	1	2.6358	 -0.35	  0.80	  8.21	112 Game time (seconds): 1.111605 Stroke: 0
10	  1.8829	   9.0391	0.4281	0.4092	0.4290	0.4083	-1	0.2036	0.1981	1	2.6448	  1.8715	   2.1451	0.5220	0.4411	0.5213	0.4423	1	0.2132	0.2082	1	2.6358	 -0.35	  0.80	  8.20	113 Game time (seconds): 1.135366 Stroke: 0
777	  1.9019	MovieFrame	2	57
10	  1.9071	  24.2537	0.4278	0.4087	0.4285	0.4084	-1	0.2021	0.1964	1	2.6690	  1.9048	   2.2395	0.5225	0.4431	0.5221	0.4432	1	0.2110	0.2074	1	2.6690	 -0.35	  0.79	  8.18	114 Game time (seconds): 1.144086 Stroke: 0
10	  1.9162	   9.0909	0.4272	0.4109	0.4280	0.4094	-1	0.2017	0.1971	1	2.6781	  1.9048	   2.2395	0.5225	0.4431	0.5221	0.4432	1	0.2110	0.2074	1	2.6690	 -0.36	  0.79	  8.17	115 Game time (seconds): 1.167801 Stroke: 0
777	  1.9351	MovieFrame	2	58
10	  1.9403	  24.0887	0.4273	0.4085	0.4277	0.4090	-1	0.2031	0.1978	1	2.7022	  1.9381	   2.3125	0.5223	0.4443	0.5222	0.4442	1	0.2071	0.2040	1	2.7023	 -0.36	  0.79	  8.16	116 Game time (seconds): 1.175685 Stroke: 0
10	  1.9496	   9.3192	0.4268	0.4102	0.4274	0.4095	-1	0.2015	0.1968	1	2.7115	  1.9381	   2.3125	0.5223	0.4443	0.5222	0.4442	1	0.2071	0.2040	1	2.7023	 -0.36	  0.78	  8.16	117 Game time (seconds): 1.198694 Stroke: 0
777	  1.9686	MovieFrame	2	59
10	  1.9738	  24.1642	0.4271	0.4073	0.4273	0.4087	-1	0.2034	0.1970	1	2.7357	  1.9715	   2.2108	0.5231	0.4428	0.5226	0.4438	1	0.2083	0.2054	1	2.7357	 -0.36	  0.79	  8.15	118 Game time (seconds): 1.211862 Stroke: 0
10	  1.9829	   9.1167	0.4266	0.4093	0.4270	0.4089	-1	0.2001	0.1965	1	2.7448	  1.9715	   2.2108	0.5231	0.4428	0.5226	0.4438	1	0.2083	0.2054	1	2.7357	 -0.36	  0.79	  8.14	119 Game time (seconds): 1.235272 Stroke: 0
777	  2.0018	MovieFrame	2	60
10	  2.0071	  24.1333	0.4272	0.4096	0.4271	0.4092	-1	0.2014	0.1976	1	2.7690	  2.0047	   2.1928	0.5240	0.4534	0.5233	0.4479	1	0.2081	0.2004	1	2.7689	 -0.35	  0.77	  8.14	120 Game time (seconds): 1.241647 Stroke: 0
10	  2.0164	   9.2988	0.4493	0.4741	0.4360	0.4352	-1	0.2026	0.1966	1	2.7782	  2.0047	   2.1928	0.5240	0.4534	0.5233	0.4479	1	0.2081	0.2004	1	2.7689	 -0.29	  0.63	  8.28	121 Game time (seconds): 1.267859 Stroke: 0
777	  2.0353	MovieFrame	2	61
10	  2.0406	  24.2059	0.4742	0.5364	0.4513	0.4756	1	0.1994	0.1948	1	2.8025	  2.0382	   2.1580	0.5400	0.5830	0.5316	0.5204	1	0.1987	0.1955	1	2.8024	 -0.12	  0.02	  8.40	122 Game time (seconds): 1.276183 Stroke: 0
10	  2.0497	   9.1162	0.4796	0.5771	0.4626	0.5162	1	0.2027	0.1856	1	2.8116	  2.0382	   2.1580	0.5400	0.5830	0.5316	0.5204	1	0.1987	0.1955	1	2.8024	 -0.04	 -0.20	  8.59	123 Game time (seconds): 1.299282 Stroke: 0
777	  2.0686	MovieFrame	2	62
10	  2.0739	  24.2125	0.4748	0.5683	0.4675	0.5371	1	0.2033	0.1860	1	2.8358	  2.0716	   2.2213	0.5426	0.5985	0.5379	0.5729	-1	0.2005	0.1889	1	2.8358	  0.04	 -0.59	  8.56	124 Game time (seconds): 1.312356 Stroke: 0
10	  2.0831	   9.1722	0.4735	0.5707	0.4699	0.5505	1	0.2041	0.1868	1	2.8450	  2.0716	   2.2213	0.5426	0.5985	0.5379	0.5729	-1	0.2005	0.1889	1	2.8358	  0.06	 -0.66	  8.61	125 Game time (seconds): 1.336632 Stroke: 0
777	  2.1022	MovieFrame	2	63
10	  2.1072	  24.1074	0.4713	0.5682	0.4705	0.5576	1	0.2039	0.1914	1	2.8691	  2.1049	   2.3130	0.5439	0.5976	0.5413	0.5898	-1	0.2014	0.1884	1	2.8691	  0.08	 -0.79	  8.56	126 Game time (seconds): 1.345271 Stroke: 0
10	  2.1164	   9.2495	0.4698	0.5724	0.4702	0.5635	1	0.2034	0.1917	1	2.8783	  2.1049	   2.3130	0.5439	0.5976	0.5413	0.5898	-1	0.2014	0.1884	1	2.8691	  0.08	 -0.82	  8.55	127 Game time (seconds): 1.36912 Stroke: 0
777	  2.1354	MovieFrame	2	64
10	  2.1406	  24.1566	0.4678	0.5705	0.4692	0.5663	1	0.2055	0.1943	1	2.9025	  2.1383	   2.1867	0.5460	0.5968	0.5440	0.5950	-1	0.2014	0.1910	1	2.9025	  0.09	 -0.86	  8.49	128 Game time (seconds): 1.377554 Stroke: 0
10	  2.1497	   9.1653	0.4669	0.5719	0.4683	0.5686	-1	0.2051	0.1931	1	2.9116	  2.1383	   2.1867	0.5460	0.5968	0.5440	0.5950	-1	0.2014	0.1910	1	2.9025	  0.09	 -0.88	  8.47	129 Game time (seconds): 1.400997 Stroke: 0
777	  2.1688	MovieFrame	2	65
10	  2.1741	  24.3227	0.4661	0.5708	0.4674	0.5695	-1	0.2066	0.1891	1	2.9360	  2.1718	   2.2474	0.5467	0.5974	0.5454	0.5969	-1	0.2018	0.1918	1	2.9360	  0.09	 -0.89	  8.43	130 Game time (seconds): 1.409853 Stroke: 0
10	  2.1832	   9.1162	0.4642	0.5745	0.4661	0.5715	-1	0.2063	0.1929	1	2.9451	  2.1718	   2.2474	0.5467	0.5974	0.5454	0.5969	-1	0.2018	0.1918	1	2.9360	  0.08	 -0.90	  8.41	131 Game time (seconds): 1.436483 Stroke: 0
777	  2.2021	MovieFrame	2	66
10	  2.2072	  23.9986	0.4634	0.5729	0.4650	0.5721	-1	0.2064	0.1901	1	2.9691	  2.2049	   2.1997	0.5462	0.6006	0.5460	0.5991	-1	0.2025	0.1956	1	2.9691	  0.08	 -0.92	  8.38	132 Game time (seconds): 1.442562 Stroke: 0
10	  2.2165	   9.3126	0.4606	0.5938	0.4633	0.5807	-1	0.2061	0.1868	1	2.9784	  2.2049	   2.1997	0.5462	0.6006	0.5460	0.5991	-1	0.2025	0.1956	1	2.9691	  0.07	 -0.96	  8.35	133 Game time (seconds): 1.470444 Stroke: 0
777	  2.2352	MovieFrame	2	67
10	  2.2405	  23.9936	0.4618	0.5883	0.4627	0.5838	-1	0.2041	0.1869	1	3.0024	  2.2382	   2.1950	0.5434	0.6128	0.5441	0.6093	-1	0.2062	0.1917	1	3.0024	  0.05	 -1.03	  8.38	134 Game time (seconds): 1.478865 Stroke: 0
10	  2.2498	   9.3277	0.4605	0.5899	0.4618	0.5862	-1	0.2062	0.1863	1	3.0117	  2.2382	   2.1950	0.5434	0.6128	0.5441	0.6093	-1	0.2062	0.1917	1	3.0024	  0.04	 -1.05	  8.36	135 Game time (seconds): 1.503101 Stroke: 0
777	  2.2687	MovieFrame	2	68
10	  2.2741	  24.3059	0.4602	0.5892	0.4611	0.5874	-1	0.2069	0.1875	1	3.0360	  2.2718	   2.1782	0.5447	0.6150	0.5443	0.6131	-1	0.2071	0.1957	1	3.0360	  0.04	 -1.07	  8.35	136 Game time (seconds): 1.512135 Stroke: 0
10	  2.2832	   9.1209	0.4597	0.5909	0.4606	0.5888	-1	0.2062	0.1880	1	3.0451	  2.2718	   2.1782	0.5447	0.6150	0.5443	0.6131	-1	0.2071	0.1957	1	3.0360	  0.03	 -1.08	  8.34	137 Game time (seconds): 1.53239 Stroke: 0
777	  2.3030	MovieFrame	2	69
10	  2.3075	  24.3109	0.4596	0.5888	0.4602	0.5888	-1	0.2068	0.1882	1	3.0694	  2.3052	   2.1886	0.5454	0.6154	0.5449	0.6149	-1	0.2073	0.1960	1	3.0694	  0.04	 -1.09	  8.32	138 Game time (seconds): 1.541435 Stroke: 0
10	  2.3166	   9.0619	0.4597	0.5894	0.4600	0.5890	-1	0.2059	0.1868	1	3.0785	  2.3052	   2.1886	0.5454	0.6154	0.5449	0.6149	-1	0.2073	0.1960	1	3.0694	  0.03	 -1.09	  8.32	139 Game time (seconds): 1.564232 Stroke: 0
777	  2.3365	MovieFrame	2	70
10	  2.3408	  24.2327	0.4599	0.5867	0.4599	0.5881	-1	0.2058	0.1887	1	3.1027	  2.3385	   2.1917	0.5458	0.6151	0.5455	0.6154	-1	0.2073	0.1968	1	3.1027	  0.04	 -1.09	  8.31	140 Game time (seconds): 1.575308 Stroke: 0
10	  2.3500	   9.1133	0.4603	0.5868	0.4601	0.5876	-1	0.2046	0.1881	1	3.1119	  2.3385	   2.1917	0.5458	0.6151	0.5455	0.6154	-1	0.2073	0.1968	1	3.1027	  0.04	 -1.09	  8.31	141 Game time (seconds): 1.602468 Stroke: 0
777	  2.3695	MovieFrame	2	71
10	  2.3739	  23.9342	0.4553	0.5846	0.4582	0.5864	-1	0.2057	0.1853	1	3.1358	  2.3718	   2.2786	0.5372	0.6149	0.5424	0.6154	-1	0.2071	0.1947	1	3.1360	  0.00	 -1.08	  8.33	142 Game time (seconds): 1.608841 Stroke: 0
10	  2.3833	   9.4491	0.4462	0.5866	0.4534	0.5865	-1	0.2044	0.1852	1	3.1452	  2.3718	   2.2786	0.5372	0.6149	0.5424	0.6154	-1	0.2071	0.1947	1	3.1360	 -0.03	 -1.08	  8.25	143 Game time (seconds): 1.635568 Stroke: 0
777	  2.4025	MovieFrame	2	72
10	  2.4077	  24.3754	0.4468	0.5857	0.4508	0.5861	-1	0.2054	0.1856	1	3.1696	  2.4055	   2.3237	0.5327	0.6151	0.5363	0.6155	-1	0.2111	0.1967	1	3.1697	 -0.09	 -1.08	  8.31	144 Game time (seconds): 1.643491 Stroke: 0
10	  2.4167	   9.0112	0.4458	0.5865	0.4488	0.5863	-1	0.2056	0.1865	1	3.1786	  2.4055	   2.3237	0.5327	0.6151	0.5363	0.6155	-1	0.2111	0.1967	1	3.1697	 -0.11	 -1.08	  8.27	145 Game time (seconds): 1.664591 Stroke: 0
777	  2.4356	MovieFrame	2	73
10	  2.4411	  24.3939	0.4457	0.5834	0.4475	0.5851	-1	0.2044	0.1869	1	3.2030	  2.4387	   2.3092	0.5326	0.6136	0.5339	0.6149	-1	0.2111	0.1964	1	3.2030	 -0.13	 -1.07	  8.29	146 Game time (seconds): 1.679883 Stroke: 0
10	  2.4500	   8.9034	0.4455	0.5857	0.4467	0.5853	-1	0.2049	0.1873	1	3.2119	  2.4387	   2.3092	0.5326	0.6136	0.5339	0.6149	-1	0.2111	0.1964	1	3.2030	 -0.14	 -1.07	  8.28	147 Game time (seconds): 1.699456 Stroke: 0
777	  2.4691	MovieFrame	2	74
10	  2.4741	  24.0960	0.4439	0.5829	0.4456	0.5844	-1	0.2043	0.1874	1	3.2360	  2.4718	   2.2161	0.5329	0.6121	0.5332	0.6137	-1	0.2128	0.1993	1	3.2360	 -0.15	 -1.06	  8.27	148 Game time (seconds): 1.710146 Stroke: 0
10	  2.4834	   9.2625	0.4441	0.5854	0.4450	0.5848	-1	0.2043	0.1850	1	3.2453	  2.4718	   2.2161	0.5329	0.6121	0.5332	0.6137	-1	0.2128	0.1993	1	3.2360	 -0.16	 -1.06	  8.26	149 Game time (seconds): 1.732447 Stroke: 0
777	  2.5024	MovieFrame	2	75
10	  2.5076	  24.2515	0.4435	0.5823	0.4444	0.5838	-1	0.2044	0.1866	1	3.2695	  2.5052	   2.2891	0.5328	0.6114	0.5329	0.6129	-1	0.2127	0.1997	1	3.2694	 -0.16	 -1.05	  8.26	150 Game time (seconds): 1.740627 Stroke: 0
10	  2.5168	   9.1781	0.4438	0.5829	0.4442	0.5834	-1	0.2049	0.1876	1	3.2787	  2.5052	   2.2891	0.5328	0.6114	0.5329	0.6129	-1	0.2127	0.1997	1	3.2694	 -0.16	 -1.05	  8.26	151 Game time (seconds): 1.767331 Stroke: 0
777	  2.5363	MovieFrame	2	76
10	  2.5411	  24.2538	0.4441	0.5802	0.4441	0.5822	-1	0.2040	0.1862	1	3.3030	  2.5387	   2.1765	0.5330	0.6107	0.5331	0.6120	-1	0.2123	0.2005	1	3.3029	 -0.16	 -1.04	  8.25	152 Game time (seconds): 1.775573 Stroke: 0
10	  2.5502	   9.0910	0.4463	0.5816	0.4450	0.5819	-1	0.2062	0.1880	1	3.3121	  2.5387	   2.1765	0.5330	0.6107	0.5331	0.6120	-1	0.2123	0.2005	1	3.3029	 -0.16	 -1.04	  8.27	153 Game time (seconds): 1.802541 Stroke: 0
777	  2.5693	MovieFrame	2	77
10	  2.5743	  24.1702	0.4770	0.5684	0.4578	0.5765	-1	0.2003	0.1836	1	3.3362	  2.5721	   2.2411	0.5711	0.6014	0.5498	0.6080	-1	0.2057	0.1984	1	3.3363	  0.05	 -0.99	  8.20	154 Game time (seconds): 1.809167 Stroke: 0
10	  2.5834	   9.0713	0.5198	0.5681	0.4826	0.5732	1	0.1953	0.1890	1	3.3453	  2.5721	   2.2411	0.5711	0.6014	0.5498	0.6080	-1	0.2057	0.1984	1	3.3363	  0.23	 -0.97	  8.62	155 Game time (seconds): 1.833773 Stroke: 0
777	  2.6023	MovieFrame	2	78
10	  2.6075	  24.1304	0.5442	0.5645	0.5073	0.5697	1	0.1962	0.1953	1	3.3694	  2.6052	   2.1965	0.6163	0.5970	0.5907	0.6018	-1	0.2020	0.1942	1	3.3694	  0.70	 -0.92	  8.34	156 Game time (seconds): 1.843007 Stroke: 0
10	  2.6169	   9.3316	0.5410	0.5649	0.5208	0.5678	1	0.1977	0.1945	1	3.3788	  2.6052	   2.1965	0.6163	0.5970	0.5907	0.6018	-1	0.2020	0.1942	1	3.3694	  0.80	 -0.91	  8.57	157 Game time (seconds): 1.867138 Stroke: 0
777	  2.6362	MovieFrame	2	79
10	  2.6412	  24.3170	0.5405	0.5627	0.5287	0.5657	1	0.1973	0.1940	1	3.4031	  2.6388	   2.2633	0.6178	0.5965	0.6077	0.5986	-1	0.2054	0.1921	1	3.4030	  0.97	 -0.88	  8.42	158 Game time (seconds): 1.875613 Stroke: 0
10	  2.6503	   9.0768	0.5390	0.5636	0.5328	0.5649	1	0.1983	0.1955	1	3.4121	  2.6388	   2.2633	0.6178	0.5965	0.6077	0.5986	-1	0.2054	0.1921	1	3.4030	  1.00	 -0.88	  8.49	159 Game time (seconds): 1.898737 Stroke: 0
777	  2.6697	MovieFrame	2	80
10	  2.6745	  24.2608	0.5395	0.5625	0.5355	0.5639	1	0.1981	0.1960	1	3.4364	  2.6722	   2.2119	0.6184	0.5954	0.6143	0.5969	-1	0.2062	0.1930	1	3.4364	  1.07	 -0.86	  8.42	160 Game time (seconds): 1.909723 Stroke: 0
10	  2.6836	   9.0901	0.5385	0.5638	0.5367	0.5639	-1	0.2003	0.1962	1	3.4455	  2.6722	   2.2119	0.6184	0.5954	0.6143	0.5969	-1	0.2062	0.1930	1	3.4364	  1.08	 -0.86	  8.44	161 Game time (seconds): 1.93596 Stroke: 0
777	  2.7028	MovieFrame	2	81
10	  2.7077	  24.1354	0.5374	0.5631	0.5370	0.5636	-1	0.1999	0.1973	1	3.4696	  2.7055	   2.2541	0.6197	0.5934	0.6177	0.5954	-1	0.2041	0.1966	1	3.4697	  1.10	 -0.85	  8.39	162 Game time (seconds): 1.945832 Stroke: 0
10	  2.7170	   9.2357	0.5365	0.5612	0.5368	0.5626	1	0.2027	0.1940	1	3.4789	  2.7055	   2.2541	0.6197	0.5934	0.6177	0.5954	-1	0.2041	0.1966	1	3.4697	  1.10	 -0.85	  8.39	163 Game time (seconds): 1.968965 Stroke: 0
777	  2.7359	MovieFrame	2	82
10	  2.7413	  24.3023	0.4992	0.4951	0.5218	0.5356	1	0.2092	0.2031	1	3.5032	  2.7390	   2.3291	0.5652	0.5113	0.5950	0.5585	-1	0.2213	0.2037	1	3.5032	  0.83	 -0.50	  8.51	164 Game time (seconds): 1.977448 Stroke: 0
10	  2.7503	   9.0316	0.4645	0.4276	0.4989	0.4924	1	0.2166	0.2085	1	3.5122	  2.7390	   2.3291	0.5652	0.5113	0.5950	0.5585	-1	0.2213	0.2037	1	3.5032	  0.67	 -0.27	  8.14	165 Game time (seconds): 2.002398 Stroke: 0
777	  2.7694	MovieFrame	2	83
10	  2.7753	  24.9929	0.4478	0.3869	0.4784	0.4502	1	0.2491	0.2094	1	3.5372	  2.7729	   3.0036	0.5086	0.4461	0.5434	0.4909	1	0.2270	0.2154	1	3.5372	  0.16	  0.32	  8.66	166 Game time (seconds): 2.01183 Stroke: 0
10	  2.7836	   8.3244	0.4387	0.4034	0.4625	0.4315	-1	0.2163	0.2105	1	3.5455	  2.7729	   3.0036	0.5086	0.4461	0.5434	0.4909	1	0.2270	0.2154	1	3.5372	  0.04	  0.42	  8.39	167 Game time (seconds): 2.033541 Stroke: 0
777	  2.8026	MovieFrame	2	84
10	  2.8080	  24.3623	0.4347	0.4024	0.4514	0.4198	-1	0.2190	0.2107	1	3.5699	  2.8055	   2.2052	0.5130	0.4491	0.5236	0.4640	1	0.2284	0.2138	1	3.5697	 -0.18	  0.62	  8.53	168 Game time (seconds): 2.04151 Stroke: 0
10	  2.8170	   9.0001	0.4346	0.4082	0.4447	0.4152	-1	0.2128	0.2093	1	3.5789	  2.8055	   2.2052	0.5130	0.4491	0.5236	0.4640	1	0.2284	0.2138	1	3.5697	 -0.23	  0.65	  8.42	169 Game time (seconds): 2.068038 Stroke: 0
777	  2.8359	MovieFrame	2	85
10	  2.8418	  24.8405	0.4337	0.4070	0.4403	0.4119	-1	0.2115	0.2090	1	3.6037	  2.8395	   2.9628	0.5157	0.4516	0.5183	0.4564	1	0.2290	0.2142	1	3.6037	 -0.30	  0.71	  8.43	170 Game time (seconds): 2.076471 Stroke: 0
10	  2.8504	   8.5662	0.4326	0.4095	0.4372	0.4110	-1	0.2110	0.2075	1	3.6123	  2.8395	   2.9628	0.5157	0.4516	0.5183	0.4564	1	0.2290	0.2142	1	3.6037	 -0.32	  0.71	  8.38	171 Game time (seconds): 2.099862 Stroke: 0
777	  2.8698	MovieFrame	2	86
10	  2.8744	  24.0030	0.4318	0.4080	0.4351	0.4098	-1	0.2089	0.2066	1	3.6363	  2.8722	   2.2143	0.5189	0.4514	0.5184	0.4539	1	0.2293	0.2167	1	3.6364	 -0.33	  0.73	  8.34	172 Game time (seconds): 2.109497 Stroke: 0
10	  2.8837	   9.3074	0.4309	0.4095	0.4334	0.4097	-1	0.2113	0.2076	1	3.6456	  2.8722	   2.2143	0.5189	0.4514	0.5184	0.4539	1	0.2293	0.2167	1	3.6364	 -0.34	  0.73	  8.32	173 Game time (seconds): 2.135668 Stroke: 0
777	  2.9032	MovieFrame	2	87
10	  2.9081	  24.4052	0.4299	0.4073	0.4320	0.4087	-1	0.2100	0.2059	1	3.6700	  2.9058	   2.2267	0.5199	0.4523	0.5192	0.4534	1	0.2291	0.2169	1	3.6700	 -0.35	  0.74	  8.28	174 Game time (seconds): 2.144235 Stroke: 0
10	  2.9173	   9.1887	0.4293	0.4097	0.4309	0.4091	-1	0.2109	0.2082	1	3.6792	  2.9058	   2.2267	0.5199	0.4523	0.5192	0.4534	1	0.2291	0.2169	1	3.6700	 -0.36	  0.74	  8.26	175 Game time (seconds): 2.164596 Stroke: 0
777	  2.9360	MovieFrame	2	88
10	  2.9421	  24.7773	0.4291	0.4069	0.4302	0.4082	-1	0.2134	0.2105	1	3.7040	  2.9398	   3.0047	0.5205	0.4535	0.5201	0.4540	1	0.2278	0.2160	1	3.7040	 -0.36	  0.74	  8.24	176 Game time (seconds): 2.179159 Stroke: 0
10	  2.9506	   8.4831	0.4288	0.4098	0.4296	0.4088	-1	0.2119	0.2079	1	3.7125	  2.9398	   3.0047	0.5205	0.4535	0.5201	0.4540	1	0.2278	0.2160	1	3.7040	 -0.36	  0.73	  8.23	177 Game time (seconds): 2.202871 Stroke: 0
777	  2.9700	MovieFrame	2	89
10	  2.9748	  24.2442	0.4281	0.4072	0.4290	0.4082	-1	0.2131	0.2094	1	3.7367	  2.9730	   2.7240	0.5210	0.4549	0.5207	0.4549	1	0.2282	0.2157	1	3.7372	 -0.36	  0.73	  8.21	178 Game time (seconds): 2.212202 Stroke: 0
10	  2.9838	   9.0176	0.4261	0.4067	0.4278	0.4076	-1	0.2121	0.2058	1	3.7457	  2.9730	   2.7240	0.5210	0.4549	0.5207	0.4549	1	0.2282	0.2157	1	3.7372	 -0.37	  0.74	  8.19	179 Game time (seconds): 2.23523 Stroke: 0
777	  3.0028	MovieFrame	2	90
10	  3.0078	  24.0037	0.4245	0.3967	0.4265	0.4033	-1	0.2113	0.2076	1	3.7697	  3.0055	   2.2260	0.5138	0.4455	0.5168	0.4503	1	0.2279	0.2159	1	3.7697	 -0.41	  0.78	  8.23	180 Game time (seconds): 2.243547 Stroke: 0
10	  3.0172	   9.3640	0.4238	0.4019	0.4254	0.4027	-1	0.2105	0.2062	1	3.7791	  3.0055	   2.2260	0.5138	0.4455	0.5168	0.4503	1	0.2279	0.2159	1	3.7697	 -0.41	  0.79	  8.21	181 Game time (seconds): 2.269332 Stroke: 0
777	  3.0367	MovieFrame	2	91
10	  3.0415	  24.2702	0.4226	0.3996	0.4243	0.4015	-1	0.2118	0.2082	1	3.8034	  3.0393	   2.3095	0.5144	0.4448	0.5152	0.4474	1	0.2259	0.2158	1	3.8035	 -0.43	  0.81	  8.22	182 Game time (seconds): 2.277507 Stroke: 0
10	  3.0506	   9.1229	0.4223	0.4013	0.4235	0.4014	-1	0.2107	0.2067	1	3.8125	  3.0393	   2.3095	0.5144	0.4448	0.5152	0.4474	1	0.2259	0.2158	1	3.8035	 -0.44	  0.81	  8.21	183 Game time (seconds): 2.302113 Stroke: 0
777	  3.0696	MovieFrame	2	92
10	  3.0746	  23.9973	0.4214	0.3993	0.4227	0.4006	-1	0.2108	0.2062	1	3.8365	  3.0724	   2.1849	0.5144	0.4447	0.5146	0.4461	1	0.2254	0.2154	1	3.8366	 -0.45	  0.82	  8.20	184 Game time (seconds): 2.313712 Stroke: 0
10	  3.0839	   9.3658	0.4212	0.4012	0.4221	0.4008	-1	0.2070	0.2039	1	3.8458	  3.0724	   2.1849	0.5144	0.4447	0.5146	0.4461	1	0.2254	0.2154	1	3.8366	 -0.45	  0.82	  8.19	185 Game time (seconds): 2.336793 Stroke: 0
777	  3.1027	MovieFrame	2	93
10	  3.1081	  24.1965	0.4203	0.3989	0.4214	0.4000	-1	0.2092	0.2049	1	3.8700	  3.1058	   2.2875	0.5144	0.4441	0.5144	0.4451	1	0.2243	0.2146	1	3.8700	 -0.46	  0.83	  8.19	186 Game time (seconds): 2.341959 Stroke: 0
10	  3.1173	   9.1257	0.4205	0.4003	0.4210	0.4001	-1	0.2061	0.2030	1	3.8792	  3.1058	   2.2875	0.5144	0.4441	0.5144	0.4451	1	0.2243	0.2146	1	3.8700	 -0.46	  0.83	  8.18	187 Game time (seconds): 2.367624 Stroke: 0
777	  3.1363	MovieFrame	2	94
10	  3.1415	  24.2196	0.4203	0.3978	0.4207	0.3992	-1	0.2080	0.2047	1	3.9034	  3.1392	   2.2608	0.5145	0.4438	0.5145	0.4446	1	0.2227	0.2131	1	3.9034	 -0.46	  0.84	  8.17	188 Game time (seconds): 2.376449 Stroke: 0
10	  3.1506	   9.1529	0.4207	0.3995	0.4207	0.3993	-1	0.2046	0.2019	1	3.9125	  3.1392	   2.2608	0.5145	0.4438	0.5145	0.4446	1	0.2227	0.2131	1	3.9034	 -0.46	  0.84	  8.17	189 Game time (seconds): 2.400551 Stroke: 0
777	  3.1696	MovieFrame	2	95
10	  3.1749	  24.2898	0.4199	0.3978	0.4204	0.3987	-1	0.2069	0.2035	1	3.9368	  3.1726	   2.2718	0.5153	0.4437	0.5149	0.4443	1	0.2242	0.2146	1	3.9368	 -0.46	  0.84	  8.16	190 Game time (seconds): 2.410589 Stroke: 0
10	  3.1840	   9.1144	0.4194	0.4007	0.4200	0.3995	-1	0.2075	0.2044	1	3.9459	  3.1726	   2.2718	0.5153	0.4437	0.5149	0.4443	1	0.2242	0.2146	1	3.9368	 -0.46	  0.84	  8.16	191 Game time (seconds): 2.433909 Stroke: 0
777	  3.2029	MovieFrame	2	96
10	  3.2081	  24.0326	0.4196	0.3988	0.4198	0.3992	-1	0.2076	0.2024	1	3.9700	  3.2060	   2.3552	0.5163	0.4452	0.5157	0.4453	1	0.2231	0.2113	1	3.9702	 -0.46	  0.83	  8.14	192 Game time (seconds): 2.441252 Stroke: 0
10	  3.2175	   9.3770	0.4198	0.4012	0.4198	0.4000	-1	0.2070	0.2037	1	3.9794	  3.2060	   2.3552	0.5163	0.4452	0.5157	0.4453	1	0.2231	0.2113	1	3.9702	 -0.46	  0.83	  8.14	193 Game time (seconds): 2.468374 Stroke: 0
777	  3.2367	MovieFrame	2	97
10	  3.2415	  24.0606	0.4201	0.3991	0.4199	0.3996	-1	0.2090	0.2045	1	4.0034	  3.2396	   2.5631	0.5169	0.4465	0.5164	0.4464	1	0.2224	0.2099	1	4.0038	 -0.45	  0.83	  8.13	194 Game time (seconds): 2.476699 Stroke: 0
10	  3.2508	   9.2812	0.4198	0.4019	0.4199	0.4005	-1	0.2068	0.2025	1	4.0127	  3.2396	   2.5631	0.5169	0.4465	0.5164	0.4464	1	0.2224	0.2099	1	4.0038	 -0.45	  0.82	  8.13	195 Game time (seconds): 2.503428 Stroke: 0
777	  3.2699	MovieFrame	2	98
10	  3.2750	  24.2380	0.4202	0.4011	0.4200	0.4007	-1	0.2047	0.2011	1	4.0369	  3.2727	   2.2183	0.5178	0.4477	0.5172	0.4477	1	0.2217	0.2110	1	4.0369	 -0.45	  0.81	  8.12	196 Game time (seconds): 2.509632 Stroke: 0
10	  3.2841	   9.0642	0.4199	0.4025	0.4200	0.4014	-1	0.2068	0.2031	1	4.0460	  3.2727	   2.2183	0.5178	0.4477	0.5172	0.4477	1	0.2217	0.2110	1	4.0369	 -0.45	  0.81	  8.12	197 Game time (seconds): 2.53594 Stroke: 0
777	  3.3033	MovieFrame	2	99
10	  3.3083	  24.1842	0.4201	0.4009	0.4200	0.4012	-1	0.2077	0.2035	1	4.0702	  3.3060	   2.1849	0.5187	0.4485	0.5181	0.4484	1	0.2228	0.2087	1	4.0702	 -0.44	  0.81	  8.11	198 Game time (seconds): 2.545915 Stroke: 0
10	  3.3175	   9.2022	0.4205	0.4029	0.4202	0.4019	-1	0.2062	0.2020	1	4.0794	  3.3060	   2.1849	0.5187	0.4485	0.5181	0.4484	1	0.2228	0.2087	1	4.0702	 -0.44	  0.80	  8.11	199 Game time (seconds): 2.56936 Stroke: 0
777	  3.3368	MovieFrame	2	100
10	  3.3416	  24.0702	0.4199	0.4014	0.4201	0.4017	-1	0.2071	0.2040	1	4.1035	  3.3392	   2.1858	0.5194	0.4494	0.5190	0.4493	1	0.2222	0.2096	1	4.1034	 -0.44	  0.80	  8.09	200 Game time (seconds): 2.578407 Stroke: 0
10	  3.3508	   9.2888	0.4201	0.4046	0.4201	0.4029	-1	0.2066	0.2030	1	4.1127	  3.3392	   2.1858	0.5194	0.4494	0.5190	0.4493	1	0.2222	0.2096	1	4.1034	 -0.44	  0.79	  8.09	201 Game time (seconds): 2.602723 Stroke: 0
777	  3.3704	MovieFrame	2	101
10	  3.3752	  24.3231	0.4183	0.4023	0.4194	0.4026	-1	0.2065	0.2037	1	4.1371	  3.3729	   2.1992	0.5140	0.4472	0.5172	0.4487	1	0.2215	0.2094	1	4.1371	 -0.45	  0.80	  8.11	202 Game time (seconds): 2.612798 Stroke: 0
10	  3.3842	   9.0743	0.4099	0.4011	0.4156	0.4020	-1	0.2032	0.1978	1	4.1461	  3.3729	   2.1992	0.5140	0.4472	0.5172	0.4487	1	0.2215	0.2094	1	4.1371	 -0.48	  0.80	  8.05	203 Game time (seconds): 2.636255 Stroke: 0
777	  3.4034	MovieFrame	2	102
10	  3.4084	  24.1568	0.4101	0.3995	0.4134	0.4010	-1	0.2085	0.2023	1	4.1703	  3.4061	   2.2244	0.5094	0.4460	0.5120	0.4472	1	0.2206	0.2115	1	4.1703	 -0.53	  0.81	  8.10	204 Game time (seconds): 2.64644 Stroke: 0
10	  3.4176	   9.2260	0.4094	0.4010	0.4118	0.4010	-1	0.2089	0.2032	1	4.1795	  3.4061	   2.2244	0.5094	0.4460	0.5120	0.4472	1	0.2206	0.2115	1	4.1703	 -0.54	  0.81	  8.07	205 Game time (seconds): 2.670243 Stroke: 0
777	  3.4365	MovieFrame	2	103
10	  3.4416	  23.9590	0.4096	0.4001	0.4109	0.4007	-1	0.2077	0.2027	1	4.2035	  3.4393	   2.1683	0.5108	0.4436	0.5111	0.4455	1	0.2252	0.2151	1	4.2035	 -0.56	  0.82	  8.07	206 Game time (seconds): 2.67808 Stroke: 0
10	  3.4508	   9.2446	0.4102	0.4025	0.4106	0.4014	-1	0.2037	0.2011	1	4.2127	  3.4393	   2.1683	0.5108	0.4436	0.5111	0.4455	1	0.2252	0.2151	1	4.2035	 -0.56	  0.82	  8.07	207 Game time (seconds): 2.702888 Stroke: 0
777	  3.4704	MovieFrame	2	104
10	  3.4752	  24.3509	0.4099	0.4006	0.4103	0.4011	-1	0.2066	0.2026	1	4.2371	  3.4729	   2.3057	0.5111	0.4442	0.5110	0.4451	1	0.2242	0.2146	1	4.2371	 -0.56	  0.82	  8.07	208 Game time (seconds): 2.712759 Stroke: 0
10	  3.4844	   9.1765	0.4096	0.4015	0.4100	0.4012	-1	0.2087	0.2036	1	4.2463	  3.4729	   2.3057	0.5111	0.4442	0.5110	0.4451	1	0.2242	0.2146	1	4.2371	 -0.56	  0.82	  8.06	209 Game time (seconds): 2.736623 Stroke: 0
777	  3.5033	MovieFrame	2	105
10	  3.5086	  24.2070	0.4103	0.3981	0.4101	0.4000	-1	0.2073	0.2013	1	4.2705	  3.5062	   2.2497	0.5116	0.4434	0.5114	0.4447	1	0.2242	0.2139	1	4.2704	 -0.56	  0.83	  8.06	210 Game time (seconds): 2.747682 Stroke: 0
10	  3.5177	   9.1190	0.4099	0.4003	0.4100	0.4001	-1	0.2073	0.2033	1	4.2796	  3.5062	   2.2497	0.5116	0.4434	0.5114	0.4447	1	0.2242	0.2139	1	4.2704	 -0.56	  0.83	  8.06	211 Game time (seconds): 2.766423 Stroke: 0
777	  3.5375	MovieFrame	2	106
10	  3.5420	  24.3515	0.4113	0.3973	0.4105	0.3990	-1	0.2067	0.1982	1	4.3039	  3.5397	   2.2439	0.5120	0.4430	0.5117	0.4443	1	0.2243	0.2135	1	4.3039	 -0.56	  0.84	  8.06	212 Game time (seconds): 2.778728 Stroke: 0
10	  3.5510	   9.0034	0.4101	0.3992	0.4104	0.3991	-1	0.2084	0.2029	1	4.3129	  3.5397	   2.2439	0.5120	0.4430	0.5117	0.4443	1	0.2243	0.2135	1	4.3039	 -0.56	  0.84	  8.06	213 Game time (seconds): 2.800819 Stroke: 0
777	  3.5699	MovieFrame	2	107
10	  3.5751	  24.0399	0.4107	0.3960	0.4105	0.3978	-1	0.2095	0.2042	1	4.3370	  3.5728	   2.1488	0.5126	0.4429	0.5122	0.4439	1	0.2242	0.2142	1	4.3370	 -0.55	  0.85	  8.05	214 Game time (seconds): 2.810624 Stroke: 0
10	  3.5844	   9.3388	0.4107	0.3976	0.4106	0.3977	-1	0.2086	0.2019	1	4.3463	  3.5728	   2.1488	0.5126	0.4429	0.5122	0.4439	1	0.2242	0.2142	1	4.3370	 -0.55	  0.85	  8.05	215 Game time (seconds): 2.836028 Stroke: 0
777	  3.6036	MovieFrame	2	108
10	  3.6086	  24.1562	0.4105	0.3959	0.4106	0.3970	-1	0.2094	0.2032	1	4.3705	  3.6063	   2.2500	0.5125	0.4423	0.5125	0.4431	1	0.2239	0.2144	1	4.3705	 -0.55	  0.86	  8.05	216 Game time (seconds): 2.846189 Stroke: 0
10	  3.6179	   9.2877	0.4107	0.3977	0.4106	0.3973	-1	0.2113	0.2052	1	4.3798	  3.6063	   2.2500	0.5125	0.4423	0.5125	0.4431	1	0.2239	0.2144	1	4.3705	 -0.55	  0.85	  8.05	217 Game time (seconds): 2.870571 Stroke: 0
777	  3.6367	MovieFrame	2	109
10	  3.6420	  24.1181	0.4110	0.3960	0.4107	0.3968	-1	0.2095	0.2037	1	4.4039	  3.6396	   2.1883	0.5129	0.4432	0.5128	0.4433	1	0.2242	0.2137	1	4.4038	 -0.55	  0.86	  8.05	218 Game time (seconds): 2.879066 Stroke: 0
10	  3.6512	   9.1846	0.4115	0.3971	0.4111	0.3969	-1	0.2112	0.2041	1	4.4131	  3.6396	   2.1883	0.5129	0.4432	0.5128	0.4433	1	0.2242	0.2137	1	4.4038	 -0.54	  0.86	  8.05	219 Game time (seconds): 2.90034 Stroke: 0
777	  3.6703	MovieFrame	2	110
10	  3.6753	  24.1237	0.4110	0.3951	0.4110	0.3962	-1	0.2091	0.2031	1	4.4372	  3.6730	   2.2898	0.5127	0.4417	0.5129	0.4429	1	0.2241	0.2142	1	4.4372	 -0.54	  0.86	  8.05	220 Game time (seconds): 2.910146 Stroke: 0
10	  3.6846	   9.2647	0.4113	0.3955	0.4112	0.3959	-1	0.2102	0.2048	1	4.4464	  3.6730	   2.2898	0.5127	0.4417	0.5129	0.4429	1	0.2241	0.2142	1	4.4372	 -0.54	  0.86	  8.05	221 Game time (seconds): 2.936548 Stroke: 0
777	  3.7041	MovieFrame	2	111
10	  3.7089	  24.3481	0.4118	0.3930	0.4114	0.3948	-1	0.2085	0.2033	1	4.4708	  3.7065	   2.2360	0.5129	0.4401	0.5129	0.4417	1	0.2224	0.2139	1	4.4707	 -0.54	  0.88	  8.05	222 Game time (seconds): 2.941236 Stroke: 0
10	  3.7179	   8.9830	0.4113	0.3950	0.4114	0.3949	-1	0.2107	0.2052	1	4.4798	  3.7065	   2.2360	0.5129	0.4401	0.5129	0.4417	1	0.2224	0.2139	1	4.4707	 -0.54	  0.88	  8.05	223 Game time (seconds): 2.970405 Stroke: 0
777	  3.7369	MovieFrame	2	112
10	  3.7420	  24.1444	0.4115	0.3939	0.4114	0.3945	-1	0.2107	0.2041	1	4.5039	  3.7397	   2.2262	0.5125	0.4402	0.5127	0.4414	1	0.2224	0.2147	1	4.5039	 -0.54	  0.88	  8.06	224 Game time (seconds): 2.978494 Stroke: 0
10	  3.7512	   9.1657	0.4115	0.3948	0.4115	0.3946	-1	0.2110	0.2053	1	4.5131	  3.7397	   2.2262	0.5125	0.4402	0.5127	0.4414	1	0.2224	0.2147	1	4.5039	 -0.54	  0.88	  8.06	225 Game time (seconds): 3.002709 Stroke: 0
777	  3.7703	MovieFrame	2	113
10	  3.7753	  24.1178	0.4122	0.3904	0.4117	0.3929	-1	0.2120	0.2057	1	4.5372	  3.7730	   2.1721	0.5132	0.4376	0.5130	0.4400	1	0.2254	0.2180	1	4.5372	 -0.54	  0.90	  8.06	226 Game time (seconds): 3.013695 Stroke: 0
10	  3.7846	   9.3194	0.4120	0.3925	0.4119	0.3927	-1	0.2090	0.2056	1	4.5465	  3.7730	   2.1721	0.5132	0.4376	0.5130	0.4400	1	0.2254	0.2180	1	4.5372	 -0.54	  0.90	  8.06	227 Game time (seconds): 3.033107 Stroke: 0
777	  3.8037	MovieFrame	2	114
10	  3.8087	  24.0964	0.4128	0.3906	0.4122	0.3919	-1	0.2069	0.2041	1	4.5706	  3.8068	   2.6012	0.5133	0.4368	0.5131	0.4383	1	0.2258	0.2187	1	4.5710	 -0.53	  0.91	  8.06	228 Game time (seconds): 3.042726 Stroke: 0
10	  3.8178	   9.1012	0.4125	0.3921	0.4124	0.3920	-1	0.2092	0.2052	1	4.5797	  3.8068	   2.6012	0.5133	0.4368	0.5131	0.4383	1	0.2258	0.2187	1	4.5710	 -0.53	  0.91	  8.07	229 Game time (seconds): 3.065489 Stroke: 0
777	  3.8371	MovieFrame	2	115
10	  3.8424	  24.5826	0.4134	0.3872	0.4128	0.3901	-1	0.2111	0.2085	1	4.6043	  3.8400	   2.2409	0.5146	0.4338	0.5137	0.4363	1	0.2280	0.2184	1	4.6042	 -0.53	  0.93	  8.06	230 Game time (seconds): 3.079624 Stroke: 0
10	  3.8514	   8.9408	0.4143	0.3889	0.4134	0.3896	-1	0.2101	0.2056	1	4.6132	  3.8400	   2.2409	0.5146	0.4338	0.5137	0.4363	1	0.2280	0.2184	1	4.6042	 -0.52	  0.93	  8.07	231 Game time (seconds): 3.102664 Stroke: 0
777	  3.8706	MovieFrame	2	116
10	  3.8755	  24.1017	0.4142	0.3851	0.4137	0.3878	-1	0.2103	0.2087	1	4.6373	  3.8733	   2.3988	0.5144	0.4320	0.5141	0.4340	1	0.2286	0.2186	1	4.6375	 -0.52	  0.95	  8.07	232 Game time (seconds): 3.112911 Stroke: 0
10	  3.8847	   9.2833	0.4150	0.3870	0.4142	0.3875	-1	0.2097	0.2062	1	4.6466	  3.8733	   2.3988	0.5144	0.4320	0.5141	0.4340	1	0.2286	0.2186	1	4.6375	 -0.51	  0.96	  8.08	233 Game time (seconds): 3.135655 Stroke: 0
777	  3.9041	MovieFrame	2	117
10	  3.9091	  24.3233	0.4151	0.3839	0.4146	0.3860	-1	0.2098	0.2075	1	4.6710	  3.9068	   2.2561	0.5147	0.4303	0.5144	0.4321	1	0.2286	0.2198	1	4.6710	 -0.51	  0.97	  8.08	234 Game time (seconds): 3.144107 Stroke: 0
10	  3.9181	   9.0027	0.4156	0.3853	0.4150	0.3857	-1	0.2119	0.2092	1	4.6800	  3.9068	   2.2561	0.5147	0.4303	0.5144	0.4321	1	0.2286	0.2198	1	4.6710	 -0.50	  0.98	  8.09	235 Game time (seconds): 3.170288 Stroke: 0
777	  3.9373	MovieFrame	2	118
10	  3.9424	  24.2922	0.4158	0.3833	0.4153	0.3847	-1	0.2105	0.2081	1	4.7042	  3.9400	   2.2529	0.5151	0.4307	0.5148	0.4314	1	0.2282	0.2192	1	4.7042	 -0.50	  0.98	  8.08	236 Game time (seconds): 3.177885 Stroke: 0
10	  3.9514	   9.0466	0.4159	0.3867	0.4155	0.3855	-1	0.2094	0.2062	1	4.7133	  3.9400	   2.2529	0.5151	0.4307	0.5148	0.4314	1	0.2282	0.2192	1	4.7042	 -0.50	  0.98	  8.09	237 Game time (seconds): 3.202744 Stroke: 0
777	  3.9702	MovieFrame	2	119
10	  3.9756	  24.2330	0.4163	0.3857	0.4159	0.3856	-1	0.2112	0.2070	1	4.7375	  3.9732	   2.1877	0.5166	0.4306	0.5158	0.4313	1	0.2317	0.2228	1	4.7374	 -0.49	  0.98	  8.08	238 Game time (seconds): 3.212947 Stroke: 0
10	  3.9847	   9.1093	0.4165	0.3888	0.4161	0.3869	-1	0.2129	0.2089	1	4.7466	  3.9732	   2.1877	0.5166	0.4306	0.5158	0.4313	1	0.2317	0.2228	1	4.7374	 -0.49	  0.97	  8.08	239 Game time (seconds): 3.234119 Stroke: 0
777	  4.0038	MovieFrame	2	120
10	  4.0088	  24.0790	0.4173	0.3872	0.4166	0.3870	-1	0.2112	0.2079	1	4.7707	  4.0066	   2.2767	0.5179	0.4328	0.5169	0.4324	1	0.2317	0.2233	1	4.7708	 -0.47	  0.97	  8.07	240 Game time (seconds): 3.242454 Stroke: 0
10	  4.0181	   9.2418	0.4182	0.3902	0.4172	0.3883	-1	0.2140	0.2102	1	4.7800	  4.0066	   2.2767	0.5179	0.4328	0.5169	0.4324	1	0.2317	0.2233	1	4.7708	 -0.47	  0.96	  8.08	241 Game time (seconds): 3.26996 Stroke: 0
777	  4.0374	MovieFrame	2	121
10	  4.0425	  24.4131	0.4188	0.3888	0.4179	0.3885	-1	0.2152	0.2103	1	4.8044	  4.0402	   2.2987	0.5200	0.4329	0.5185	0.4334	1	0.2344	0.2252	1	4.8044	 -0.45	  0.95	  8.07	242 Game time (seconds): 3.277894 Stroke: 0
10	  4.0514	   8.9511	0.4190	0.3914	0.4183	0.3897	-1	0.2145	0.2097	1	4.8133	  4.0402	   2.2987	0.5200	0.4329	0.5185	0.4334	1	0.2344	0.2252	1	4.8044	 -0.45	  0.95	  8.07	243 Game time (seconds): 3.302169 Stroke: 0
777	  4.0705	MovieFrame	2	122
10	  4.0756	  24.1287	0.4196	0.3899	0.4188	0.3898	-1	0.2156	0.2111	1	4.8375	  4.0733	   2.2117	0.5229	0.4364	0.5211	0.4359	1	0.2347	0.2254	1	4.8375	 -0.43	  0.93	  8.04	244 Game time (seconds): 3.311719 Stroke: 0
10	  4.0848	   9.2311	0.4208	0.3921	0.4196	0.3907	-1	0.2142	0.2098	1	4.8467	  4.0733	   2.2117	0.5229	0.4364	0.5211	0.4359	1	0.2347	0.2254	1	4.8375	 -0.42	  0.93	  8.05	245 Game time (seconds): 3.335057 Stroke: 0
777	  4.1036	MovieFrame	2	123
10	  4.1089	  24.1241	0.4217	0.3918	0.4205	0.3911	-1	0.2125	0.2082	1	4.8708	  4.1068	   2.3545	0.5272	0.4391	0.5240	0.4380	1	0.2336	0.2221	1	4.8710	 -0.40	  0.92	  8.02	246 Game time (seconds): 3.343699 Stroke: 0
10	  4.1182	   9.2590	0.4486	0.3931	0.4317	0.3919	-1	0.2125	0.2007	1	4.8801	  4.1068	   2.3545	0.5272	0.4391	0.5240	0.4380	1	0.2336	0.2221	1	4.8710	 -0.32	  0.91	  8.20	247 Game time (seconds): 3.369357 Stroke: 0
777	  4.1372	MovieFrame	2	124
10	  4.1425	  24.2915	0.4758	0.3913	0.4493	0.3917	-1	0.2159	0.2098	1	4.9044	  4.1407	   2.7575	0.5749	0.4332	0.5527	0.4354	-1	0.2319	0.2148	1	4.9049	  0.01	  0.93	  8.02	248 Game time (seconds): 3.377476 Stroke: 0
10	  4.1516	   9.1344	0.4862	0.3948	0.4641	0.3929	-1	0.2161	0.2108	1	4.9135	  4.1407	   2.7575	0.5749	0.4332	0.5527	0.4354	-1	0.2319	0.2148	1	4.9049	  0.12	  0.92	  8.26	249 Game time (seconds): 3.402039 Stroke: 0
777	  4.1707	MovieFrame	2	125
10	  4.1758	  24.2472	0.4844	0.3935	0.4722	0.3931	-1	0.2161	0.2095	1	4.9377	  4.1736	   2.2785	0.5780	0.4346	0.5687	0.4350	-1	0.2315	0.2152	1	4.9378	  0.29	  0.92	  8.13	250 Game time (seconds): 3.412195 Stroke: 0
10	  4.1849	   9.0511	0.4835	0.3964	0.4767	0.3944	-1	0.2135	0.2079	1	4.9468	  4.1736	   2.2785	0.5780	0.4346	0.5687	0.4350	-1	0.2315	0.2152	1	4.9378	  0.32	  0.91	  8.20	251 Game time (seconds): 3.435333 Stroke: 0
777	  4.2046	MovieFrame	2	126
10	  4.2092	  24.3151	0.4835	0.3938	0.4794	0.3942	-1	0.2153	0.2095	1	4.9711	  4.2069	   2.1779	0.5766	0.4316	0.5740	0.4336	-1	0.2334	0.2157	1	4.9711	  0.38	  0.92	  8.16	252 Game time (seconds): 3.443806 Stroke: 0
10	  4.2183	   9.1161	0.4832	0.3948	0.4809	0.3944	-1	0.2163	0.2105	1	4.9802	  4.2069	   2.1779	0.5766	0.4316	0.5740	0.4336	-1	0.2334	0.2157	1	4.9711	  0.39	  0.92	  8.19	253 Game time (seconds): 3.471255 Stroke: 0
777	  4.2377	MovieFrame	2	127
10	  4.2425	  24.1438	0.4826	0.3933	0.4816	0.3940	-1	0.2161	0.2098	1	5.0044	  4.2405	   2.4016	0.5766	0.4302	0.5760	0.4321	-1	0.2319	0.2155	1	5.0047	  0.41	  0.93	  8.16	254 Game time (seconds): 3.478514 Stroke: 0
10	  4.2517	   9.2289	0.4815	0.3942	0.4816	0.3940	-1	0.2160	0.2052	1	5.0136	  4.2405	   2.4016	0.5766	0.4302	0.5760	0.4321	-1	0.2319	0.2155	1	5.0047	  0.41	  0.93	  8.16	255 Game time (seconds): 3.501139 Stroke: 0
777	  4.2709	MovieFrame	2	128
10	  4.2759	  24.2402	0.4820	0.3930	0.4818	0.3936	-1	0.2157	0.2097	1	5.0378	  4.2737	   2.2926	0.5767	0.4287	0.5765	0.4303	-1	0.2323	0.2156	1	5.0379	  0.42	  0.94	  8.16	256 Game time (seconds): 3.51065 Stroke: 0
10	  4.2851	   9.1869	0.4820	0.3936	0.4819	0.3936	-1	0.2166	0.2116	1	5.0470	  4.2737	   2.2926	0.5767	0.4287	0.5765	0.4303	-1	0.2323	0.2156	1	5.0379	  0.42	  0.94	  8.16	257 Game time (seconds): 3.537282 Stroke: 0
777	  4.3040	MovieFrame	2	129
10	  4.3091	  23.9974	0.4822	0.3911	0.4820	0.3926	-1	0.2149	0.2105	1	5.0710	  4.3068	   2.2417	0.5788	0.4246	0.5774	0.4277	-1	0.2383	0.2172	1	5.0710	  0.42	  0.96	  8.15	258 Game time (seconds): 3.546711 Stroke: 0
10	  4.3183	   9.1927	0.4926	0.3937	0.4863	0.3931	-1	0.2165	0.2083	1	5.0802	  4.3068	   2.2417	0.5788	0.4246	0.5774	0.4277	-1	0.2383	0.2172	1	5.0710	  0.45	  0.96	  8.22	259 Game time (seconds): 3.568783 Stroke: 0
777	  4.3375	MovieFrame	2	130
10	  4.3424	  24.0653	0.4935	0.3901	0.4891	0.3919	-1	0.2171	0.2083	1	5.1043	  4.3400	   2.2176	0.5887	0.4246	0.5849	0.4270	-1	0.2357	0.2183	1	5.1043	  0.53	  0.97	  8.14	260 Game time (seconds): 3.580597 Stroke: 0
10	  4.3518	   9.3865	0.4941	0.3915	0.4911	0.3917	-1	0.2182	0.2099	1	5.1137	  4.3400	   2.2176	0.5887	0.4246	0.5849	0.4270	-1	0.2357	0.2183	1	5.1043	  0.54	  0.97	  8.18	261 Game time (seconds): 3.60222 Stroke: 0
777	  4.3711	MovieFrame	2	131
10	  4.3761	  24.3022	0.4942	0.3888	0.4924	0.3906	-1	0.2200	0.2097	1	5.1380	  4.3737	   2.1856	0.5901	0.4231	0.5880	0.4255	-1	0.2351	0.2168	1	5.1379	  0.57	  0.99	  8.14	262 Game time (seconds): 3.611179 Stroke: 0
10	  4.3851	   9.0025	0.4944	0.3900	0.4932	0.3903	-1	0.2181	0.2098	1	5.1470	  4.3737	   2.1856	0.5901	0.4231	0.5880	0.4255	-1	0.2351	0.2168	1	5.1379	  0.58	  0.99	  8.16	263 Game time (seconds): 3.634362 Stroke: 0
777	  4.4041	MovieFrame	2	132
10	  4.4092	  24.1316	0.4943	0.3877	0.4936	0.3893	-1	0.2200	0.2093	1	5.1711	  4.4069	   2.1843	0.5922	0.4214	0.5903	0.4239	-1	0.2377	0.2188	1	5.1711	  0.60	  1.00	  8.13	264 Game time (seconds): 3.642096 Stroke: 0
10	  4.4185	   9.2943	0.4953	0.3878	0.4943	0.3887	-1	0.2213	0.2116	1	5.1804	  4.4069	   2.1843	0.5922	0.4214	0.5903	0.4239	-1	0.2377	0.2188	1	5.1711	  0.60	  1.00	  8.14	265 Game time (seconds): 3.671045 Stroke: 1
777	  4.4376	MovieFrame	2	133
10	  4.4428	  24.3330	0.4953	0.3858	0.4947	0.3875	-1	0.2198	0.2103	1	5.2047	  4.4405	   2.1975	0.5922	0.4231	0.5915	0.4238	-1	0.2334	0.2182	1	5.2047	  0.62	  1.01	  8.13	266 Game time (seconds): 3.678973 Stroke: 1
10	  4.4519	   9.0706	0.4942	0.3890	0.4945	0.3881	-1	0.2190	0.2087	1	5.2138	  4.4405	   2.1975	0.5922	0.4231	0.5915	0.4238	-1	0.2334	0.2182	1	5.2047	  0.61	  1.01	  8.12	267 Game time (seconds): 3.701352 Stroke: 1
777	  4.4715	MovieFrame	2	134
10	  4.4760	  24.1340	0.4949	0.3878	0.4946	0.3880	-1	0.2207	0.2107	1	5.2379	  4.4737	   2.2417	0.5928	0.4233	0.5923	0.4234	-1	0.2340	0.2179	1	5.2379	  0.62	  1.01	  8.11	268 Game time (seconds): 3.713392 Stroke: 1
10	  4.4852	   9.1301	0.4951	0.3901	0.4948	0.3888	-1	0.2204	0.2118	1	5.2471	  4.4737	   2.2417	0.5928	0.4233	0.5923	0.4234	-1	0.2340	0.2179	1	5.2379	  0.62	  1.01	  8.12	269 Game time (seconds): 3.735515 Stroke: 1
777	  4.5041	MovieFrame	2	135
10	  4.5094	  24.2636	0.4943	0.3890	0.4946	0.3889	-1	0.2197	0.2107	1	5.2713	  4.5072	   2.2817	0.5927	0.4239	0.5926	0.4239	-1	0.2346	0.2177	1	5.2714	  0.62	  1.00	  8.11	270 Game time (seconds): 3.743398 Stroke: 1
10	  4.5186	   9.1790	0.4948	0.3913	0.4947	0.3899	-1	0.2214	0.2123	1	5.2805	  4.5072	   2.2817	0.5927	0.4239	0.5926	0.4239	-1	0.2346	0.2177	1	5.2714	  0.62	  1.00	  8.11	271 Game time (seconds): 3.767686 Stroke: 1
777	  4.5379	MovieFrame	2	136
10	  4.5430	  24.3732	0.4941	0.3908	0.4945	0.3902	-1	0.2196	0.2113	1	5.3049	  4.5406	   2.2170	0.5929	0.4247	0.5928	0.4246	-1	0.2344	0.2177	1	5.3049	  0.62	  0.99	  8.10	272 Game time (seconds): 3.77739 Stroke: 1
10	  4.5519	   8.9653	0.4947	0.3932	0.4945	0.3914	-1	0.2207	0.2129	1	5.3138	  4.5406	   2.2170	0.5929	0.4247	0.5928	0.4246	-1	0.2344	0.2177	1	5.3049	  0.62	  0.99	  8.10	273 Game time (seconds): 3.802301 Stroke: 1
777	  4.5714	MovieFrame	2	137
10	  4.5768	  24.8710	0.4949	0.3924	0.4947	0.3918	-1	0.2229	0.2133	1	5.3387	  4.5745	   2.9724	0.5931	0.4236	0.5930	0.4245	-1	0.2411	0.2200	1	5.3387	  0.63	  0.98	  8.10	274 Game time (seconds): 3.814077 Stroke: 1
10	  4.5852	   8.4002	0.4945	0.3960	0.4946	0.3935	-1	0.2208	0.2138	1	5.3471	  4.5745	   2.9724	0.5931	0.4236	0.5930	0.4245	-1	0.2411	0.2200	1	5.3387	  0.63	  0.97	  8.10	275 Game time (seconds): 3.836795 Stroke: 1
777	  4.6041	MovieFrame	2	138
10	  4.6100	  24.7993	0.4946	0.3946	0.4946	0.3939	-1	0.2240	0.2129	1	5.3719	  4.6077	   2.9817	0.5937	0.4255	0.5932	0.4259	-1	0.2385	0.2186	1	5.3719	  0.63	  0.97	  8.10	276 Game time (seconds): 3.854754 Stroke: 1
10	  4.6186	   8.5914	0.4946	0.3966	0.4946	0.3950	-1	0.2214	0.2144	1	5.3805	  4.6077	   2.9817	0.5937	0.4255	0.5932	0.4259	-1	0.2385	0.2186	1	5.3719	  0.63	  0.96	  8.10	277 Game time (seconds): 3.869508 Stroke: 1
777	  4.6378	MovieFrame	2	139
10	  4.6429	  24.3139	0.4948	0.3939	0.4947	0.3946	-1	0.2221	0.2137	1	5.4048	  4.6406	   2.1744	0.5938	0.4262	0.5936	0.4259	-1	0.2378	0.2185	1	5.4048	  0.63	  0.96	  8.09	278 Game time (seconds): 3.878108 Stroke: 1
10	  4.6520	   9.0737	0.4948	0.3950	0.4947	0.3947	-1	0.2256	0.2140	1	5.4139	  4.6406	   2.1744	0.5938	0.4262	0.5936	0.4259	-1	0.2378	0.2185	1	5.4048	  0.63	  0.96	  8.09	279 Game time (seconds): 3.902336 Stroke: 1
777	  4.6713	MovieFrame	2	140
10	  4.6762	  24.1748	0.4952	0.3923	0.4949	0.3938	-1	0.2227	0.2144	1	5.4381	  4.6739	   2.2271	0.5944	0.4272	0.5941	0.4273	-1	0.2365	0.2177	1	5.4381	  0.64	  0.96	  8.09	280 Game time (seconds): 3.911065 Stroke: 1
10	  4.6855	   9.2820	0.4954	0.3929	0.4951	0.3934	-1	0.2239	0.2141	1	5.4473	  4.6739	   2.2271	0.5944	0.4272	0.5941	0.4273	-1	0.2365	0.2177	1	5.4381	  0.64	  0.96	  8.09	281 Game time (seconds): 3.93505 Stroke: 1
777	  4.7044	MovieFrame	2	141
10	  4.7096	  24.1922	0.4952	0.3904	0.4952	0.3922	-1	0.2229	0.2138	1	5.4715	  4.7073	   2.2624	0.5943	0.4264	0.5943	0.4268	-1	0.2372	0.2180	1	5.4715	  0.64	  0.97	  8.09	282 Game time (seconds): 3.947531 Stroke: 1
10	  4.7187	   9.0868	0.4952	0.3917	0.4952	0.3920	-1	0.2210	0.2135	1	5.4806	  4.7073	   2.2624	0.5943	0.4264	0.5943	0.4268	-1	0.2372	0.2180	1	5.4715	  0.64	  0.97	  8.09	283 Game time (seconds): 3.971305 Stroke: 1
777	  4.7383	MovieFrame	2	142
10	  4.7430	  24.2574	0.4954	0.3887	0.4953	0.3907	-1	0.2236	0.2141	1	5.5049	  4.7407	   2.1244	0.5945	0.4236	0.5945	0.4254	-1	0.2425	0.2185	1	5.5049	  0.64	  0.99	  8.09	284 Game time (seconds): 3.980521 Stroke: 1
10	  4.7527	   9.6920	0.4955	0.3898	0.4954	0.3903	-1	0.2241	0.2158	1	5.5146	  4.7407	   2.1244	0.5945	0.4236	0.5945	0.4254	-1	0.2425	0.2185	1	5.5049	  0.64	  0.99	  8.09	285 Game time (seconds): 4.003698 Stroke: 1
777	  4.7716	MovieFrame	2	143
10	  4.7764	  23.7475	0.4955	0.3884	0.4954	0.3896	-1	0.2232	0.2161	1	5.5383	  4.7742	   2.3674	0.5947	0.4224	0.5945	0.4243	-1	0.2456	0.2189	1	5.5384	  0.64	  1.00	  8.09	286 Game time (seconds): 4.013418 Stroke: 1
10	  4.7855	   9.0279	0.4950	0.3903	0.4953	0.3899	-1	0.2240	0.2157	1	5.5474	  4.7742	   2.3674	0.5947	0.4224	0.5945	0.4243	-1	0.2456	0.2189	1	5.5384	  0.64	  1.00	  8.09	287 Game time (seconds): 4.036526 Stroke: 1
777	  4.8047	MovieFrame	2	144
10	  4.8099	  24.4009	0.4951	0.3897	0.4952	0.3898	-1	0.2226	0.2158	1	5.5718	  4.8076	   2.3159	0.5937	0.4243	0.5941	0.4249	-1	0.2410	0.2191	1	5.5718	  0.64	  0.99	  8.09	288 Game time (seconds): 4.044697 Stroke: 1
10	  4.8188	   8.9711	0.4947	0.3919	0.4950	0.3906	-1	0.2236	0.2169	1	5.5807	  4.8076	   2.3159	0.5937	0.4243	0.5941	0.4249	-1	0.2410	0.2191	1	5.5718	  0.64	  0.99	  8.09	289 Game time (seconds): 4.069011 Stroke: 1
777	  4.8377	MovieFrame	2	145
10	  4.8429	  24.0828	0.4942	0.3914	0.4947	0.3910	-1	0.2227	0.2152	1	5.6048	  4.8406	   2.1905	0.5940	0.4244	0.5940	0.4245	-1	0.2425	0.2201	1	5.6048	  0.63	  0.99	  8.09	290 Game time (seconds): 4.080752 Stroke: 1
10	  4.8522	   9.3125	0.4935	0.3940	0.4942	0.3922	-1	0.2244	0.2164	1	5.6141	  4.8406	   2.1905	0.5940	0.4244	0.5940	0.4245	-1	0.2425	0.2201	1	5.6048	  0.63	  0.98	  8.08	291 Game time (seconds): 4.10218 Stroke: 1
777	  4.8714	MovieFrame	2	146
10	  4.8765	  24.2878	0.4934	0.3925	0.4939	0.3923	-1	0.2265	0.2167	1	5.6384	  4.8741	   2.1527	0.5933	0.4253	0.5935	0.4251	-1	0.2391	0.2193	1	5.6383	  0.62	  0.98	  8.08	292 Game time (seconds): 4.110754 Stroke: 1
10	  4.8855	   8.9679	0.4931	0.3952	0.4936	0.3935	-1	0.2246	0.2164	1	5.6474	  4.8741	   2.1527	0.5933	0.4253	0.5935	0.4251	-1	0.2391	0.2193	1	5.6383	  0.62	  0.97	  8.08	293 Game time (seconds): 4.137398 Stroke: 1
777	  4.9050	MovieFrame	2	147
10	  4.9098	  24.3446	0.4923	0.3942	0.4931	0.3938	-1	0.2236	0.2150	1	5.6717	  4.9075	   2.1472	0.5928	0.4238	0.5931	0.4247	-1	0.2402	0.2199	1	5.6717	  0.62	  0.97	  8.08	294 Game time (seconds): 4.146567 Stroke: 1
10	  4.9188	   8.9932	0.4922	0.3960	0.4927	0.3947	-1	0.2253	0.2160	1	5.6807	  4.9075	   2.1472	0.5928	0.4238	0.5931	0.4247	-1	0.2402	0.2199	1	5.6717	  0.61	  0.97	  8.07	295 Game time (seconds): 4.170324 Stroke: 1
777	  4.9379	MovieFrame	2	148
10	  4.9431	  24.2603	0.4923	0.3946	0.4926	0.3946	-1	0.2239	0.2147	1	5.7050	  4.9409	   2.3739	0.5928	0.4248	0.5930	0.4244	-1	0.2381	0.2195	1	5.7051	  0.61	  0.97	  8.07	296 Game time (seconds): 4.178605 Stroke: 1
10	  4.9523	   9.1814	0.4924	0.3972	0.4925	0.3957	-1	0.2233	0.2160	1	5.7142	  4.9409	   2.3739	0.5928	0.4248	0.5930	0.4244	-1	0.2381	0.2195	1	5.7051	  0.61	  0.96	  8.07	297 Game time (seconds): 4.201632 Stroke: 1
777	  4.9715	MovieFrame	2	149
10	  4.9766	  24.3549	0.4924	0.3951	0.4925	0.3954	-1	0.2256	0.2154	1	5.7385	  4.9744	   2.1978	0.5936	0.4253	0.5931	0.4257	-1	0.2370	0.2177	1	5.7386	  0.61	  0.96	  8.07	298 Game time (seconds): 4.211203 Stroke: 1
10	  4.9856	   9.0114	0.4928	0.3973	0.4926	0.3962	-1	0.2227	0.2156	1	5.7475	  4.9744	   2.1978	0.5936	0.4253	0.5931	0.4257	-1	0.2370	0.2177	1	5.7386	  0.61	  0.95	  8.07	299 Game time (seconds): 4.239026 Stroke: 1
777	  5.0045	MovieFrame	2	150
10	  5.0097	  24.1219	0.4934	0.3946	0.4929	0.3956	-1	0.2245	0.2158	1	5.7716	  5.0074	   2.2085	0.5943	0.4252	0.5938	0.4253	-1	0.2382	0.2180	1	5.7717	  0.62	  0.96	  8.06	300 Game time (seconds): 4.248456 Stroke: 1
10	  5.0190	   9.2993	0.4940	0.3963	0.4933	0.3958	-1	0.2266	0.2169	1	5.7809	  5.0074	   2.2085	0.5943	0.4252	0.5938	0.4253	-1	0.2382	0.2180	1	5.7717	  0.62	  0.96	  8.07	301 Game time (seconds): 4.271588 Stroke: 1
777	  5.0384	MovieFrame	2	151
10	  5.0433	  24.2804	0.4939	0.3935	0.4936	0.3949	-1	0.2252	0.2153	1	5.8052	  5.0411	   2.2282	0.5954	0.4219	0.5947	0.4238	-1	0.2451	0.2186	1	5.8053	  0.63	  0.97	  8.06	302 Game time (seconds): 4.280472 Stroke: 1
10	  5.0524	   9.0845	0.4937	0.3955	0.4936	0.3952	-1	0.2222	0.2131	1	5.8143	  5.0411	   2.2282	0.5954	0.4219	0.5947	0.4238	-1	0.2451	0.2186	1	5.8053	  0.63	  0.97	  8.06	303 Game time (seconds): 4.302814 Stroke: 1
777	  5.0713	MovieFrame	2	152
10	  5.0764	  24.0054	0.4943	0.3929	0.4939	0.3943	-1	0.2227	0.2160	1	5.8383	  5.0742	   2.2106	0.5950	0.4243	0.5949	0.4242	-1	0.2365	0.2170	1	5.8384	  0.63	  0.97	  8.06	304 Game time (seconds): 4.312325 Stroke: 1
10	  5.0858	   9.3483	0.4937	0.3948	0.4938	0.3945	-1	0.2239	0.2126	1	5.8477	  5.0742	   2.2106	0.5950	0.4243	0.5949	0.4242	-1	0.2365	0.2170	1	5.8384	  0.63	  0.97	  8.06	305 Game time (seconds): 4.335516 Stroke: 1
777	  5.1048	MovieFrame	2	153
10	  5.1100	  24.2842	0.4941	0.3920	0.4940	0.3935	-1	0.2225	0.2153	1	5.8719	  5.1078	   2.3057	0.5939	0.4224	0.5945	0.4231	-1	0.2371	0.2169	1	5.8720	  0.63	  0.98	  8.07	306 Game time (seconds): 4.344498 Stroke: 1
10	  5.1191	   9.0137	0.4936	0.3938	0.4938	0.3936	-1	0.2247	0.2163	1	5.8810	  5.1078	   2.3057	0.5939	0.4224	0.5945	0.4231	-1	0.2371	0.2169	1	5.8720	  0.63	  0.98	  8.07	307 Game time (seconds): 4.368641 Stroke: 1
777	  5.1380	MovieFrame	2	154
10	  5.1434	  24.3341	0.4932	0.3914	0.4936	0.3927	-1	0.2228	0.2139	1	5.9053	  5.1410	   2.2013	0.5935	0.4193	0.5939	0.4219	-1	0.2410	0.2189	1	5.9052	  0.62	  0.99	  8.07	308 Game time (seconds): 4.377821 Stroke: 1
10	  5.1524	   9.0401	0.4928	0.3937	0.4933	0.3931	-1	0.2245	0.2152	1	5.9143	  5.1410	   2.2013	0.5935	0.4193	0.5939	0.4219	-1	0.2410	0.2189	1	5.9052	  0.62	  0.99	  8.07	309 Game time (seconds): 4.405468 Stroke: 1
777	  5.1716	MovieFrame	2	155
10	  5.1767	  24.2865	0.4923	0.3917	0.4929	0.3925	-1	0.2216	0.2131	1	5.9386	  5.1744	   2.2583	0.5925	0.4226	0.5932	0.4225	-1	0.2344	0.2181	1	5.9387	  0.61	  0.99	  8.07	310 Game time (seconds): 4.414598 Stroke: 1
10	  5.1858	   9.0704	0.4922	0.3944	0.4926	0.3933	-1	0.2242	0.2157	1	5.9477	  5.1744	   2.2583	0.5925	0.4226	0.5932	0.4225	-1	0.2344	0.2181	1	5.9387	  0.61	  0.99	  8.07	311 Game time (seconds): 4.438647 Stroke: 1
777	  5.2052	MovieFrame	2	156
10	  5.2100	  24.1844	0.4911	0.3925	0.4920	0.3930	-1	0.2261	0.2158	1	5.9719	  5.2077	   2.2365	0.5923	0.4207	0.5926	0.4220	-1	0.2387	0.2192	1	5.9719	  0.60	  0.99	  8.07	312 Game time (seconds): 4.447843 Stroke: 1
10	  5.2192	   9.2672	0.4916	0.3950	0.4918	0.3938	-1	0.2247	0.2161	1	5.9811	  5.2077	   2.2365	0.5923	0.4207	0.5926	0.4220	-1	0.2387	0.2192	1	5.9719	  0.60	  0.99	  8.07	313 Game time (seconds): 4.470546 Stroke: 1
777	  5.2384	MovieFrame	2	157
10	  5.2435	  24.2423	0.4906	0.3933	0.4913	0.3936	-1	0.2254	0.2151	1	6.0054	  5.2412	   2.2428	0.5919	0.4207	0.5922	0.4209	-1	0.2385	0.2199	1	6.0054	  0.60	  0.99	  8.06	314 Game time (seconds): 4.478983 Stroke: 1
10	  5.2525	   9.0261	0.4908	0.3964	0.4911	0.3947	-1	0.2220	0.2160	1	6.0144	  5.2412	   2.2428	0.5919	0.4207	0.5922	0.4209	-1	0.2385	0.2199	1	6.0054	  0.60	  0.99	  8.06	315 Game time (seconds): 4.501711 Stroke: 1
777	  5.2717	MovieFrame	2	158
10	  5.2767	  24.2305	0.4904	0.3939	0.4908	0.3944	-1	0.2256	0.2157	1	6.0386	  5.2746	   2.2483	0.5918	0.4217	0.5918	0.4219	-1	0.2365	0.2186	1	6.0388	  0.59	  0.98	  8.06	316 Game time (seconds): 4.511233 Stroke: 1
10	  5.2860	   9.2179	0.4904	0.3973	0.4907	0.3956	-1	0.2221	0.2160	1	6.0479	  5.2746	   2.2483	0.5918	0.4217	0.5918	0.4219	-1	0.2365	0.2186	1	6.0388	  0.59	  0.98	  8.06	317 Game time (seconds): 4.53584 Stroke: 1
777	  5.3053	MovieFrame	2	159
10	  5.3104	  24.4552	0.4912	0.3948	0.4909	0.3953	-1	0.2245	0.2157	1	6.0723	  5.3081	   2.2136	0.5919	0.4233	0.5918	0.4235	-1	0.2353	0.2189	1	6.0723	  0.59	  0.97	  8.06	318 Game time (seconds): 4.548398 Stroke: 1
10	  5.3193	   8.8939	0.4905	0.3969	0.4907	0.3959	-1	0.2255	0.2171	1	6.0812	  5.3081	   2.2136	0.5919	0.4233	0.5918	0.4235	-1	0.2353	0.2189	1	6.0723	  0.59	  0.97	  8.06	319 Game time (seconds): 4.571327 Stroke: 1
777	  5.3382	MovieFrame	2	160
10	  5.3434	  24.1290	0.4844	0.3958	0.4882	0.3959	-1	0.2242	0.2167	1	6.1053	  5.3411	   2.2150	0.5831	0.4226	0.5879	0.4232	-1	0.2378	0.2128	1	6.1053	  0.54	  0.97	  8.08	320 Game time (seconds): 4.57935 Stroke: 1
10	  5.3526	   9.1627	0.4862	0.3968	0.4874	0.3962	-1	0.2248	0.2165	1	6.1145	  5.3411	   2.2150	0.5831	0.4226	0.5879	0.4232	-1	0.2378	0.2128	1	6.1053	  0.54	  0.97	  8.07	321 Game time (seconds): 4.601422 Stroke: 1
777	  5.3718	MovieFrame	2	161
10	  5.3770	  24.4439	0.4856	0.3961	0.4867	0.3962	-1	0.2246	0.2156	1	6.1389	  5.3747	   2.1827	0.5863	0.4239	0.5869	0.4238	-1	0.2343	0.2193	1	6.1389	  0.53	  0.96	  8.07	322 Game time (seconds): 4.611211 Stroke: 1
10	  5.3860	   8.9746	0.4850	0.3983	0.4860	0.3970	-1	0.2218	0.2145	1	6.1479	  5.3747	   2.1827	0.5863	0.4239	0.5869	0.4238	-1	0.2343	0.2193	1	6.1389	  0.52	  0.96	  8.06	323 Game time (seconds): 4.639136 Stroke: 1
777	  5.4056	MovieFrame	2	162
10	  5.4104	  24.3573	0.4856	0.3960	0.4859	0.3966	-1	0.2238	0.2156	1	6.1723	  5.4085	   2.7152	0.5879	0.4213	0.5875	0.4227	-1	0.2409	0.2196	1	6.1727	  0.52	  0.97	  8.05	324 Game time (seconds): 4.647772 Stroke: 1
10	  5.4193	   8.9313	0.4859	0.3970	0.4859	0.3968	-1	0.2249	0.2161	1	6.1812	  5.4085	   2.7152	0.5879	0.4213	0.5875	0.4227	-1	0.2409	0.2196	1	6.1727	  0.52	  0.97	  8.05	325 Game time (seconds): 4.671843 Stroke: 1
777	  5.4386	MovieFrame	2	163
10	  5.4439	  24.5933	0.4854	0.3961	0.4857	0.3965	-1	0.2239	0.2158	1	6.2058	  5.4416	   2.2280	0.5884	0.4215	0.5879	0.4230	-1	0.2419	0.2185	1	6.2058	  0.53	  0.97	  8.04	326 Game time (seconds): 4.679708 Stroke: 1
10	  5.4527	   8.8086	0.4853	0.3981	0.4855	0.3971	-1	0.2232	0.2163	1	6.2146	  5.4416	   2.2280	0.5884	0.4215	0.5879	0.4230	-1	0.2419	0.2185	1	6.2058	  0.52	  0.96	  8.04	327 Game time (seconds): 4.702174 Stroke: 1
777	  5.4716	MovieFrame	2	164
10	  5.4767	  23.9701	0.4853	0.3965	0.4854	0.3969	-1	0.2256	0.2174	1	6.2386	  5.4745	   2.2246	0.5879	0.4232	0.5879	0.4240	-1	0.2387	0.2196	1	6.2387	  0.52	  0.96	  8.04	328 Game time (seconds): 4.711611 Stroke: 1
10	  5.4862	   9.5051	0.4843	0.4003	0.4850	0.3982	-1	0.2249	0.2175	1	6.2481	  5.4745	   2.2246	0.5879	0.4232	0.5879	0.4240	-1	0.2387	0.2196	1	6.2387	  0.52	  0.95	  8.03	329 Game time (seconds): 4.73525 Stroke: 1
777	  5.5054	MovieFrame	2	165
10	  5.5105	  24.3335	0.4844	0.3984	0.4848	0.3983	-1	0.2262	0.2180	1	6.2724	  5.5082	   2.1642	0.5880	0.4233	0.5879	0.4245	-1	0.2385	0.2196	1	6.2725	  0.52	  0.95	  8.03	330 Game time (seconds): 4.745308 Stroke: 1
10	  5.5195	   8.9859	0.4841	0.4002	0.4845	0.3991	-1	0.2248	0.2174	1	6.2814	  5.5082	   2.1642	0.5880	0.4233	0.5879	0.4245	-1	0.2385	0.2196	1	6.2725	  0.52	  0.95	  8.03	331 Game time (seconds): 4.769818 Stroke: 1
777	  5.5389	MovieFrame	2	166
10	  5.5438	  24.2877	0.4842	0.3980	0.4844	0.3986	-1	0.2255	0.2177	1	6.3057	  5.5415	   2.1881	0.5880	0.4229	0.5879	0.4243	-1	0.2387	0.2195	1	6.3057	  0.52	  0.95	  8.02	332 Game time (seconds): 4.781848 Stroke: 1
10	  5.5528	   8.9886	0.4841	0.3999	0.4843	0.3991	-1	0.2242	0.2174	1	6.3147	  5.5415	   2.1881	0.5880	0.4229	0.5879	0.4243	-1	0.2387	0.2195	1	6.3057	  0.52	  0.95	  8.02	333 Game time (seconds): 4.805526 Stroke: 1
777	  5.5718	MovieFrame	2	167
10	  5.5770	  24.1743	0.4846	0.3973	0.4844	0.3984	-1	0.2266	0.2177	1	6.3389	  5.5746	   2.1348	0.5882	0.4232	0.5880	0.4243	-1	0.2383	0.2191	1	6.3388	  0.52	  0.95	  8.02	334 Game time (seconds): 4.813913 Stroke: 1
10	  5.5861	   9.1858	0.4841	0.4000	0.4843	0.3991	-1	0.2249	0.2170	1	6.3480	  5.5746	   2.1348	0.5882	0.4232	0.5880	0.4243	-1	0.2383	0.2191	1	6.3388	  0.52	  0.95	  8.02	335 Game time (seconds): 4.835676 Stroke: 1
777	  5.6051	MovieFrame	2	168
10	  5.6103	  24.1314	0.4846	0.3973	0.4844	0.3984	-1	0.2260	0.2172	1	6.3722	  5.6079	   2.1401	0.5888	0.4242	0.5886	0.4242	-1	0.2377	0.2198	1	6.3722	  0.52	  0.95	  8.01	336 Game time (seconds): 4.845069 Stroke: 1
10	  5.6195	   9.2715	0.4839	0.4000	0.4842	0.3990	-1	0.2249	0.2167	1	6.3814	  5.6079	   2.1401	0.5888	0.4242	0.5886	0.4242	-1	0.2377	0.2198	1	6.3722	  0.52	  0.95	  8.01	337 Game time (seconds): 4.868072 Stroke: 1
777	  5.6392	MovieFrame	2	169
10	  5.6441	  24.5590	0.4839	0.3977	0.4841	0.3985	-1	0.2259	0.2174	1	6.4060	  5.6436	   4.0435	0.5900	0.4223	0.5892	0.4241	-1	0.2452	0.2221	1	6.4037	  0.52	  0.95	  8.00	338 Game time (seconds): 4.881283 Stroke: 1
10	  5.6530	   8.8610	0.4832	0.4003	0.4837	0.3992	-1	0.2252	0.2173	1	6.4149	  5.6436	   4.0435	0.5900	0.4223	0.5892	0.4241	-1	0.2452	0.2221	1	6.4078	  0.52	  0.95	  7.99	339 Game time (seconds): 4.90653 Stroke: 1
777	  5.6720	MovieFrame	2	170
10	  5.6771	  24.1418	0.4831	0.3995	0.4835	0.3993	-1	0.2267	0.2187	1	6.4390	  5.6748	   2.2276	0.5899	0.4235	0.5893	0.4247	-1	0.2457	0.2218	1	6.4390	  0.52	  0.94	  7.99	340 Game time (seconds): 4.914409 Stroke: 1
10	  5.6863	   9.1737	0.4825	0.4017	0.4831	0.4003	-1	0.2252	0.2166	1	6.4482	  5.6748	   2.2276	0.5899	0.4235	0.5893	0.4247	-1	0.2457	0.2218	1	6.4390	  0.52	  0.94	  7.98	341 Game time (seconds): 4.936433 Stroke: 1
777	  5.7056	MovieFrame	2	171
10	  5.7107	  24.4546	0.4822	0.4010	0.4827	0.4005	-1	0.2253	0.2193	1	6.4726	  5.7084	   2.2232	0.5879	0.4293	0.5885	0.4280	-1	0.2415	0.2207	1	6.4726	  0.51	  0.92	  7.99	342 Game time (seconds): 4.946017 Stroke: 1
10	  5.7197	   8.9136	0.4828	0.4041	0.4828	0.4020	-1	0.2277	0.2221	1	6.4815	  5.7084	   2.2232	0.5879	0.4293	0.5885	0.4280	-1	0.2415	0.2207	1	6.4726	  0.51	  0.91	  7.99	343 Game time (seconds): 4.969305 Stroke: 1
777	  5.7391	MovieFrame	2	172
10	  5.7441	  24.4037	0.4815	0.4026	0.4823	0.4022	-1	0.2267	0.2194	1	6.5059	  5.7417	   2.1975	0.5882	0.4297	0.5883	0.4297	-1	0.2424	0.2216	1	6.5059	  0.50	  0.90	  7.98	344 Game time (seconds): 4.982017 Stroke: 1
10	  5.7530	   8.9215	0.4811	0.4053	0.4818	0.4035	-1	0.2268	0.2202	1	6.5149	  5.7417	   2.1975	0.5882	0.4297	0.5883	0.4297	-1	0.2424	0.2216	1	6.5059	  0.50	  0.89	  7.98	345 Game time (seconds): 5.004888 Stroke: 1
777	  5.7720	MovieFrame	2	173
10	  5.7771	  24.0863	0.4806	0.4042	0.4813	0.4038	-1	0.2254	0.2196	1	6.5390	  5.7748	   2.1852	0.5883	0.4315	0.5881	0.4315	-1	0.2404	0.2202	1	6.5390	  0.50	  0.88	  7.97	346 Game time (seconds): 5.01314 Stroke: 1
10	  5.7864	   9.3283	0.4818	0.4075	0.4815	0.4053	-1	0.2291	0.2220	1	6.5483	  5.7748	   2.1852	0.5883	0.4315	0.5881	0.4315	-1	0.2404	0.2202	1	6.5390	  0.50	  0.87	  7.98	347 Game time (seconds): 5.036462 Stroke: 1
777	  5.8056	MovieFrame	2	174
10	  5.8108	  24.4009	0.4808	0.4049	0.4813	0.4051	-1	0.2261	0.2197	1	6.5727	  5.8085	   2.1230	0.5886	0.4313	0.5882	0.4322	-1	0.2406	0.2199	1	6.5727	  0.50	  0.87	  7.97	348 Game time (seconds): 5.045187 Stroke: 1
10	  5.8197	   8.9484	0.4824	0.4084	0.4817	0.4064	-1	0.2275	0.2228	1	6.5816	  5.8085	   2.1230	0.5886	0.4313	0.5882	0.4322	-1	0.2406	0.2199	1	6.5727	  0.50	  0.86	  7.98	349 Game time (seconds): 5.070333 Stroke: 1
777	  5.8393	MovieFrame	2	175
10	  5.8440	  24.2266	0.4808	0.4049	0.4813	0.4058	-1	0.2263	0.2190	1	6.6059	  5.8417	   2.2079	0.5888	0.4323	0.5884	0.4330	-1	0.2406	0.2195	1	6.6059	  0.50	  0.86	  7.97	350 Game time (seconds): 5.082634 Stroke: 1
10	  5.8530	   9.0746	0.4821	0.4070	0.4817	0.4063	-1	0.2303	0.2207	1	6.6149	  5.8417	   2.2079	0.5888	0.4323	0.5884	0.4330	-1	0.2406	0.2195	1	6.6059	  0.50	  0.86	  7.97	351 Game time (seconds): 5.102203 Stroke: 1
777	  5.8723	MovieFrame	2	176
10	  5.8775	  24.4124	0.4828	0.4035	0.4821	0.4052	-1	0.2284	0.2236	1	6.6393	  5.8752	   2.2928	0.5903	0.4328	0.5892	0.4332	-1	0.2393	0.2208	1	6.6394	  0.51	  0.87	  7.97	352 Game time (seconds): 5.11441 Stroke: 1
10	  5.8864	   8.9006	0.4835	0.4046	0.4827	0.4049	-1	0.2281	0.2233	1	6.6482	  5.8752	   2.2928	0.5903	0.4328	0.5892	0.4332	-1	0.2393	0.2208	1	6.6394	  0.51	  0.87	  7.98	353 Game time (seconds): 5.13564 Stroke: 1
777	  5.9055	MovieFrame	2	177
10	  5.9106	  24.2336	0.4841	0.4020	0.4832	0.4038	-1	0.2285	0.2140	1	6.6725	  5.9082	   2.1105	0.5905	0.4324	0.5899	0.4329	-1	0.2396	0.2203	1	6.6724	  0.52	  0.88	  7.97	354 Game time (seconds): 5.14535 Stroke: 1
10	  5.9197	   9.1215	0.4832	0.4033	0.4832	0.4036	-1	0.2265	0.2223	1	6.6816	  5.9082	   2.1105	0.5905	0.4324	0.5899	0.4329	-1	0.2396	0.2203	1	6.6724	  0.52	  0.88	  7.97	355 Game time (seconds): 5.169675 Stroke: 1
777	  5.9392	MovieFrame	2	178
10	  5.9438	  24.1146	0.4828	0.4000	0.4830	0.4022	-1	0.2297	0.2213	1	6.7057	  5.9417	   2.2520	0.5909	0.4272	0.5905	0.4308	-1	0.2455	0.2232	1	6.7059	  0.53	  0.90	  7.96	356 Game time (seconds): 5.181118 Stroke: 1
10	  5.9532	   9.4111	0.4831	0.4001	0.4831	0.4013	-1	0.2319	0.2217	1	6.7151	  5.9417	   2.2520	0.5909	0.4272	0.5905	0.4308	-1	0.2455	0.2232	1	6.7059	  0.53	  0.90	  7.96	357 Game time (seconds): 5.204303 Stroke: 1
777	  5.9726	MovieFrame	2	179
10	  5.9775	  24.3123	0.4827	0.3974	0.4829	0.3998	-1	0.2301	0.2206	1	6.7394	  5.9752	   2.1001	0.5910	0.4235	0.5907	0.4279	-1	0.2480	0.2227	1	6.7394	  0.53	  0.92	  7.96	358 Game time (seconds): 5.212896 Stroke: 1
10	  5.9865	   8.9511	0.4822	0.3992	0.4826	0.3995	-1	0.2287	0.2188	1	6.7484	  5.9752	   2.1001	0.5910	0.4235	0.5907	0.4279	-1	0.2480	0.2227	1	6.7394	  0.52	  0.92	  7.95	359 Game time (seconds): 5.238751 Stroke: 1
777	  6.0058	MovieFrame	2	180
10	  6.0110	  24.4548	0.4826	0.3974	0.4826	0.3987	-1	0.2299	0.2206	1	6.7728	  6.0089	   2.5072	0.5898	0.4280	0.5902	0.4281	-1	0.2376	0.2226	1	6.7732	  0.52	  0.93	  7.96	360 Game time (seconds): 5.246821 Stroke: 1
10	  6.0198	   8.8780	0.4827	0.3988	0.4826	0.3987	-1	0.2314	0.2217	1	6.7817	  6.0089	   2.5072	0.5898	0.4280	0.5902	0.4281	-1	0.2376	0.2226	1	6.7732	  0.52	  0.93	  7.96	361 Game time (seconds): 5.269033 Stroke: 1
777	  6.0392	MovieFrame	2	181
10	  6.0444	  24.5260	0.4826	0.3975	0.4826	0.3982	-1	0.2299	0.2205	1	6.8063	  6.0421	   2.2322	0.5903	0.4241	0.5902	0.4266	-1	0.2446	0.2235	1	6.8063	  0.52	  0.94	  7.96	362 Game time (seconds): 5.278343 Stroke: 1
10	  6.0533	   8.9218	0.4823	0.3987	0.4825	0.3984	-1	0.2314	0.2212	1	6.8152	  6.0421	   2.2322	0.5903	0.4241	0.5902	0.4266	-1	0.2446	0.2235	1	6.8063	  0.52	  0.94	  7.96	363 Game time (seconds): 5.305571 Stroke: 1
777	  6.0732	MovieFrame	2	182
10	  6.0777	  24.4041	0.4822	0.3980	0.4824	0.3982	-1	0.2308	0.2198	1	6.8396	  6.0753	   2.1587	0.5898	0.4266	0.5900	0.4274	-1	0.2426	0.2228	1	6.8395	  0.52	  0.93	  7.96	364 Game time (seconds): 5.314974 Stroke: 1
10	  6.0867	   8.9767	0.4823	0.4004	0.4824	0.3991	-1	0.2307	0.2216	1	6.8486	  6.0753	   2.1587	0.5898	0.4266	0.5900	0.4274	-1	0.2426	0.2228	1	6.8395	  0.52	  0.93	  7.96	365 Game time (seconds): 5.337595 Stroke: 1
777	  6.1058	MovieFrame	2	183
10	  6.1111	  24.4369	0.4818	0.3986	0.4821	0.3989	-1	0.2319	0.2248	1	6.8730	  6.1087	   2.2373	0.5900	0.4280	0.5900	0.4285	-1	0.2420	0.2224	1	6.8729	  0.52	  0.92	  7.96	366 Game time (seconds): 5.346278 Stroke: 1
10	  6.1200	   8.8675	0.4824	0.4011	0.4822	0.3998	-1	0.2304	0.2214	1	6.8819	  6.1087	   2.2373	0.5900	0.4280	0.5900	0.4285	-1	0.2420	0.2224	1	6.8729	  0.52	  0.92	  7.96	367 Game time (seconds): 5.370288 Stroke: 1
777	  6.1395	MovieFrame	2	184
10	  6.1441	  24.1191	0.4826	0.4007	0.4824	0.4001	-1	0.2297	0.2191	1	6.9060	  6.1418	   2.1212	0.5906	0.4290	0.5903	0.4295	-1	0.2424	0.2228	1	6.9060	  0.52	  0.91	  7.96	368 Game time (seconds): 5.378562 Stroke: 1
10	  6.1533	   9.2260	0.4836	0.4036	0.4829	0.4015	-1	0.2296	0.2243	1	6.9152	  6.1418	   2.1212	0.5906	0.4290	0.5903	0.4295	-1	0.2424	0.2228	1	6.9060	  0.52	  0.91	  7.96	369 Game time (seconds): 5.402263 Stroke: 1
777	  6.1728	MovieFrame	2	185
10	  6.1776	  24.2500	0.4832	0.4008	0.4830	0.4012	-1	0.2294	0.2173	1	6.9395	  6.1752	   2.1345	0.5910	0.4287	0.5908	0.4296	-1	0.2509	0.2237	1	6.9395	  0.53	  0.91	  7.96	370 Game time (seconds): 5.414152 Stroke: 1
10	  6.1867	   9.1498	0.4838	0.4041	0.4833	0.4024	-1	0.2292	0.2240	1	6.9486	  6.1752	   2.1345	0.5910	0.4287	0.5908	0.4296	-1	0.2509	0.2237	1	6.9395	  0.53	  0.90	  7.96	371 Game time (seconds): 5.437664 Stroke: 1
777	  6.2060	MovieFrame	2	186
10	  6.2111	  24.4154	0.4839	0.4033	0.4836	0.4027	-1	0.2302	0.2245	1	6.9730	  6.2088	   2.1913	0.5917	0.4353	0.5913	0.4334	-1	0.2416	0.2221	1	6.9730	  0.53	  0.88	  7.96	372 Game time (seconds): 5.44576 Stroke: 1
10	  6.2202	   9.0545	0.4831	0.4065	0.4834	0.4043	-1	0.2313	0.2227	1	6.9821	  6.2088	   2.1913	0.5917	0.4353	0.5913	0.4334	-1	0.2416	0.2221	1	6.9730	  0.53	  0.87	  7.96	373 Game time (seconds): 5.469893 Stroke: 1
777	  6.2393	MovieFrame	2	187
10	  6.2444	  24.1768	0.4829	0.4063	0.4832	0.4051	-1	0.2327	0.2234	1	7.0063	  6.2421	   2.2279	0.5933	0.4387	0.5922	0.4368	-1	0.2453	0.2260	1	7.0063	  0.54	  0.85	  7.94	374 Game time (seconds): 5.483075 Stroke: 1
10	  6.2535	   9.0965	0.4812	0.4102	0.4824	0.4071	-1	0.2357	0.2263	1	7.0153	  6.2421	   2.2279	0.5933	0.4387	0.5922	0.4368	-1	0.2453	0.2260	1	7.0063	  0.53	  0.84	  7.93	375 Game time (seconds): 5.504702 Stroke: 1
777	  6.2728	MovieFrame	2	188
10	  6.2778	  24.3884	0.4818	0.4108	0.4822	0.4086	-1	0.2335	0.2247	1	7.0397	  6.2755	   2.2277	0.5931	0.4404	0.5927	0.4395	-1	0.2439	0.2247	1	7.0397	  0.53	  0.81	  7.92	376 Game time (seconds): 5.512905 Stroke: 1
10	  6.2868	   8.9455	0.4811	0.4154	0.4818	0.4113	-1	0.2305	0.2241	1	7.0487	  6.2755	   2.2277	0.5931	0.4404	0.5927	0.4395	-1	0.2439	0.2247	1	7.0397	  0.53	  0.80	  7.91	377 Game time (seconds): 5.536279 Stroke: 1
777	  6.3062	MovieFrame	2	189
10	  6.3112	  24.3865	0.4804	0.4158	0.4812	0.4131	-1	0.2310	0.2245	1	7.0731	  6.3090	   2.2920	0.5921	0.4454	0.5922	0.4434	-1	0.2421	0.2267	1	7.0732	  0.52	  0.77	  7.91	378 Game time (seconds): 5.548254 Stroke: 1
10	  6.3201	   8.9270	0.4809	0.4199	0.4811	0.4158	-1	0.2324	0.2267	1	7.0820	  6.3090	   2.2920	0.5921	0.4454	0.5922	0.4434	-1	0.2421	0.2267	1	7.0732	  0.52	  0.75	  7.91	379 Game time (seconds): 5.571165 Stroke: 1
777	  6.3394	MovieFrame	2	190
10	  6.3444	  24.2618	0.4804	0.4200	0.4808	0.4175	-1	0.2309	0.2248	1	7.1063	  6.3421	   2.2131	0.5922	0.4482	0.5923	0.4470	-1	0.2430	0.2265	1	7.1063	  0.52	  0.73	  7.90	380 Game time (seconds): 5.578884 Stroke: 1
10	  6.3535	   9.1047	0.4803	0.4238	0.4806	0.4200	-1	0.2317	0.2251	1	7.1154	  6.3421	   2.2131	0.5922	0.4482	0.5923	0.4470	-1	0.2430	0.2265	1	7.1063	  0.52	  0.71	  7.90	381 Game time (seconds): 5.6023 Stroke: 1
777	  6.3728	MovieFrame	2	191
10	  6.3780	  24.5578	0.4807	0.4231	0.4806	0.4213	-1	0.2340	0.2259	1	7.1399	  6.3758	   2.1997	0.5920	0.4526	0.5926	0.4506	-1	0.2439	0.2239	1	7.1400	  0.52	  0.69	  7.90	382 Game time (seconds): 5.614857 Stroke: 1
10	  6.3868	   8.7860	0.4573	0.4352	0.4713	0.4268	-1	0.2313	0.2223	1	7.1487	  6.3758	   2.1997	0.5920	0.4526	0.5926	0.4506	-1	0.2439	0.2239	1	7.1400	  0.46	  0.66	  7.76	383 Game time (seconds): 5.63733 Stroke: 1
777	  6.4063	MovieFrame	2	192
10	  6.4115	  24.6628	0.4384	0.4291	0.4582	0.4277	-1	0.2328	0.2296	1	7.1734	  6.4091	   2.2235	0.5498	0.4593	0.5678	0.4577	-1	0.2491	0.2285	1	7.1733	  0.19	  0.61	  7.93	384 Game time (seconds): 5.645928 Stroke: 1
10	  6.4202	   8.7125	0.4397	0.4344	0.4508	0.4304	-1	0.2322	0.2259	1	7.1821	  6.4091	   2.2235	0.5498	0.4593	0.5678	0.4577	-1	0.2491	0.2285	1	7.1733	  0.13	  0.60	  7.82	385 Game time (seconds): 5.672633 Stroke: 1
777	  6.4396	MovieFrame	2	193
10	  6.4446	  24.3778	0.4384	0.4309	0.4458	0.4306	-1	0.2307	0.2286	1	7.2065	  6.4422	   2.1422	0.5509	0.4597	0.5567	0.4597	-1	0.2473	0.2261	1	7.2064	  0.02	  0.59	  7.91	386 Game time (seconds): 5.680145 Stroke: 1
10	  6.4536	   9.0556	0.4386	0.4318	0.4429	0.4311	-1	0.2297	0.2273	1	7.2155	  6.4422	   2.1422	0.5509	0.4597	0.5567	0.4597	-1	0.2473	0.2261	1	7.2064	 -0.00	  0.59	  7.87	387 Game time (seconds): 5.702429 Stroke: 1
777	  6.4730	MovieFrame	2	194
10	  6.4787	  25.0474	0.4388	0.4284	0.4413	0.4300	-1	0.2319	0.2267	1	7.2406	  6.4763	   2.9912	0.5526	0.4584	0.5539	0.4598	-1	0.2491	0.2270	1	7.2405	 -0.03	  0.59	  7.89	388 Game time (seconds): 5.714284 Stroke: 1
10	  6.4871	   8.4202	0.4393	0.4302	0.4405	0.4301	-1	0.2322	0.2289	1	7.2490	  6.4763	   2.9912	0.5526	0.4584	0.5539	0.4598	-1	0.2491	0.2270	1	7.2405	 -0.04	  0.59	  7.87	389 Game time (seconds): 5.737548 Stroke: 1
777	  6.5064	MovieFrame	2	195
10	  6.5116	  24.4783	0.4388	0.4267	0.4398	0.4287	-1	0.2318	0.2278	1	7.2735	  6.5093	   2.1286	0.5537	0.4586	0.5535	0.4595	-1	0.2479	0.2262	1	7.2735	 -0.05	  0.60	  7.87	390 Game time (seconds): 5.746043 Stroke: 1
10	  6.5203	   8.7159	0.4394	0.4266	0.4397	0.4279	-1	0.2342	0.2289	1	7.2822	  6.5093	   2.1286	0.5537	0.4586	0.5535	0.4595	-1	0.2479	0.2262	1	7.2735	 -0.05	  0.60	  7.87	391 Game time (seconds): 5.769606 Stroke: 1
777	  6.5398	MovieFrame	2	196
10	  6.5447	  24.4436	0.4390	0.4245	0.4394	0.4266	-1	0.2326	0.2273	1	7.3066	  6.5425	   2.2423	0.5540	0.4584	0.5537	0.4590	-1	0.2478	0.2266	1	7.3067	 -0.05	  0.61	  7.86	392 Game time (seconds): 5.781359 Stroke: 1
10	  6.5537	   8.9773	0.4391	0.4254	0.4393	0.4261	-1	0.2340	0.2285	1	7.3156	  6.5425	   2.2423	0.5540	0.4584	0.5537	0.4590	-1	0.2478	0.2266	1	7.3067	 -0.05	  0.62	  7.86	393 Game time (seconds): 5.806475 Stroke: 1
777	  6.5732	MovieFrame	2	197
10	  6.5782	  24.5141	0.4388	0.4233	0.4391	0.4250	-1	0.2325	0.2280	1	7.3401	  6.5759	   2.2286	0.5540	0.4582	0.5539	0.4589	-1	0.2478	0.2265	1	7.3401	 -0.05	  0.62	  7.85	394 Game time (seconds): 5.814563 Stroke: 1
10	  6.5871	   8.9043	0.4417	0.4241	0.4401	0.4246	-1	0.2322	0.2264	1	7.3490	  6.5759	   2.2286	0.5540	0.4582	0.5539	0.4589	-1	0.2478	0.2265	1	7.3401	 -0.04	  0.62	  7.87	395 Game time (seconds): 5.835947 Stroke: 1
777	  6.6068	MovieFrame	2	198
10	  6.6116	  24.4935	0.4435	0.4212	0.4415	0.4233	-1	0.2337	0.2285	1	7.3735	  6.6093	   2.2779	0.5568	0.4571	0.5565	0.4583	-1	0.2468	0.2274	1	7.3735	 -0.01	  0.63	  7.85	396 Game time (seconds): 5.84971 Stroke: 1
10	  6.6205	   8.8597	0.4427	0.4253	0.4420	0.4241	-1	0.2326	0.2284	1	7.3824	  6.6093	   2.2779	0.5568	0.4571	0.5565	0.4583	-1	0.2468	0.2274	1	7.3735	 -0.01	  0.63	  7.86	397 Game time (seconds): 5.872832 Stroke: 1
777	  6.6398	MovieFrame	2	199
10	  6.6447	  24.2187	0.4419	0.4238	0.4420	0.4239	-1	0.2338	0.2268	1	7.4066	  6.6424	   2.1814	0.5577	0.4582	0.5567	0.4583	-1	0.2466	0.2316	1	7.4066	 -0.01	  0.63	  7.85	398 Game time (seconds): 5.88207 Stroke: 1
10	  6.6538	   9.0615	0.4417	0.4275	0.4419	0.4254	-1	0.2330	0.2261	1	7.4156	  6.6424	   2.1814	0.5577	0.4582	0.5567	0.4583	-1	0.2466	0.2316	1	7.4066	 -0.01	  0.62	  7.85	399 Game time (seconds): 5.904354 Stroke: 1
777	  6.6737	MovieFrame	2	200
10	  6.6781	  24.3254	0.4418	0.4259	0.4418	0.4256	-1	0.2333	0.2275	1	7.4400	  6.6758	   2.2190	0.5574	0.4579	0.5574	0.4585	-1	0.2487	0.2311	1	7.4400	 -0.01	  0.62	  7.84	400 Game time (seconds): 5.912876 Stroke: 1
10	  6.6872	   9.1042	0.4418	0.4297	0.4418	0.4272	-1	0.2318	0.2262	1	7.4491	  6.6758	   2.2190	0.5574	0.4579	0.5574	0.4585	-1	0.2487	0.2311	1	7.4400	 -0.01	  0.61	  7.84	401 Game time (seconds): 5.936203 Stroke: 1
777	  6.7066	MovieFrame	2	201
10	  6.7116	  24.3927	0.4421	0.4270	0.4419	0.4271	-1	0.2335	0.2266	1	7.4735	  6.7093	   2.1860	0.5589	0.4571	0.5580	0.4588	-1	0.2485	0.2293	1	7.4735	 -0.00	  0.61	  7.84	402 Game time (seconds): 5.948961 Stroke: 1
10	  6.7205	   8.9537	0.4424	0.4283	0.4421	0.4276	-1	0.2339	0.2264	1	7.4824	  6.7093	   2.1860	0.5589	0.4571	0.5580	0.4588	-1	0.2485	0.2293	1	7.4735	  0.00	  0.61	  7.84	403 Game time (seconds): 5.972661 Stroke: 1
777	  6.7396	MovieFrame	2	202
10	  6.7448	  24.3097	0.4421	0.4255	0.4421	0.4267	-1	0.2323	0.2242	1	7.5067	  6.7425	   2.2213	0.5592	0.4566	0.5582	0.4578	-1	0.2470	0.2285	1	7.5067	  0.00	  0.62	  7.83	404 Game time (seconds): 5.981201 Stroke: 1
10	  6.7538	   8.9619	0.4432	0.4264	0.4425	0.4266	-1	0.2330	0.2263	1	7.5157	  6.7425	   2.2213	0.5592	0.4566	0.5582	0.4578	-1	0.2470	0.2285	1	7.5067	  0.01	  0.62	  7.84	405 Game time (seconds): 6.004007 Stroke: 1
777	  6.7731	MovieFrame	2	203
10	  6.7782	  24.4087	0.4439	0.4222	0.4431	0.4249	-1	0.2307	0.2246	1	7.5401	  6.7758	   2.0726	0.5600	0.4563	0.5594	0.4571	-1	0.2450	0.2288	1	7.5400	  0.02	  0.63	  7.83	406 Game time (seconds): 6.012501 Stroke: 1
10	  6.7873	   9.0767	0.4448	0.4229	0.4438	0.4241	-1	0.2288	0.2221	1	7.5492	  6.7758	   2.0726	0.5600	0.4563	0.5594	0.4571	-1	0.2450	0.2288	1	7.5400	  0.02	  0.64	  7.84	407 Game time (seconds): 6.03929 Stroke: 1
777	  6.8066	MovieFrame	2	204
10	  6.8117	  24.4049	0.4454	0.4185	0.4444	0.4219	-1	0.2284	0.2238	1	7.5736	  6.8094	   2.1260	0.5607	0.4556	0.5602	0.4564	-1	0.2424	0.2286	1	7.5736	  0.03	  0.65	  7.84	408 Game time (seconds): 6.04775 Stroke: 1
10	  6.8206	   8.8990	0.4453	0.4182	0.4448	0.4204	-1	0.2309	0.2237	1	7.5825	  6.8094	   2.1260	0.5607	0.4556	0.5602	0.4564	-1	0.2424	0.2286	1	7.5736	  0.04	  0.66	  7.84	409 Game time (seconds): 6.071674 Stroke: 1
777	  6.8408	MovieFrame	2	205
10	  6.8449	  24.3542	0.4448	0.4151	0.4448	0.4183	-1	0.2291	0.2225	1	7.6068	  6.8427	   2.2304	0.5607	0.4537	0.5606	0.4551	-1	0.2418	0.2287	1	7.6069	  0.04	  0.68	  7.84	410 Game time (seconds): 6.079606 Stroke: 1
10	  6.8541	   9.1269	0.4447	0.4157	0.4448	0.4173	-1	0.2296	0.2227	1	7.6160	  6.8427	   2.2304	0.5607	0.4537	0.5606	0.4551	-1	0.2418	0.2287	1	7.6069	  0.04	  0.68	  7.84	411 Game time (seconds): 6.103665 Stroke: 1
777	  6.8733	MovieFrame	2	206
10	  6.8785	  24.4250	0.4446	0.4130	0.4447	0.4156	-1	0.2280	0.2215	1	7.6404	  6.8762	   2.2275	0.5596	0.4521	0.5602	0.4535	-1	0.2398	0.2272	1	7.6404	  0.03	  0.70	  7.84	412 Game time (seconds): 6.116005 Stroke: 1
10	  6.8873	   8.8489	0.4438	0.4140	0.4443	0.4149	-1	0.2262	0.2195	1	7.6492	  6.8762	   2.2275	0.5596	0.4521	0.5602	0.4535	-1	0.2398	0.2272	1	7.6404	  0.03	  0.71	  7.84	413 Game time (seconds): 6.137374 Stroke: 1
777	  6.9063	MovieFrame	2	207
10	  6.9124	  25.0107	0.4432	0.4113	0.4439	0.4135	-1	0.2273	0.2205	1	7.6743	  6.9101	   3.0424	0.5581	0.4485	0.5590	0.4510	-1	0.2432	0.2266	1	7.6743	  0.02	  0.73	  7.85	414 Game time (seconds): 6.146441 Stroke: 1
10	  6.9206	   8.2943	0.4421	0.4121	0.4432	0.4129	-1	0.2284	0.2214	1	7.6825	  6.9101	   3.0424	0.5581	0.4485	0.5590	0.4510	-1	0.2432	0.2266	1	7.6743	  0.02	  0.73	  7.84	415 Game time (seconds): 6.173203 Stroke: 1
777	  6.9398	MovieFrame	2	208
10	  6.9450	  24.3738	0.4419	0.4105	0.4427	0.4120	-1	0.2270	0.2198	1	7.7069	  6.9427	   2.2302	0.5565	0.4489	0.5575	0.4501	-1	0.2381	0.2262	1	7.7069	  0.00	  0.74	  7.85	416 Game time (seconds): 6.182566 Stroke: 1
10	  6.9540	   8.9886	0.4415	0.4121	0.4422	0.4120	-1	0.2232	0.2186	1	7.7159	  6.9427	   2.2302	0.5565	0.4489	0.5575	0.4501	-1	0.2381	0.2262	1	7.7069	 -0.00	  0.74	  7.85	417 Game time (seconds): 6.203158 Stroke: 1
777	  6.9735	MovieFrame	2	209
10	  6.9786	  24.6107	0.4420	0.4098	0.4421	0.4111	-1	0.2257	0.2191	1	7.7405	  6.9763	   2.2016	0.5555	0.4477	0.5563	0.4492	-1	0.2380	0.2240	1	7.7405	 -0.01	  0.75	  7.86	418 Game time (seconds): 6.216388 Stroke: 1
10	  6.9875	   8.8280	0.4417	0.4113	0.4419	0.4112	-1	0.2270	0.2196	1	7.7493	  6.9763	   2.2016	0.5555	0.4477	0.5563	0.4492	-1	0.2380	0.2240	1	7.7405	 -0.01	  0.75	  7.86	419 Game time (seconds): 6.238056 Stroke: 1
777	  7.0068	MovieFrame	2	210
10	  7.0120	  24.5310	0.4414	0.4116	0.4417	0.4114	-1	0.2231	0.2185	1	7.7739	  7.0096	   2.1335	0.5550	0.4484	0.5557	0.4491	-1	0.2391	0.2219	1	7.7738	 -0.02	  0.75	  7.87	420 Game time (seconds): 6.246538 Stroke: 1
10	  7.0208	   8.8187	0.4408	0.4150	0.4414	0.4128	-1	0.2264	0.2194	1	7.7827	  7.0096	   2.1335	0.5550	0.4484	0.5557	0.4491	-1	0.2391	0.2219	1	7.7738	 -0.02	  0.74	  7.86	421 Game time (seconds): 6.26962 Stroke: 1
777	  7.0401	MovieFrame	2	211
10	  7.0453	  24.5031	0.4408	0.4140	0.4411	0.4133	-1	0.2274	0.2192	1	7.8072	  7.0430	   2.2512	0.5558	0.4514	0.5557	0.4507	-1	0.2393	0.2228	1	7.8072	 -0.02	  0.73	  7.86	422 Game time (seconds): 6.282189 Stroke: 1
10	  7.0542	   8.8889	0.4407	0.4171	0.4410	0.4148	-1	0.2249	0.2183	1	7.8161	  7.0430	   2.2512	0.5558	0.4514	0.5557	0.4507	-1	0.2393	0.2228	1	7.8072	 -0.02	  0.72	  7.85	423 Game time (seconds): 6.303679 Stroke: 1
777	  7.0738	MovieFrame	2	212
10	  7.0789	  24.7144	0.4410	0.4153	0.4410	0.4150	-1	0.2262	0.2198	1	7.8408	  7.0765	   2.2632	0.5560	0.4519	0.5559	0.4520	-1	0.2421	0.2230	1	7.8408	 -0.02	  0.71	  7.85	424 Game time (seconds): 6.316407 Stroke: 1
10	  7.0876	   8.6698	0.4414	0.4173	0.4412	0.4159	-1	0.2245	0.2193	1	7.8495	  7.0765	   2.2632	0.5560	0.4519	0.5559	0.4520	-1	0.2421	0.2230	1	7.8408	 -0.02	  0.71	  7.85	425 Game time (seconds): 6.338705 Stroke: 1
777	  7.1069	MovieFrame	2	213
10	  7.1119	  24.2786	0.4414	0.4156	0.4412	0.4158	-1	0.2252	0.2193	1	7.8738	  7.1096	   2.1492	0.5563	0.4526	0.5561	0.4527	-1	0.2415	0.2224	1	7.8738	 -0.02	  0.70	  7.85	426 Game time (seconds): 6.348341 Stroke: 1
10	  7.1208	   8.9803	0.4420	0.4179	0.4415	0.4166	-1	0.2240	0.2178	1	7.8827	  7.1096	   2.1492	0.5563	0.4526	0.5561	0.4527	-1	0.2415	0.2224	1	7.8738	 -0.02	  0.70	  7.86	427 Game time (seconds): 6.37358 Stroke: 1
777	  7.1404	MovieFrame	2	214
10	  7.1455	  24.6278	0.4421	0.4166	0.4418	0.4166	-1	0.2252	0.2190	1	7.9074	  7.1432	   2.1633	0.5566	0.4531	0.5564	0.4529	-1	0.2415	0.2222	1	7.9074	 -0.01	  0.70	  7.86	428 Game time (seconds): 6.382309 Stroke: 1
10	  7.1544	   8.9245	0.4432	0.4177	0.4423	0.4170	-1	0.2266	0.2195	1	7.9163	  7.1432	   2.1633	0.5566	0.4531	0.5564	0.4529	-1	0.2415	0.2222	1	7.9074	 -0.01	  0.70	  7.86	429 Game time (seconds): 6.40519 Stroke: 1
777	  7.1736	MovieFrame	2	215
10	  7.1786	  24.2073	0.4434	0.4152	0.4428	0.4163	-1	0.2250	0.2183	1	7.9405	  7.1763	   2.1649	0.5579	0.4521	0.5571	0.4532	-1	0.2394	0.2247	1	7.9406	 -0.00	  0.70	  7.86	430 Game time (seconds): 6.413373 Stroke: 1
10	  7.1876	   9.0403	0.4433	0.4165	0.4430	0.4164	-1	0.2259	0.2181	1	7.9495	  7.1763	   2.1649	0.5579	0.4521	0.5571	0.4532	-1	0.2394	0.2247	1	7.9406	  0.00	  0.70	  7.86	431 Game time (seconds): 6.442018 Stroke: 1
777	  7.2071	MovieFrame	2	216
10	  7.2121	  24.4215	0.4436	0.4134	0.4432	0.4152	-1	0.2238	0.2184	1	7.9740	  7.2097	   2.1967	0.5574	0.4516	0.5575	0.4523	-1	0.2392	0.2232	1	7.9739	  0.01	  0.71	  7.86	432 Game time (seconds): 6.44687 Stroke: 1
10	  7.2210	   8.9179	0.4434	0.4140	0.4433	0.4147	-1	0.2250	0.2191	1	7.9829	  7.2097	   2.1967	0.5574	0.4516	0.5575	0.4523	-1	0.2392	0.2232	1	7.9739	  0.01	  0.71	  7.86	433 Game time (seconds): 6.471012 Stroke: 1
777	  7.2404	MovieFrame	2	217
10	  7.2454	  24.4459	0.4438	0.4114	0.4435	0.4134	-1	0.2230	0.2176	1	8.0073	  7.2432	   2.2929	0.5583	0.4498	0.5581	0.4510	-1	0.2374	0.2248	1	8.0074	  0.01	  0.73	  7.86	434 Game time (seconds): 6.482987 Stroke: 1
10	  7.2544	   8.9932	0.4439	0.4119	0.4437	0.4128	-1	0.2233	0.2184	1	8.0163	  7.2432	   2.2929	0.5583	0.4498	0.5581	0.4510	-1	0.2374	0.2248	1	8.0074	  0.01	  0.73	  7.86	435 Game time (seconds): 6.505232 Stroke: 1
777	  7.2740	MovieFrame	2	218
10	  7.2789	  24.4863	0.4440	0.4078	0.4438	0.4108	-1	0.2224	0.2176	1	8.0408	  7.2766	   2.1794	0.5575	0.4477	0.5579	0.4493	-1	0.2370	0.2239	1	8.0408	  0.01	  0.75	  7.86	436 Game time (seconds): 6.513199 Stroke: 1
10	  7.2877	   8.8027	0.4436	0.4080	0.4437	0.4097	-1	0.2235	0.2191	1	8.0496	  7.2766	   2.1794	0.5575	0.4477	0.5579	0.4493	-1	0.2370	0.2239	1	8.0408	  0.01	  0.76	  7.86	437 Game time (seconds): 6.539424 Stroke: 1
777	  7.3074	MovieFrame	2	219
10	  7.3121	  24.3672	0.4432	0.4059	0.4435	0.4081	-1	0.2215	0.2176	1	8.0740	  7.3098	   2.1667	0.5574	0.4458	0.5576	0.4477	-1	0.2367	0.2248	1	8.0740	  0.01	  0.77	  7.86	438 Game time (seconds): 6.547823 Stroke: 1
10	  7.3211	   9.0309	0.4430	0.4071	0.4433	0.4077	-1	0.2234	0.2194	1	8.0830	  7.3098	   2.1667	0.5574	0.4458	0.5576	0.4477	-1	0.2367	0.2248	1	8.0740	  0.01	  0.77	  7.86	439 Game time (seconds): 6.572082 Stroke: 1
777	  7.3405	MovieFrame	2	220
10	  7.3456	  24.4558	0.4427	0.4035	0.4431	0.4061	-1	0.2238	0.2201	1	8.1075	  7.3432	   2.2315	0.5571	0.4434	0.5575	0.4455	-1	0.2378	0.2244	1	8.1074	  0.00	  0.80	  7.86	440 Game time (seconds): 6.57978 Stroke: 1
10	  7.3544	   8.8215	0.4431	0.4054	0.4431	0.4058	-1	0.2220	0.2181	1	8.1163	  7.3432	   2.2315	0.5571	0.4434	0.5575	0.4455	-1	0.2378	0.2244	1	8.1074	  0.00	  0.80	  7.86	441 Game time (seconds): 6.607413 Stroke: 1
777	  7.3738	MovieFrame	2	221
10	  7.3798	  25.4278	0.4429	0.4026	0.4430	0.4045	-1	0.2236	0.2202	1	8.1417	  7.3775	   3.0106	0.5588	0.4417	0.5579	0.4439	-1	0.2413	0.2264	1	8.1417	  0.01	  0.81	  7.85	442 Game time (seconds): 6.614734 Stroke: 1
10	  7.3877	   7.9013	0.4433	0.4045	0.4431	0.4045	-1	0.2229	0.2186	1	8.1496	  7.3775	   3.0106	0.5588	0.4417	0.5579	0.4439	-1	0.2413	0.2264	1	8.1417	  0.01	  0.81	  7.85	443 Game time (seconds): 6.641551 Stroke: 1
777	  7.4073	MovieFrame	2	222
10	  7.4130	  25.3409	0.4440	0.4016	0.4435	0.4033	-1	0.2198	0.2153	1	8.1749	  7.4107	   2.9873	0.5577	0.4425	0.5580	0.4434	-1	0.2400	0.2247	1	8.1749	  0.01	  0.82	  7.86	444 Game time (seconds): 6.650381 Stroke: 1
10	  7.4212	   8.1058	0.4436	0.4046	0.4435	0.4039	-1	0.2214	0.2171	1	8.1830	  7.4107	   2.9873	0.5577	0.4425	0.5580	0.4434	-1	0.2400	0.2247	1	8.1749	  0.01	  0.82	  7.86	445 Game time (seconds): 6.672561 Stroke: 1
777	  7.4406	MovieFrame	2	223
10	  7.4465	  25.3804	0.4440	0.4009	0.4437	0.4027	-1	0.2243	0.2195	1	8.2084	  7.4443	   2.9377	0.5586	0.4428	0.5584	0.4434	-1	0.2382	0.2227	1	8.2085	  0.02	  0.82	  7.85	446 Game time (seconds): 6.68152 Stroke: 1
10	  7.4545	   7.9809	0.4440	0.4042	0.4438	0.4033	-1	0.2226	0.2175	1	8.2164	  7.4443	   2.9377	0.5586	0.4428	0.5584	0.4434	-1	0.2382	0.2227	1	8.2085	  0.02	  0.82	  7.86	447 Game time (seconds): 6.708579 Stroke: 1
777	  7.4745	MovieFrame	2	224
10	  7.4797	  25.1464	0.4441	0.4010	0.4439	0.4024	-1	0.2242	0.2196	1	8.2416	  7.4774	   2.9229	0.5586	0.4426	0.5587	0.4432	-1	0.2402	0.2222	1	8.2416	  0.02	  0.83	  7.85	448 Game time (seconds): 6.71324 Stroke: 1
10	  7.4879	   8.2823	0.4445	0.4046	0.4442	0.4033	-1	0.2232	0.2170	1	8.2498	  7.4774	   2.9229	0.5586	0.4426	0.5587	0.4432	-1	0.2402	0.2222	1	8.2416	  0.02	  0.82	  7.86	449 Game time (seconds): 6.739924 Stroke: 1
777	  7.5076	MovieFrame	2	225
10	  7.5124	  24.4543	0.4438	0.4036	0.4440	0.4034	-1	0.2230	0.2188	1	8.2743	  7.5101	   2.2872	0.5593	0.4445	0.5590	0.4443	-1	0.2381	0.2247	1	8.2743	  0.02	  0.82	  7.85	450 Game time (seconds): 6.748689 Stroke: 1
10	  7.5213	   8.8927	0.4441	0.4057	0.4441	0.4043	-1	0.2246	0.2197	1	8.2832	  7.5101	   2.2872	0.5593	0.4445	0.5590	0.4443	-1	0.2381	0.2247	1	8.2743	  0.02	  0.81	  7.85	451 Game time (seconds): 6.773026 Stroke: 1
777	  7.5407	MovieFrame	2	226
10	  7.5467	  25.4017	0.4428	0.4051	0.4436	0.4046	-1	0.2217	0.2193	1	8.3086	  7.5444	   2.8455	0.5554	0.4450	0.5576	0.4451	-1	0.2387	0.2242	1	8.3086	  0.01	  0.81	  7.86	452 Game time (seconds): 6.781327 Stroke: 1
10	  7.5547	   7.9670	0.4348	0.4034	0.4400	0.4041	-1	0.2228	0.2196	1	8.3166	  7.5444	   2.8455	0.5554	0.4450	0.5576	0.4451	-1	0.2387	0.2242	1	8.3086	 -0.02	  0.81	  7.81	453 Game time (seconds): 6.809135 Stroke: 1
777	  7.5741	MovieFrame	2	227
10	  7.5799	  25.2021	0.4379	0.4021	0.4392	0.4033	-1	0.2223	0.2165	1	8.3418	  7.5776	   2.8732	0.5523	0.4411	0.5539	0.4428	-1	0.2467	0.2275	1	8.3418	 -0.05	  0.82	  7.85	454 Game time (seconds): 6.813599 Stroke: 1
10	  7.5879	   8.0791	0.4372	0.4062	0.4384	0.4045	-1	0.2236	0.2182	1	8.3498	  7.5776	   2.8732	0.5523	0.4411	0.5539	0.4428	-1	0.2467	0.2275	1	8.3418	 -0.06	  0.82	  7.84	455 Game time (seconds): 6.841325 Stroke: 1
777	  7.6077	MovieFrame	2	228
10	  7.6126	  24.6450	0.4371	0.4047	0.4378	0.4046	-1	0.2221	0.2164	1	8.3745	  7.6102	   2.1790	0.5521	0.4450	0.5529	0.4448	-1	0.2423	0.2261	1	8.3744	 -0.07	  0.81	  7.85	456 Game time (seconds): 6.849722 Stroke: 1
10	  7.6213	   8.7175	0.4356	0.4070	0.4369	0.4055	-1	0.2234	0.2212	1	8.3832	  7.6102	   2.1790	0.5521	0.4450	0.5529	0.4448	-1	0.2423	0.2261	1	8.3744	 -0.07	  0.80	  7.84	457 Game time (seconds): 6.871645 Stroke: 1
777	  7.6408	MovieFrame	2	229
10	  7.6466	  25.2659	0.4364	0.4066	0.4367	0.4060	-1	0.2226	0.2165	1	8.4085	  7.6443	   2.9280	0.5531	0.4492	0.5529	0.4479	-1	0.2423	0.2251	1	8.4085	 -0.07	  0.78	  7.83	458 Game time (seconds): 6.880223 Stroke: 1
10	  7.6547	   8.1173	0.4356	0.4101	0.4363	0.4076	-1	0.2254	0.2193	1	8.4166	  7.6443	   2.9280	0.5531	0.4492	0.5529	0.4479	-1	0.2423	0.2251	1	8.4085	 -0.08	  0.77	  7.83	459 Game time (seconds): 6.907108 Stroke: 1
777	  7.6750	MovieFrame	2	230
10	  7.6790	  24.3584	0.4357	0.4081	0.4361	0.4078	-1	0.2264	0.2196	1	8.4409	  7.6767	   2.2061	0.5538	0.4507	0.5533	0.4497	-1	0.2448	0.2256	1	8.4409	 -0.08	  0.76	  7.82	460 Game time (seconds): 6.916022 Stroke: 1
10	  7.6880	   8.9811	0.4353	0.4110	0.4357	0.4091	-1	0.2253	0.2199	1	8.4499	  7.6767	   2.2061	0.5538	0.4507	0.5533	0.4497	-1	0.2448	0.2256	1	8.4409	 -0.08	  0.76	  7.81	461 Game time (seconds): 6.938532 Stroke: 1
777	  7.7079	MovieFrame	2	231
10	  7.7126	  24.6139	0.4354	0.4086	0.4356	0.4089	-1	0.2250	0.2197	1	8.4745	  7.7104	   2.2771	0.5541	0.4528	0.5538	0.4516	-1	0.2416	0.2254	1	8.4746	 -0.08	  0.75	  7.80	462 Game time (seconds): 6.946945 Stroke: 1
10	  7.7214	   8.7943	0.4355	0.4113	0.4355	0.4099	-1	0.2272	0.2218	1	8.4833	  7.7104	   2.2771	0.5541	0.4528	0.5538	0.4516	-1	0.2416	0.2254	1	8.4746	 -0.08	  0.74	  7.80	463 Game time (seconds): 6.973681 Stroke: 1
777	  7.7409	MovieFrame	2	232
10	  7.7461	  24.6439	0.4350	0.4099	0.4353	0.4099	-1	0.2263	0.2200	1	8.5080	  7.7437	   2.1950	0.5538	0.4534	0.5538	0.4528	-1	0.2421	0.2254	1	8.5079	 -0.08	  0.74	  7.80	464 Game time (seconds): 6.981723 Stroke: 1
10	  7.7548	   8.6911	0.4353	0.4120	0.4353	0.4107	-1	0.2250	0.2188	1	8.5167	  7.7437	   2.1950	0.5538	0.4534	0.5538	0.4528	-1	0.2421	0.2254	1	8.5079	 -0.08	  0.73	  7.80	465 Game time (seconds): 7.00575 Stroke: 1
777	  7.7742	MovieFrame	2	233
10	  7.7793	  24.5742	0.4346	0.4095	0.4350	0.4102	-1	0.2264	0.2215	1	8.5412	  7.7770	   2.2259	0.5536	0.4535	0.5536	0.4535	-1	0.2420	0.2264	1	8.5412	 -0.08	  0.73	  7.80	466 Game time (seconds): 7.013562 Stroke: 1
10	  7.7882	   8.8599	0.4267	0.4095	0.4317	0.4100	-1	0.2261	0.2174	1	8.5501	  7.7770	   2.2259	0.5536	0.4535	0.5536	0.4535	-1	0.2420	0.2264	1	8.5412	 -0.10	  0.73	  7.75	467 Game time (seconds): 7.038431 Stroke: 1
777	  7.8080	MovieFrame	2	234
10	  7.8128	  24.6071	0.3840	0.3807	0.4126	0.3983	-1	0.2232	0.2097	1	8.5747	  7.8104	   2.1890	0.4911	0.4269	0.5242	0.4410	1	0.2384	0.2277	1	8.5746	 -0.45	  0.86	  7.90	468 Game time (seconds): 7.047307 Stroke: 1
10	  7.8215	   8.6957	0.3516	0.3693	0.3882	0.3867	-1	0.2219	0.2075	1	8.5834	  7.8104	   2.1890	0.4911	0.4269	0.5242	0.4410	1	0.2384	0.2277	1	8.5746	 -0.63	  0.92	  7.55	469 Game time (seconds): 7.073564 Stroke: 1
777	  7.8412	MovieFrame	2	235
10	  7.8461	  24.6106	0.3422	0.3661	0.3698	0.3784	-1	0.2199	0.2066	1	8.6080	  7.8438	   2.2681	0.4531	0.4152	0.4796	0.4254	1	0.2449	0.2317	1	8.6080	 -1.08	  1.05	  7.93	470 Game time (seconds): 7.081123 Stroke: 1
10	  7.8549	   8.7856	0.3407	0.3715	0.3582	0.3757	-1	0.2207	0.2079	1	8.6168	  7.8438	   2.2681	0.4531	0.4152	0.4796	0.4254	1	0.2449	0.2317	1	8.6080	 -1.16	  1.07	  7.76	471		
777	  7.8743	MovieFrame	2	236
10	  7.8801	  25.2068	0.3390	0.3720	0.3505	0.3742	-1	0.2184	0.2071	1	8.6420	  7.8779	   2.9833	0.4547	0.4180	0.4635	0.4214	-1	0.2473	0.2304	1	8.6421	 -1.33	  1.10	  7.88	472		
10	  7.8884	   8.2438	0.3386	0.3757	0.3457	0.3748	-1	0.2222	0.2086	1	8.6502	  7.8779	   2.9833	0.4547	0.4180	0.4635	0.4214	-1	0.2473	0.2304	1	8.6421	 -1.36	  1.09	  7.81	473		
777	  7.9077	MovieFrame	2	237
10	  7.9128	  24.4130	0.3389	0.3747	0.3430	0.3748	-1	0.2173	0.2068	1	8.6747	  7.9105	   2.1797	0.4537	0.4127	0.4577	0.4182	-1	0.2714	0.2312	1	8.6747	 -1.42	  1.11	  7.86	474		
10	  7.9216	   8.7924	0.3385	0.3798	0.3412	0.3768	-1	0.2228	0.2061	1	8.6835	  7.9105	   2.1797	0.4537	0.4127	0.4577	0.4182	-1	0.2714	0.2312	1	8.6747	 -1.44	  1.10	  7.83	475		
777	  7.9410	MovieFrame	2	238
10	  7.9469	  25.3414	0.3384	0.3824	0.3401	0.3790	-1	0.2192	0.2063	1	8.7088	  7.9446	   2.9614	0.4598	0.4302	0.4588	0.4254	-1	0.2445	0.2283	1	8.7088	 -1.44	  1.05	  7.80	476		
10	  7.9549	   8.0221	0.3385	0.3875	0.3394	0.3824	-1	0.2207	0.2066	1	8.7168	  7.9446	   2.9614	0.4598	0.4302	0.4588	0.4254	-1	0.2445	0.2283	1	8.7088	 -1.44	  1.03	  7.79	477		
777	  7.9745	MovieFrame	2	239
10	  7.9796	  24.6535	0.3386	0.3889	0.3391	0.3850	-1	0.2191	0.2050	1	8.7415	  7.9772	   2.2395	0.4606	0.4354	0.4597	0.4319	-1	0.2475	0.2310	1	8.7414	 -1.44	  0.98	  7.77	478		
10	  7.9884	   8.8081	0.3379	0.3938	0.3386	0.3885	-1	0.2199	0.2072	1	8.7503	  7.9772	   2.2395	0.4606	0.4354	0.4597	0.4319	-1	0.2475	0.2310	1	8.7414	 -1.44	  0.96	  7.76	479		
777	  8.0077	MovieFrame	2	240
10	  8.0128	  24.3956	0.3386	0.3936	0.3386	0.3905	-1	0.2181	0.2062	1	8.7747	  8.0105	   2.2137	0.4636	0.4416	0.4620	0.4384	1	0.2478	0.2295	1	8.7748	 -1.42	  0.92	  7.73	480		
10	  8.0217	   8.9584	0.3390	0.3983	0.3387	0.3937	-1	0.2172	0.2052	1	8.7836	  8.0105	   2.2137	0.4636	0.4416	0.4620	0.4384	1	0.2478	0.2295	1	8.7748	 -1.42	  0.90	  7.73	481		
777	  8.0410	MovieFrame	2	241
10	  8.0464	  24.6480	0.3482	0.4040	0.3425	0.3978	-1	0.2105	0.1865	1	8.8083	  8.0441	   2.1169	0.4766	0.4706	0.4682	0.4527	1	0.2431	0.2293	1	8.8083	 -1.35	  0.80	  7.70	482		
10	  8.0551	   8.7502	0.4027	0.4860	0.3666	0.4331	-1	0.2157	0.1976	1	8.8170	  8.0441	   2.1169	0.4766	0.4706	0.4682	0.4527	1	0.2431	0.2293	1	8.8083	 -1.18	  0.61	  8.05	483		
777	  8.0750	MovieFrame	2	242
10	  8.0796	  24.4930	0.4467	0.5517	0.3986	0.4806	-1	0.2179	0.1983	1	8.8415	  8.0780	   2.8554	0.5412	0.6108	0.5089	0.5392	1	0.2305	0.2240	1	8.8422	 -0.66	 -0.11	  7.92	484		
10	  8.0884	   8.8153	0.4662	0.6125	0.4257	0.5333	-1	0.2227	0.1935	1	8.8503	  8.0780	   2.8554	0.5412	0.6108	0.5089	0.5392	1	0.2305	0.2240	1	8.8422	 -0.47	 -0.39	  8.35	485		
