3	Product Version: USB-60x3
3	Executable File Version: 2.9.5,311 
3	Program Build Date: Dec 13 2019,  12:14:04
3	Customer Serial Number:  200-1680-1-1
3	Customer Name:  NNL DEMO 
3	Customer Organization:  NNL DEMO 
3	--------------------------------------------------------
3	TimeValues	2024	9	25	17	18	1	UTC
3	TimeStamp	Wednesday, September 25, 2024, 10:18:01 AM 
3	DataFormat	2.9.3,113
3	ScreenSize	142.857	107.143	// full screen size (not measured lines) in mm
3	ViewingDistance	100
3	InterPupillaryDistance	60
3	ImageShape	Fit
3	SmoothingMethod	ExponentialMovingAverage
3	SmoothingPoints	4
3	BinocularAveraging	Off
3	eyeA:pupilSegmentationMethod	Ellipse
3	eyeA:gazeNudge	0	0
3	eyeB:pupilSegmentationMethod	Ellipse
3	eyeB:gazeNudge	0	0
3	--------------------------------------------------------
3	Data Notes:
3	 1) X_Gaze and Y_Gaze are uncorrected gaze values (no smoothing, etc...).
3	 2) X_CorrectedGaze and Y_CorrectedGaze are corrected gaze values that may include smoothing, averaging, parallax correction, nudging, etc...
3	 3) Regions are calculated with respect to the corrected gaze values.
3	 4) PupilWidth and PupilHeight calculations are relative to which pupil segmentation method is active.
3	    a) Ellipse - PupilWidth is the major-axis (larger value) and PupilHeight is the minor-axis (smaller value).
3	       The major-axis and the minor-axis are both normalized by the width of the EyeCamera window so the scales of the axes are commensurable.
3	    b) Oval Fit - PupilWidth is the HORIZONTAL dimension and PupilHeight is the VERTICAL dimension of the rectangular bounding box of the unrotated Oval.
3	       The HORIZONTAL and VERTICAL dimensions are both normalized by the width and height of the EyeCamera window respectively so the scales of the axes are incommensurable (see manual for details).
3	    c) Centroid - PupilWidth and PupilHeight are 0, because no pupil size is obtained.
3	--------------------------------------------------------
3	 idName	
3	 idTest	
3	 idSession	
3	 idNotes	
17	MovieFile	1	D:\UnityProjectsGit\GolfSim\Assets\VPx64-Client/Data/20240925_101801.avi
3	--------------------------------------------------------
6	ATT	ADT	ALX	ALY	ACX	ACY	ARI	APW	APH	AQU	AFX	BTT	BDT	BLX	BLY	BCX	BCY	BRI	BPW	BPH	BQU	BFX	GPX	GPY	GPZ	CNT	MRK	STR
5	TotalTime	DeltaTime	X_Gaze	Y_Gaze	X_CorrectedGaze	Y_CorrectedGaze	Region	PupilWidth	PupilHeight	Quality	Fixation	TotalTime	DeltaTime	X_Gaze	Y_Gaze	X_CorrectedGaze	Y_CorrectedGaze	Region	PupilWidth	PupilHeight	Quality	Fixation	 X 	 Y 	 Z 	Count	Marker	String
7	 0.000000	EyeA FrameRate	60
7	 0.000000	EyeB FrameRate	60
16	 0.000000	STARTUP.BMP
10	  0.0000	   7.5078	0.4513	0.5896	0.4506	0.5901	-1	0.2444	0.2210	1	1.9016	 -0.0023	   2.2331	0.5534	0.6213	0.5520	0.6226	-1	0.2467	0.2463	1	1.9016	  0.02	 -1.14	  8.05	0	+	
10	  0.0101	  10.0768	0.4507	0.5923	0.4506	0.5910	-1	0.2437	0.2255	1	1.9117	 -0.0023	   2.2331	0.5534	0.6213	0.5520	0.6226	-1	0.2467	0.2463	1	1.9016	  0.02	 -1.14	  8.06	1		
777	  0.0299	MovieFrame	2	0
10	  0.0338	  23.7219	0.4518	0.5900	0.4511	0.5906	-1	0.2428	0.2227	1	1.9354	  0.0314	   2.0830	0.5547	0.6220	0.5532	0.6227	-1	0.2479	0.2429	1	1.9353	  0.03	 -1.14	  8.04	2 Game time (seconds): 14.32982 Stroke: 0
10	  0.0418	   8.0121	0.4534	0.5911	0.4520	0.5908	-1	0.2434	0.2194	1	1.9434	  0.0314	   2.0830	0.5547	0.6220	0.5532	0.6227	-1	0.2479	0.2429	1	1.9353	  0.04	 -1.14	  8.06	3 Game time (seconds): 14.34982 Stroke: 0
777	  0.0624	MovieFrame	2	1
10	  0.0672	  25.4379	0.4521	0.5895	0.4521	0.5903	-1	0.2419	0.2229	1	1.9688	  0.0650	   2.3508	0.5550	0.6217	0.5541	0.6226	-1	0.2477	0.2439	1	1.9689	  0.04	 -1.14	  8.04	4 Game time (seconds): 14.3567 Stroke: 0
10	  0.0751	   7.8907	0.4519	0.5907	0.4520	0.5904	-1	0.2435	0.2239	1	1.9767	  0.0650	   2.3508	0.5550	0.6217	0.5541	0.6226	-1	0.2477	0.2439	1	1.9689	  0.04	 -1.14	  8.04	5 Game time (seconds): 14.38529 Stroke: 0
777	  0.0957	MovieFrame	2	2
10	  0.1006	  25.4691	0.4522	0.5896	0.4521	0.5901	-1	0.2434	0.2254	1	2.0022	  0.0982	   2.1641	0.5565	0.6220	0.5549	0.6234	-1	0.2439	0.2361	1	2.0022	  0.05	 -1.14	  8.03	6 Game time (seconds): 14.39012 Stroke: 0
10	  0.1084	   7.7855	0.4518	0.5909	0.4520	0.5904	-1	0.2442	0.2253	1	2.0100	  0.0982	   2.1641	0.5565	0.6220	0.5549	0.6234	-1	0.2439	0.2361	1	2.0022	  0.05	 -1.15	  8.03	7 Game time (seconds): 14.41494 Stroke: 0
777	  0.1304	MovieFrame	2	3
10	  0.1340	  25.6416	0.4520	0.5891	0.4520	0.5899	-1	0.2433	0.2247	1	2.0356	  0.1318	   2.2786	0.5558	0.6227	0.5554	0.6232	-1	0.2463	0.2424	1	2.0357	  0.05	 -1.14	  8.02	8 Game time (seconds): 14.42345 Stroke: 0
10	  0.1418	   7.7940	0.4516	0.5907	0.4518	0.5902	-1	0.2442	0.2258	1	2.0434	  0.1318	   2.2786	0.5558	0.6227	0.5554	0.6232	-1	0.2463	0.2424	1	2.0357	  0.05	 -1.14	  8.02	9 Game time (seconds): 14.44933 Stroke: 0
777	  0.1625	MovieFrame	2	4
10	  0.1675	  25.6388	0.4516	0.5879	0.4517	0.5893	-1	0.2433	0.2250	1	2.0691	  0.1650	   2.0290	0.5568	0.6205	0.5557	0.6229	-1	0.2450	0.2332	1	2.0690	  0.05	 -1.14	  8.02	10 Game time (seconds): 14.45646 Stroke: 0
10	  0.1752	   7.6931	0.4517	0.5911	0.4517	0.5900	-1	0.2433	0.2257	1	2.0768	  0.1650	   2.0290	0.5568	0.6205	0.5557	0.6229	-1	0.2450	0.2332	1	2.0690	  0.05	 -1.14	  8.02	11 Game time (seconds): 14.4822 Stroke: 0
777	  0.1969	MovieFrame	2	5
10	  0.2006	  25.4575	0.4511	0.5876	0.4515	0.5890	-1	0.2444	0.2241	1	2.1022	  0.1983	   2.2459	0.5546	0.6215	0.5555	0.6218	-1	0.2470	0.2455	1	2.1023	  0.05	 -1.13	  8.01	12 Game time (seconds): 14.49078 Stroke: 0
10	  0.2085	   7.9165	0.4518	0.5901	0.4516	0.5895	-1	0.2447	0.2229	1	2.1101	  0.1983	   2.2459	0.5546	0.6215	0.5555	0.6218	-1	0.2470	0.2455	1	2.1023	  0.05	 -1.13	  8.02	13 Game time (seconds): 14.51577 Stroke: 0
777	  0.2293	MovieFrame	2	6
10	  0.2341	  25.5552	0.4519	0.5878	0.4517	0.5888	-1	0.2432	0.2219	1	2.1357	  0.2317	   2.2448	0.5537	0.6200	0.5545	0.6211	-1	0.2490	0.2474	1	2.1357	  0.04	 -1.12	  8.03	14 Game time (seconds): 14.52379 Stroke: 0
10	  0.2419	   7.7639	0.4517	0.5884	0.4517	0.5886	-1	0.2451	0.2187	1	2.1434	  0.2317	   2.2448	0.5537	0.6200	0.5545	0.6211	-1	0.2490	0.2474	1	2.1357	  0.04	 -1.12	  8.03	15 Game time (seconds): 14.55038 Stroke: 0
777	  0.2638	MovieFrame	2	7
10	  0.2674	  25.5012	0.4518	0.5874	0.4517	0.5881	-1	0.2436	0.2222	1	2.1689	  0.2654	   2.5363	0.5538	0.6179	0.5541	0.6197	-1	0.2503	0.2494	1	2.1693	  0.04	 -1.11	  8.04	16 Game time (seconds): 14.5561 Stroke: 0
10	  0.2752	   7.8754	0.4526	0.5863	0.4521	0.5874	-1	0.2459	0.2159	1	2.1768	  0.2654	   2.5363	0.5538	0.6179	0.5541	0.6197	-1	0.2503	0.2494	1	2.1693	  0.04	 -1.11	  8.05	17 Game time (seconds): 14.58326 Stroke: 0
777	  0.2964	MovieFrame	2	8
10	  0.3007	  25.4678	0.4519	0.5869	0.4520	0.5872	-1	0.2445	0.2202	1	2.2023	  0.2984	   2.2192	0.5540	0.6179	0.5539	0.6193	-1	0.2507	0.2494	1	2.2023	  0.04	 -1.11	  8.05	18 Game time (seconds): 14.58992 Stroke: 0
10	  0.3086	   7.9013	0.4516	0.5890	0.4518	0.5879	-1	0.2449	0.2231	1	2.2102	  0.2984	   2.2192	0.5540	0.6179	0.5539	0.6193	-1	0.2507	0.2494	1	2.2023	  0.04	 -1.11	  8.04	19 Game time (seconds): 14.61641 Stroke: 0
777	  0.3298	MovieFrame	2	9
10	  0.3343	  25.6592	0.4517	0.5874	0.4518	0.5877	-1	0.2427	0.2228	1	2.2359	  0.3320	   2.2263	0.5538	0.6188	0.5539	0.6193	-1	0.2508	0.2482	1	2.2359	  0.04	 -1.11	  8.04	20 Game time (seconds): 14.62329 Stroke: 0
10	  0.3419	   7.6603	0.4533	0.5861	0.4524	0.5871	-1	0.2446	0.2147	1	2.2435	  0.3320	   2.2263	0.5538	0.6188	0.5539	0.6193	-1	0.2508	0.2482	1	2.2359	  0.05	 -1.11	  8.05	21 Game time (seconds): 14.64912 Stroke: 0
777	  0.3634	MovieFrame	2	10
10	  0.3676	  25.7290	0.4519	0.5875	0.4522	0.5872	-1	0.2429	0.2227	1	2.2692	  0.3653	   2.2091	0.5539	0.6168	0.5539	0.6185	-1	0.2526	0.2491	1	2.2692	  0.04	 -1.10	  8.05	22 Game time (seconds): 14.65671 Stroke: 0
10	  0.3753	   7.6978	0.4537	0.5871	0.4528	0.5872	-1	0.2472	0.2124	1	2.2769	  0.3653	   2.2091	0.5539	0.6168	0.5539	0.6185	-1	0.2526	0.2491	1	2.2692	  0.05	 -1.10	  8.06	23 Game time (seconds): 14.68208 Stroke: 0
777	  0.3953	MovieFrame	2	11
10	  0.4007	  25.3340	0.4523	0.5850	0.4526	0.5863	-1	0.2457	0.2178	1	2.3023	  0.3984	   2.2773	0.5539	0.6160	0.5539	0.6179	-1	0.2530	0.2488	1	2.3023	  0.05	 -1.09	  8.06	24 Game time (seconds): 14.68936 Stroke: 0
10	  0.4086	   7.9163	0.4534	0.5869	0.4529	0.5866	-1	0.2427	0.2137	1	2.3102	  0.3984	   2.2773	0.5539	0.6160	0.5539	0.6179	-1	0.2530	0.2488	1	2.3023	  0.05	 -1.10	  8.06	25 Game time (seconds): 14.71818 Stroke: 0
777	  0.4294	MovieFrame	2	12
10	  0.4341	  25.4923	0.4519	0.5846	0.4525	0.5858	-1	0.2454	0.2184	1	2.3357	  0.4318	   2.1975	0.5538	0.6150	0.5538	0.6165	-1	0.2527	0.2491	1	2.3357	  0.05	 -1.08	  8.06	26 Game time (seconds): 14.72383 Stroke: 0
10	  0.4419	   7.8558	0.4512	0.5873	0.4520	0.5864	-1	0.2459	0.2204	1	2.3435	  0.4318	   2.1975	0.5538	0.6150	0.5538	0.6165	-1	0.2527	0.2491	1	2.3357	  0.04	 -1.09	  8.05	27 Game time (seconds): 14.74862 Stroke: 0
777	  0.4626	MovieFrame	2	13
10	  0.4675	  25.5885	0.4522	0.5849	0.4521	0.5858	-1	0.2453	0.2152	1	2.3691	  0.4652	   2.2178	0.5543	0.6154	0.5539	0.6164	-1	0.2505	0.2474	1	2.3691	  0.04	 -1.08	  8.05	28 Game time (seconds): 14.75728 Stroke: 0
10	  0.4754	   7.8579	0.4514	0.5881	0.4518	0.5867	-1	0.2453	0.2209	1	2.3770	  0.4652	   2.2178	0.5543	0.6154	0.5539	0.6164	-1	0.2505	0.2474	1	2.3691	  0.04	 -1.09	  8.04	29 Game time (seconds): 14.78489 Stroke: 0
777	  0.4957	MovieFrame	2	14
10	  0.5009	  25.4659	0.4506	0.5847	0.4513	0.5859	-1	0.2449	0.2229	1	2.4024	  0.4985	   2.2113	0.5532	0.6157	0.5537	0.6160	-1	0.2539	0.2488	1	2.4024	  0.04	 -1.08	  8.04	30 Game time (seconds): 14.79316 Stroke: 0
10	  0.5087	   7.8909	0.4504	0.5875	0.4509	0.5865	-1	0.2450	0.2251	1	2.4103	  0.4985	   2.2113	0.5532	0.6157	0.5537	0.6160	-1	0.2539	0.2488	1	2.4024	  0.03	 -1.08	  8.03	31 Game time (seconds): 14.8166 Stroke: 0
777	  0.5297	MovieFrame	2	15
10	  0.5344	  25.6267	0.4494	0.5852	0.4503	0.5860	-1	0.2456	0.2259	1	2.4360	  0.5321	   2.1558	0.5538	0.6140	0.5538	0.6149	-1	0.2527	0.2491	1	2.4360	  0.03	 -1.08	  8.02	32 Game time (seconds): 14.82207 Stroke: 0
10	  0.5421	   7.7004	0.4495	0.5871	0.4500	0.5864	-1	0.2454	0.2266	1	2.4437	  0.5321	   2.1558	0.5538	0.6140	0.5538	0.6149	-1	0.2527	0.2491	1	2.4360	  0.03	 -1.08	  8.02	33 Game time (seconds): 14.84913 Stroke: 0
777	  0.5625	MovieFrame	2	16
10	  0.5676	  25.5151	0.4498	0.5846	0.4499	0.5857	-1	0.2465	0.2268	1	2.4692	  0.5655	   2.4494	0.5544	0.6137	0.5541	0.6145	-1	0.2530	0.2482	1	2.4695	  0.03	 -1.07	  8.01	34 Game time (seconds): 14.85888 Stroke: 0
10	  0.5755	   7.9477	0.4502	0.5859	0.4500	0.5858	-1	0.2450	0.2267	1	2.4771	  0.5655	   2.4494	0.5544	0.6137	0.5541	0.6145	-1	0.2530	0.2482	1	2.4695	  0.03	 -1.07	  8.01	35 Game time (seconds): 14.88457 Stroke: 0
777	  0.5957	MovieFrame	2	17
10	  0.6008	  25.3006	0.4504	0.5827	0.4502	0.5846	-1	0.2450	0.2239	1	2.5024	  0.5985	   2.1865	0.5544	0.6111	0.5544	0.6133	-1	0.2518	0.2454	1	2.5024	  0.03	 -1.06	  8.01	36 Game time (seconds): 14.88982 Stroke: 0
10	  0.6088	   8.0086	0.4507	0.5840	0.4504	0.5843	-1	0.2439	0.2230	1	2.5104	  0.5985	   2.1865	0.5544	0.6111	0.5544	0.6133	-1	0.2518	0.2454	1	2.5024	  0.03	 -1.06	  8.02	37 Game time (seconds): 14.9193 Stroke: 0
777	  0.6297	MovieFrame	2	18
10	  0.6345	  25.6332	0.4517	0.5820	0.4509	0.5834	-1	0.2461	0.2196	1	2.5361	  0.6321	   2.2336	0.5541	0.6112	0.5541	0.6127	-1	0.2517	0.2462	1	2.5360	  0.04	 -1.05	  8.03	38 Game time (seconds): 14.92287 Stroke: 0
10	  0.6422	   7.7075	0.4509	0.5837	0.4509	0.5835	-1	0.2458	0.2225	1	2.5438	  0.6321	   2.2336	0.5541	0.6112	0.5541	0.6127	-1	0.2517	0.2462	1	2.5360	  0.04	 -1.05	  8.03	39 Game time (seconds): 14.94911 Stroke: 0
777	  0.6624	MovieFrame	2	19
10	  0.6675	  25.3585	0.4505	0.5820	0.4507	0.5829	-1	0.2446	0.2234	1	2.5691	  0.6652	   2.1829	0.5534	0.6105	0.5536	0.6120	-1	0.2523	0.2469	1	2.5691	  0.03	 -1.04	  8.03	40 Game time (seconds): 14.95837 Stroke: 0
10	  0.6755	   7.9885	0.4508	0.5838	0.4508	0.5833	-1	0.2452	0.2223	1	2.5771	  0.6652	   2.1829	0.5534	0.6105	0.5536	0.6120	-1	0.2523	0.2469	1	2.5691	  0.03	 -1.05	  8.03	41 Game time (seconds): 14.9811 Stroke: 0
777	  0.6968	MovieFrame	2	20
10	  0.7011	  25.5630	0.4502	0.5815	0.4505	0.5826	-1	0.2463	0.2229	1	2.6027	  0.6988	   2.1188	0.5534	0.6098	0.5535	0.6110	-1	0.2524	0.2450	1	2.6027	  0.03	 -1.04	  8.03	42 Game time (seconds): 14.98982 Stroke: 0
10	  0.7089	   7.8283	0.4506	0.5855	0.4506	0.5837	-1	0.2453	0.2224	1	2.6105	  0.6988	   2.1188	0.5534	0.6098	0.5535	0.6110	-1	0.2524	0.2450	1	2.6027	  0.03	 -1.04	  8.03	43 Game time (seconds): 15.01781 Stroke: 0
777	  0.7297	MovieFrame	2	21
10	  0.7345	  25.5581	0.4505	0.5836	0.4505	0.5837	-1	0.2460	0.2226	1	2.6361	  0.7321	   2.1690	0.5536	0.6107	0.5535	0.6110	-1	0.2521	0.2461	1	2.6360	  0.03	 -1.04	  8.03	44 Game time (seconds): 15.02556 Stroke: 0
10	  0.7423	   7.8289	0.4426	0.5634	0.4474	0.5755	-1	0.2446	0.2170	1	2.6439	  0.7321	   2.1690	0.5536	0.6107	0.5535	0.6110	-1	0.2521	0.2461	1	2.6360	  0.01	 -1.00	  7.98	45 Game time (seconds): 15.04955 Stroke: 0
777	  0.7627	MovieFrame	2	22
10	  0.7677	  25.4024	0.4441	0.4889	0.4461	0.5409	-1	0.2443	0.2290	1	2.6693	  0.7654	   2.2096	0.5331	0.5080	0.5418	0.5614	-1	0.2657	0.2312	1	2.6693	 -0.09	 -0.55	  8.14	46 Game time (seconds): 15.05562 Stroke: 0
10	  0.7757	   7.9626	0.4555	0.4476	0.4498	0.5036	1	0.2458	0.2327	1	2.6773	  0.7654	   2.2096	0.5331	0.5080	0.5418	0.5614	-1	0.2657	0.2312	1	2.6693	 -0.06	 -0.35	  8.20	47 Game time (seconds): 15.08368 Stroke: 0
777	  0.7958	MovieFrame	2	23
10	  0.8020	  26.3020	0.4518	0.4446	0.4506	0.4800	1	0.2490	0.2404	1	2.7036	  0.7996	   3.0190	0.5391	0.4741	0.5394	0.5057	1	0.2603	0.2540	1	2.7035	 -0.07	  0.08	  8.26	48 Game time (seconds): 15.09097 Stroke: 0
10	  0.8090	   7.0162	0.4514	0.4452	0.4509	0.4661	1	0.2500	0.2413	1	2.7106	  0.7996	   3.0190	0.5391	0.4741	0.5394	0.5057	1	0.2603	0.2540	1	2.7035	 -0.07	  0.15	  8.26	49 Game time (seconds): 15.11686 Stroke: 0
777	  0.8309	MovieFrame	2	24
10	  0.8357	  26.7257	0.4507	0.4462	0.4508	0.4581	1	0.2463	0.2405	1	2.7373	  0.8333	   2.9685	0.5429	0.4703	0.5409	0.4837	1	0.2720	0.2533	1	2.7372	 -0.06	  0.31	  8.23	50 Game time (seconds): 15.12616 Stroke: 0
10	  0.8425	   6.7379	0.4495	0.4492	0.4503	0.4546	-1	0.2459	0.2396	1	2.7441	  0.8333	   2.9685	0.5429	0.4703	0.5409	0.4837	1	0.2720	0.2533	1	2.7372	 -0.06	  0.33	  8.23	51 Game time (seconds): 15.15597 Stroke: 0
777	  0.8655	MovieFrame	2	25
10	  0.8681	  25.6407	0.4487	0.4470	0.4497	0.4515	-1	0.2448	0.2413	1	2.7697	  0.8660	   2.3956	0.5452	0.4708	0.5432	0.4764	1	0.2733	0.2520	1	2.7699	 -0.05	  0.39	  8.18	52 Game time (seconds): 15.16365 Stroke: 0
10	  0.8759	   7.8359	0.4481	0.4476	0.4490	0.4500	-1	0.2479	0.2418	1	2.7775	  0.8660	   2.3956	0.5452	0.4708	0.5432	0.4764	1	0.2733	0.2520	1	2.7699	 -0.06	  0.39	  8.17	53 Game time (seconds): 15.18826 Stroke: 0
777	  0.8964	MovieFrame	2	26
10	  0.9012	  25.2658	0.4477	0.4466	0.4485	0.4486	-1	0.2467	0.2409	1	2.8028	  0.8989	   2.2609	0.5462	0.4745	0.5450	0.4752	1	0.2654	0.2506	1	2.8029	 -0.05	  0.41	  8.13	54 Game time (seconds): 15.19374 Stroke: 0
10	  0.9091	   7.9123	0.4474	0.4479	0.4481	0.4483	-1	0.2477	0.2425	1	2.8107	  0.8989	   2.2609	0.5462	0.4745	0.5450	0.4752	1	0.2654	0.2506	1	2.8029	 -0.05	  0.41	  8.12	55 Game time (seconds): 15.21521 Stroke: 0
777	  0.9297	MovieFrame	2	27
10	  0.9344	  25.2412	0.4468	0.4467	0.4475	0.4477	-1	0.2466	0.2410	1	2.8359	  0.9323	   2.4143	0.5480	0.4747	0.5467	0.4755	1	0.2649	0.2507	1	2.8363	 -0.04	  0.41	  8.09	56 Game time (seconds): 15.22317 Stroke: 0
10	  0.9425	   8.1471	0.4461	0.4472	0.4470	0.4475	-1	0.2474	0.2431	1	2.8441	  0.9323	   2.4143	0.5480	0.4747	0.5467	0.4755	1	0.2649	0.2507	1	2.8363	 -0.05	  0.41	  8.08	57 Game time (seconds): 15.24878 Stroke: 0
777	  0.9627	MovieFrame	2	28
10	  0.9679	  25.3555	0.4473	0.4065	0.4471	0.4311	-1	0.2710	0.2419	1	2.8694	  0.9657	   2.3434	0.5394	0.4448	0.5440	0.4622	1	0.2604	0.2529	1	2.8696	 -0.06	  0.57	  8.12	58 Game time (seconds): 15.2586 Stroke: 0
10	  0.9759	   7.9962	0.4453	0.4113	0.4464	0.4232	-1	0.2492	0.2429	1	2.8774	  0.9657	   2.3434	0.5394	0.4448	0.5440	0.4622	1	0.2604	0.2529	1	2.8696	 -0.07	  0.61	  8.11	59 Game time (seconds): 15.28231 Stroke: 0
777	  0.9963	MovieFrame	2	29
10	  1.0014	  25.5184	0.4434	0.4131	0.4452	0.4192	-1	0.2453	0.2401	1	2.9030	  0.9991	   2.1548	0.5408	0.4434	0.5416	0.4508	1	0.2670	0.2498	1	2.9030	 -0.09	  0.70	  8.13	60 Game time (seconds): 15.28954 Stroke: 0
10	  1.0093	   7.8795	0.4427	0.4132	0.4442	0.4168	-1	0.2438	0.2387	1	2.9108	  0.9991	   2.1548	0.5408	0.4434	0.5416	0.4508	1	0.2670	0.2498	1	2.9030	 -0.10	  0.71	  8.12	61 Game time (seconds): 15.3178 Stroke: 0
777	  1.0298	MovieFrame	2	30
10	  1.0348	  25.5686	0.4417	0.4097	0.4432	0.4139	-1	0.2458	0.2385	1	2.9364	  1.0324	   2.1988	0.5408	0.4421	0.5410	0.4457	1	0.2663	0.2488	1	2.9364	 -0.11	  0.75	  8.11	62 Game time (seconds): 15.32272 Stroke: 0
10	  1.0426	   7.7627	0.4407	0.4118	0.4422	0.4131	-1	0.2416	0.2366	1	2.9442	  1.0324	   2.1988	0.5408	0.4421	0.5410	0.4457	1	0.2663	0.2488	1	2.9364	 -0.12	  0.76	  8.09	63 Game time (seconds): 15.35198 Stroke: 0
777	  1.0637	MovieFrame	2	31
10	  1.0682	  25.5804	0.4391	0.4078	0.4410	0.4110	-1	0.2425	0.2375	1	2.9698	  1.0660	   2.3696	0.5417	0.4389	0.5413	0.4422	1	0.2670	0.2483	1	2.9699	 -0.13	  0.79	  8.07	64 Game time (seconds): 15.35697 Stroke: 0
10	  1.0760	   7.8656	0.4383	0.4069	0.4399	0.4094	-1	0.2433	0.2372	1	2.9776	  1.0660	   2.3696	0.5417	0.4389	0.5413	0.4422	1	0.2670	0.2483	1	2.9699	 -0.13	  0.80	  8.06	65 Game time (seconds): 15.38226 Stroke: 0
777	  1.0964	MovieFrame	2	32
10	  1.1015	  25.5091	0.4370	0.4047	0.4387	0.4075	-1	0.2410	0.2337	1	3.0031	  1.1002	   3.1076	0.5396	0.4365	0.5406	0.4388	-1	0.2590	0.2452	1	3.0041	 -0.15	  0.82	  8.05	66 Game time (seconds): 15.39021 Stroke: 0
10	  1.1093	   7.8078	0.4367	0.4051	0.4379	0.4065	-1	0.2408	0.2321	1	3.0109	  1.1002	   3.1076	0.5396	0.4365	0.5406	0.4388	-1	0.2590	0.2452	1	3.0041	 -0.15	  0.83	  8.04	67 Game time (seconds): 15.41654 Stroke: 0
777	  1.1298	MovieFrame	2	33
10	  1.1349	  25.5313	0.4368	0.4281	0.4375	0.4151	-1	0.2293	0.2270	1	3.0365	  1.1326	   2.2645	0.5307	0.4868	0.5362	0.4580	1	0.2459	0.2339	1	3.0365	 -0.19	  0.68	  8.10	68 Game time (seconds): 15.4229 Stroke: 0
10	  1.1427	   7.7781	0.4607	0.5179	0.4468	0.4562	-1	0.2275	0.2209	1	3.0442	  1.1326	   2.2645	0.5307	0.4868	0.5362	0.4580	1	0.2459	0.2339	1	3.0365	 -0.12	  0.46	  8.24	69 Game time (seconds): 15.45167 Stroke: 0
777	  1.1631	MovieFrame	2	34
10	  1.1682	  25.5780	0.4632	0.5693	0.4533	0.5015	1	0.2342	0.2070	1	3.0698	  1.1658	   2.1390	0.5316	0.6097	0.5349	0.5452	1	0.2376	0.2315	1	3.0697	 -0.08	 -0.25	  8.37	70 Game time (seconds): 15.45569 Stroke: 0
10	  1.1760	   7.7636	0.4577	0.5741	0.4551	0.5305	1	0.2305	0.2123	1	3.0776	  1.1658	   2.1390	0.5316	0.6097	0.5349	0.5452	1	0.2376	0.2315	1	3.0697	 -0.07	 -0.41	  8.40	71 Game time (seconds): 15.48489 Stroke: 0
777	  1.1970	MovieFrame	2	35
10	  1.2017	  25.6753	0.4566	0.5747	0.4557	0.5482	1	0.2304	0.2132	1	3.1033	  1.1993	   2.1551	0.5383	0.6065	0.5368	0.5846	-1	0.2369	0.2330	1	3.1032	 -0.05	 -0.71	  8.38	72 Game time (seconds): 15.49107 Stroke: 0
10	  1.2094	   7.7335	0.4555	0.5761	0.4556	0.5594	-1	0.2291	0.2090	1	3.1110	  1.1993	   2.1551	0.5383	0.6065	0.5368	0.5846	-1	0.2369	0.2330	1	3.1032	 -0.05	 -0.77	  8.38	73 Game time (seconds): 15.51821 Stroke: 0
777	  1.2305	MovieFrame	2	36
10	  1.2349	  25.5416	0.4549	0.5743	0.4553	0.5653	-1	0.2273	0.2103	1	3.1365	  1.2327	   2.1963	0.5421	0.6065	0.5401	0.5989	-1	0.2345	0.2314	1	3.1366	 -0.03	 -0.88	  8.32	74 Game time (seconds): 15.5232 Stroke: 0
10	  1.2429	   7.9180	0.4540	0.5774	0.4548	0.5702	-1	0.2275	0.2091	1	3.1445	  1.2327	   2.1963	0.5421	0.6065	0.5401	0.5989	-1	0.2345	0.2314	1	3.1366	 -0.04	 -0.91	  8.31	75 Game time (seconds): 15.55231 Stroke: 0
777	  1.2632	MovieFrame	2	37
10	  1.2683	  25.4422	0.4537	0.5765	0.4544	0.5727	-1	0.2280	0.2087	1	3.1699	  1.2661	   2.2513	0.5453	0.6072	0.5432	0.6043	-1	0.2335	0.2308	1	3.1700	 -0.02	 -0.95	  8.25	76 Game time (seconds): 15.5574 Stroke: 0
10	  1.2761	   7.7576	0.4542	0.5801	0.4543	0.5756	-1	0.2272	0.2066	1	3.1777	  1.2661	   2.2513	0.5453	0.6072	0.5432	0.6043	-1	0.2335	0.2308	1	3.1700	 -0.02	 -0.96	  8.25	77 Game time (seconds): 15.58087 Stroke: 0
777	  1.2964	MovieFrame	2	38
10	  1.3018	  25.7408	0.4544	0.5786	0.4543	0.5768	-1	0.2252	0.2081	1	3.2034	  1.2995	   2.2001	0.5474	0.6090	0.5456	0.6075	-1	0.2312	0.2298	1	3.2034	 -0.00	 -0.99	  8.21	78 Game time (seconds): 15.59252 Stroke: 0
10	  1.3095	   7.6669	0.4539	0.5813	0.4542	0.5786	-1	0.2244	0.2036	1	3.2111	  1.2995	   2.2001	0.5474	0.6090	0.5456	0.6075	-1	0.2312	0.2298	1	3.2034	 -0.00	 -1.00	  8.21	79 Game time (seconds): 15.61504 Stroke: 0
777	  1.3300	MovieFrame	2	39
10	  1.3352	  25.7455	0.4546	0.5795	0.4544	0.5790	-1	0.2249	0.2061	1	3.2368	  1.3329	   2.3528	0.5490	0.6107	0.5476	0.6095	-1	0.2316	0.2293	1	3.2368	  0.01	 -1.01	  8.18	80 Game time (seconds): 15.62221 Stroke: 0
10	  1.3429	   7.6532	0.4534	0.5827	0.4540	0.5805	-1	0.2252	0.2087	1	3.2445	  1.3329	   2.3528	0.5490	0.6107	0.5476	0.6095	-1	0.2316	0.2293	1	3.2368	  0.01	 -1.02	  8.18	81 Game time (seconds): 15.64956 Stroke: 0
777	  1.3639	MovieFrame	2	40
10	  1.3685	  25.6218	0.4545	0.5801	0.4542	0.5803	-1	0.2245	0.2067	1	3.2701	  1.3662	   2.2938	0.5500	0.6108	0.5490	0.6107	-1	0.2311	0.2276	1	3.2701	  0.02	 -1.02	  8.16	82 Game time (seconds): 15.65614 Stroke: 0
10	  1.3762	   7.6991	0.4537	0.5817	0.4540	0.5809	-1	0.2234	0.2040	1	3.2778	  1.3662	   2.2938	0.5500	0.6108	0.5490	0.6107	-1	0.2311	0.2276	1	3.2701	  0.02	 -1.03	  8.16	83 Game time (seconds): 15.68421 Stroke: 0
777	  1.3972	MovieFrame	2	41
10	  1.4018	  25.5621	0.4546	0.5810	0.4542	0.5809	-1	0.2238	0.2040	1	3.3033	  1.3995	   2.1920	0.5521	0.6124	0.5504	0.6117	-1	0.2302	0.2255	1	3.3034	  0.03	 -1.03	  8.14	84 Game time (seconds): 15.6907 Stroke: 0
10	  1.4095	   7.7769	0.4575	0.5838	0.4555	0.5821	-1	0.2250	0.2045	1	3.3111	  1.3995	   2.1920	0.5521	0.6124	0.5504	0.6117	-1	0.2302	0.2255	1	3.3034	  0.04	 -1.04	  8.16	85 Game time (seconds): 15.71556 Stroke: 0
777	  1.4301	MovieFrame	2	42
10	  1.4351	  25.5516	0.4566	0.5796	0.4560	0.5811	-1	0.2241	0.2030	1	3.3367	  1.4328	   2.2052	0.5519	0.6114	0.5514	0.6118	-1	0.2305	0.2269	1	3.3367	  0.05	 -1.03	  8.15	86 Game time (seconds): 15.72258 Stroke: 0
10	  1.4429	   7.7742	0.4560	0.5807	0.4560	0.5809	-1	0.2237	0.2020	1	3.3444	  1.4328	   2.2052	0.5519	0.6114	0.5514	0.6118	-1	0.2305	0.2269	1	3.3367	  0.05	 -1.03	  8.15	87 Game time (seconds): 15.75182 Stroke: 0
777	  1.4636	MovieFrame	2	43
10	  1.4685	  25.6684	0.4556	0.5798	0.4558	0.5805	-1	0.2223	0.2091	1	3.3701	  1.4662	   2.2498	0.5526	0.6060	0.5520	0.6095	-1	0.2294	0.2232	1	3.3701	  0.06	 -1.02	  8.14	88 Game time (seconds): 15.75539 Stroke: 0
10	  1.4763	   7.7895	0.4546	0.5802	0.4553	0.5804	-1	0.2220	0.2039	1	3.3779	  1.4662	   2.2498	0.5526	0.6060	0.5520	0.6095	-1	0.2294	0.2232	1	3.3701	  0.05	 -1.02	  8.13	89 Game time (seconds): 15.78432 Stroke: 0
777	  1.4969	MovieFrame	2	44
10	  1.5019	  25.5677	0.4536	0.5776	0.4546	0.5792	-1	0.2207	0.2022	1	3.4035	  1.4995	   2.1315	0.5511	0.6039	0.5516	0.6069	-1	0.2282	0.2240	1	3.4034	  0.04	 -1.00	  8.12	90 Game time (seconds): 15.79064 Stroke: 0
10	  1.5097	   7.7854	0.4532	0.5794	0.4540	0.5793	-1	0.2210	0.2048	1	3.4113	  1.4995	   2.1315	0.5511	0.6039	0.5516	0.6069	-1	0.2282	0.2240	1	3.4034	  0.04	 -1.00	  8.11	91 Game time (seconds): 15.818 Stroke: 0
777	  1.5303	MovieFrame	2	45
10	  1.5352	  25.5025	0.4467	0.5531	0.4511	0.5688	-1	0.2181	0.2051	1	3.4368	  1.5330	   2.3576	0.5358	0.5558	0.5451	0.5859	-1	0.2240	0.2213	1	3.4369	 -0.03	 -0.83	  8.17	92 Game time (seconds): 15.82305 Stroke: 0
10	  1.5431	   7.9202	0.4411	0.4643	0.4471	0.5270	1	0.2242	0.2161	1	3.4447	  1.5330	   2.3576	0.5358	0.5558	0.5451	0.5859	-1	0.2240	0.2213	1	3.4369	 -0.06	 -0.61	  8.11	93 Game time (seconds): 15.85063 Stroke: 0
777	  1.5637	MovieFrame	2	46
10	  1.5687	  25.5651	0.4474	0.4016	0.4472	0.4769	1	0.2197	0.2158	1	3.4702	  1.5663	   2.1476	0.5256	0.4322	0.5317	0.4984	1	0.2374	0.2297	1	3.4702	 -0.15	  0.13	  8.33	94 Game time (seconds): 15.85702 Stroke: 0
10	  1.5764	   7.7893	0.4446	0.4021	0.4462	0.4470	-1	0.2224	0.2140	1	3.4780	  1.5663	   2.1476	0.5256	0.4322	0.5317	0.4984	1	0.2374	0.2297	1	3.4702	 -0.16	  0.29	  8.31	95 Game time (seconds): 15.88006 Stroke: 0
777	  1.5969	MovieFrame	2	47
10	  1.6019	  25.5020	0.4425	0.4015	0.4447	0.4288	-1	0.2171	0.2146	1	3.5035	  1.5997	   2.3263	0.5281	0.4351	0.5291	0.4580	1	0.2407	0.2222	1	3.5036	 -0.19	  0.61	  8.33	96 Game time (seconds): 15.88943 Stroke: 0
10	  1.6098	   7.8136	0.4417	0.4055	0.4435	0.4195	-1	0.2161	0.2121	1	3.5114	  1.5997	   2.3263	0.5281	0.4351	0.5291	0.4580	1	0.2407	0.2222	1	3.5036	 -0.20	  0.66	  8.31	97 Game time (seconds): 15.91941 Stroke: 0
777	  1.6309	MovieFrame	2	48
10	  1.6355	  25.7609	0.4405	0.4038	0.4423	0.4132	-1	0.2166	0.2146	1	3.5371	  1.6334	   2.4501	0.5303	0.4375	0.5296	0.4448	1	0.2387	0.2218	1	3.5373	 -0.20	  0.76	  8.28	98 Game time (seconds): 15.92392 Stroke: 0
10	  1.6431	   7.6123	0.4397	0.4067	0.4413	0.4106	-1	0.2149	0.2130	1	3.5447	  1.6334	   2.4501	0.5303	0.4375	0.5296	0.4448	1	0.2387	0.2218	1	3.5373	 -0.21	  0.77	  8.26	99 Game time (seconds): 15.94934 Stroke: 0
777	  1.6637	MovieFrame	2	49
10	  1.6686	  25.4507	0.4391	0.4060	0.4404	0.4088	-1	0.2148	0.2109	1	3.5702	  1.6664	   2.3145	0.5340	0.4399	0.5318	0.4416	1	0.2397	0.2217	1	3.5703	 -0.20	  0.80	  8.21	100 Game time (seconds): 15.95604 Stroke: 0
10	  1.6764	   7.8625	0.4391	0.4089	0.4399	0.4088	-1	0.2158	0.2136	1	3.5780	  1.6664	   2.3145	0.5340	0.4399	0.5318	0.4416	1	0.2397	0.2217	1	3.5703	 -0.20	  0.80	  8.20	101 Game time (seconds): 15.98288 Stroke: 0
777	  1.6972	MovieFrame	2	50
10	  1.7021	  25.6990	0.4390	0.4082	0.4395	0.4086	-1	0.2153	0.2126	1	3.6037	  1.6998	   2.1908	0.5360	0.4417	0.5342	0.4421	1	0.2427	0.2229	1	3.6037	 -0.19	  0.80	  8.16	102 Game time (seconds): 15.98918 Stroke: 0
10	  1.7098	   7.6508	0.4388	0.4110	0.4392	0.4095	-1	0.2175	0.2140	1	3.6114	  1.6998	   2.1908	0.5360	0.4417	0.5342	0.4421	1	0.2427	0.2229	1	3.6037	 -0.19	  0.80	  8.16	103 Game time (seconds): 16.01734 Stroke: 0
777	  1.7312	MovieFrame	2	51
10	  1.7355	  25.7103	0.4388	0.4106	0.4391	0.4100	-1	0.2160	0.2138	1	3.6371	  1.7332	   2.1166	0.5375	0.4430	0.5363	0.4426	1	0.2451	0.2246	1	3.6371	 -0.18	  0.79	  8.12	104 Game time (seconds): 16.0228 Stroke: 0
10	  1.7431	   7.5998	0.4390	0.4128	0.4390	0.4111	-1	0.2176	0.2159	1	3.6447	  1.7332	   2.1166	0.5375	0.4430	0.5363	0.4426	1	0.2451	0.2246	1	3.6371	 -0.18	  0.78	  8.12	105 Game time (seconds): 16.05211 Stroke: 0
777	  1.7638	MovieFrame	2	52
10	  1.7688	  25.7062	0.4385	0.4112	0.4388	0.4111	-1	0.2165	0.2142	1	3.6704	  1.7665	   2.2287	0.5405	0.4460	0.5387	0.4452	1	0.2429	0.2292	1	3.6704	 -0.16	  0.77	  8.08	106 Game time (seconds): 16.05677 Stroke: 0
10	  1.7765	   7.7061	0.4387	0.4145	0.4388	0.4125	-1	0.2202	0.2174	1	3.6781	  1.7665	   2.2287	0.5405	0.4460	0.5387	0.4452	1	0.2429	0.2292	1	3.6704	 -0.16	  0.76	  8.08	107 Game time (seconds): 16.08003 Stroke: 0
777	  1.7970	MovieFrame	2	53
10	  1.8021	  25.5995	0.4381	0.4117	0.4385	0.4121	-1	0.2179	0.2149	1	3.7037	  1.7998	   2.1785	0.5405	0.4455	0.5398	0.4462	1	0.2450	0.2291	1	3.7037	 -0.15	  0.76	  8.06	108 Game time (seconds): 16.091 Stroke: 0
10	  1.8100	   7.9022	0.4381	0.4148	0.4383	0.4132	-1	0.2206	0.2188	1	3.7116	  1.7998	   2.1785	0.5405	0.4455	0.5398	0.4462	1	0.2450	0.2291	1	3.7037	 -0.16	  0.75	  8.05	109 Game time (seconds): 16.11773 Stroke: 0
777	  1.8305	MovieFrame	2	54
10	  1.8355	  25.4813	0.4373	0.4125	0.4379	0.4129	-1	0.2225	0.2184	1	3.7371	  1.8332	   2.2277	0.5402	0.4448	0.5400	0.4458	1	0.2457	0.2294	1	3.7371	 -0.16	  0.76	  8.04	110 Game time (seconds): 16.12337 Stroke: 0
10	  1.8433	   7.8416	0.4370	0.4138	0.4375	0.4133	-1	0.2215	0.2178	1	3.7449	  1.8332	   2.2277	0.5402	0.4448	0.5400	0.4458	1	0.2457	0.2294	1	3.7371	 -0.16	  0.75	  8.04	111 Game time (seconds): 16.15013 Stroke: 0
777	  1.8646	MovieFrame	2	55
10	  1.8690	  25.6065	0.4359	0.4112	0.4369	0.4124	-1	0.2232	0.2192	1	3.7705	  1.8674	   2.9041	0.5400	0.4434	0.5400	0.4446	1	0.2453	0.2305	1	3.7713	 -0.16	  0.77	  8.03	112 Game time (seconds): 16.15785 Stroke: 0
10	  1.8766	   7.6852	0.4363	0.4131	0.4367	0.4127	-1	0.2218	0.2178	1	3.7782	  1.8674	   2.9041	0.5400	0.4434	0.5400	0.4446	1	0.2453	0.2305	1	3.7713	 -0.17	  0.76	  8.02	113 Game time (seconds): 16.18314 Stroke: 0
777	  1.8976	MovieFrame	2	56
10	  1.9025	  25.8300	0.4348	0.4079	0.4359	0.4108	-1	0.2222	0.2211	1	3.8041	  1.9001	   2.1189	0.5402	0.4411	0.5401	0.4429	1	0.2443	0.2299	1	3.8040	 -0.17	  0.78	  8.01	114 Game time (seconds): 16.19018 Stroke: 0
10	  1.9101	   7.6807	0.4354	0.4102	0.4357	0.4106	-1	0.2186	0.2184	1	3.8117	  1.9001	   2.1189	0.5402	0.4411	0.5401	0.4429	1	0.2443	0.2299	1	3.8040	 -0.17	  0.78	  8.01	115 Game time (seconds): 16.21803 Stroke: 0
777	  1.9312	MovieFrame	2	57
10	  1.9355	  25.3560	0.4344	0.4068	0.4352	0.4090	-1	0.2215	0.2206	1	3.8371	  1.9333	   2.2265	0.5392	0.4402	0.5398	0.4418	1	0.2443	0.2282	1	3.8372	 -0.18	  0.80	  8.01	116 Game time (seconds): 16.22318 Stroke: 0
10	  1.9433	   7.8426	0.4347	0.4076	0.4350	0.4085	-1	0.2222	0.2209	1	3.8449	  1.9333	   2.2265	0.5392	0.4402	0.5398	0.4418	1	0.2443	0.2282	1	3.8372	 -0.18	  0.80	  8.00	117 Game time (seconds): 16.24984 Stroke: 0
777	  1.9639	MovieFrame	2	58
10	  1.9691	  25.7770	0.4342	0.4054	0.4347	0.4073	-1	0.2206	0.2170	1	3.8707	  1.9669	   2.3979	0.5342	0.4364	0.5378	0.4392	1	0.2482	0.2286	1	3.8708	 -0.20	  0.82	  8.03	118 Game time (seconds): 16.25793 Stroke: 0
10	  1.9768	   7.6287	0.4284	0.4073	0.4322	0.4073	-1	0.2201	0.2184	1	3.8783	  1.9669	   2.3979	0.5342	0.4364	0.5378	0.4392	1	0.2482	0.2286	1	3.8708	 -0.21	  0.82	  7.99	119 Game time (seconds): 16.28421 Stroke: 0
777	  1.9980	MovieFrame	2	59
10	  2.0024	  25.6748	0.4296	0.4049	0.4311	0.4063	-1	0.2201	0.2171	1	3.9040	  2.0001	   2.2693	0.5323	0.4376	0.5341	0.4384	1	0.2480	0.2282	1	3.9040	 -0.25	  0.83	  8.03	120 Game time (seconds): 16.29041 Stroke: 0
10	  2.0101	   7.6445	0.4287	0.4073	0.4302	0.4067	-1	0.2198	0.2180	1	3.9117	  2.0001	   2.2693	0.5323	0.4376	0.5341	0.4384	1	0.2480	0.2282	1	3.9040	 -0.26	  0.83	  8.02	121 Game time (seconds): 16.32052 Stroke: 0
777	  2.0307	MovieFrame	2	60
10	  2.0357	  25.6555	0.4289	0.4050	0.4297	0.4060	-1	0.2212	0.2185	1	3.9373	  2.0334	   2.2519	0.5325	0.4368	0.5331	0.4383	1	0.2460	0.2281	1	3.9374	 -0.27	  0.83	  8.02	122 Game time (seconds): 16.32676 Stroke: 0
10	  2.0435	   7.7846	0.4287	0.4075	0.4293	0.4066	-1	0.2189	0.2172	1	3.9451	  2.0334	   2.2519	0.5325	0.4368	0.5331	0.4383	1	0.2460	0.2281	1	3.9374	 -0.27	  0.83	  8.02	123 Game time (seconds): 16.35198 Stroke: 0
777	  2.0651	MovieFrame	2	61
10	  2.0692	  25.6592	0.4287	0.4047	0.4291	0.4059	-1	0.2213	0.2184	1	3.9708	  2.0672	   2.4798	0.5330	0.4378	0.5330	0.4385	1	0.2438	0.2253	1	3.9711	 -0.27	  0.83	  8.02	124 Game time (seconds): 16.35743 Stroke: 0
10	  2.0768	   7.6205	0.4286	0.4072	0.4289	0.4064	-1	0.2187	0.2166	1	3.9784	  2.0672	   2.4798	0.5330	0.4378	0.5330	0.4385	1	0.2438	0.2253	1	3.9711	 -0.27	  0.83	  8.01	125 Game time (seconds): 16.3835 Stroke: 0
777	  2.0977	MovieFrame	2	62
10	  2.1027	  25.8744	0.4281	0.4059	0.4286	0.4062	-1	0.2186	0.2179	1	4.0043	  2.1003	   2.2025	0.5329	0.4379	0.5331	0.4389	1	0.2434	0.2253	1	4.0042	 -0.27	  0.83	  8.01	126 Game time (seconds): 16.39086 Stroke: 0
10	  2.1102	   7.5156	0.4280	0.4079	0.4284	0.4069	-1	0.2199	0.2184	1	4.0118	  2.1003	   2.2025	0.5329	0.4379	0.5331	0.4389	1	0.2434	0.2253	1	4.0042	 -0.28	  0.83	  8.00	127 Game time (seconds): 16.42 Stroke: 0
777	  2.1304	MovieFrame	2	63
10	  2.1356	  25.4570	0.4285	0.4064	0.4284	0.4067	-1	0.2186	0.2169	1	4.0372	  2.1334	   2.3165	0.5332	0.4382	0.5333	0.4392	1	0.2430	0.2244	1	4.0373	 -0.27	  0.83	  8.00	128 Game time (seconds): 16.42548 Stroke: 0
10	  2.1436	   7.9550	0.4282	0.4079	0.4283	0.4072	-1	0.2198	0.2188	1	4.0452	  2.1334	   2.3165	0.5332	0.4382	0.5333	0.4392	1	0.2430	0.2244	1	4.0373	 -0.27	  0.82	  8.00	129 Game time (seconds): 16.44961 Stroke: 0
777	  2.1641	MovieFrame	2	64
10	  2.1694	  25.7577	0.4283	0.4072	0.4283	0.4072	-1	0.2190	0.2172	1	4.0709	  2.1671	   2.3091	0.5332	0.4384	0.5333	0.4390	1	0.2428	0.2240	1	4.0710	 -0.27	  0.82	  8.00	130 Game time (seconds): 16.46061 Stroke: 0
10	  2.1769	   7.5800	0.4279	0.4097	0.4282	0.4082	-1	0.2195	0.2174	1	4.0785	  2.1671	   2.3091	0.5332	0.4384	0.5333	0.4390	1	0.2428	0.2240	1	4.0710	 -0.28	  0.82	  8.00	131 Game time (seconds): 16.48343 Stroke: 0
777	  2.1977	MovieFrame	2	65
10	  2.2026	  25.6536	0.4281	0.4078	0.4281	0.4080	-1	0.2208	0.2189	1	4.1042	  2.2002	   2.2575	0.5345	0.4396	0.5340	0.4397	1	0.2425	0.2241	1	4.1042	 -0.27	  0.82	  7.99	132 Game time (seconds): 16.49013 Stroke: 0
10	  2.2103	   7.7020	0.4282	0.4104	0.4281	0.4090	-1	0.2194	0.2183	1	4.1119	  2.2002	   2.2575	0.5345	0.4396	0.5340	0.4397	1	0.2425	0.2241	1	4.1042	 -0.27	  0.81	  7.99	133 Game time (seconds): 16.51843 Stroke: 0
777	  2.2310	MovieFrame	2	66
10	  2.2359	  25.6579	0.4283	0.4085	0.4282	0.4088	-1	0.2210	0.2189	1	4.1375	  2.2335	   2.0974	0.5343	0.4380	0.5343	0.4394	1	0.2459	0.2261	1	4.1374	 -0.27	  0.81	  7.98	134 Game time (seconds): 16.52383 Stroke: 0
10	  2.2437	   7.7909	0.4238	0.4092	0.4264	0.4090	-1	0.2184	0.2148	1	4.1453	  2.2335	   2.0974	0.5343	0.4380	0.5343	0.4394	1	0.2459	0.2261	1	4.1374	 -0.28	  0.81	  7.96	135 Game time (seconds): 16.55037 Stroke: 0
777	  2.2645	MovieFrame	2	67
10	  2.2695	  25.7411	0.3836	0.3722	0.4093	0.3943	-1	0.2137	0.2079	1	4.1711	  2.2672	   2.2389	0.4758	0.3998	0.5077	0.4217	1	0.2482	0.2297	1	4.1711	 -0.59	  0.99	  8.10	136 Game time (seconds): 16.5581 Stroke: 0
10	  2.2769	   7.4639	0.3576	0.3578	0.3886	0.3797	-1	0.2098	0.1975	1	4.1785	  2.2672	   2.2389	0.4758	0.3998	0.5077	0.4217	1	0.2482	0.2297	1	4.1711	 -0.74	  1.06	  7.79	137 Game time (seconds): 16.58211 Stroke: 0
777	  2.2974	MovieFrame	2	68
10	  2.3026	  25.6305	0.3542	0.3554	0.3749	0.3700	-1	0.2140	0.1988	1	4.2042	  2.3007	   2.5729	0.4461	0.3840	0.4683	0.4002	-1	0.2632	0.2240	1	4.2046	 -1.12	  1.23	  8.18	138 Game time (seconds): 16.59109 Stroke: 0
10	  2.3104	   7.8419	0.3521	0.3555	0.3658	0.3642	-1	0.2221	0.1998	1	4.2120	  2.3007	   2.5729	0.4461	0.3840	0.4683	0.4002	-1	0.2632	0.2240	1	4.2046	 -1.19	  1.26	  8.04	139 Game time (seconds): 16.61811 Stroke: 0
777	  2.3314	MovieFrame	2	69
10	  2.3363	  25.9305	0.3515	0.3528	0.3601	0.3596	-1	0.2148	0.2018	1	4.2379	  2.3340	   2.2378	0.4483	0.3929	0.4554	0.3959	-1	0.2393	0.2239	1	4.2379	 -1.32	  1.31	  8.15	140 Game time (seconds): 16.62364 Stroke: 0
10	  2.3437	   7.3845	0.3522	0.3564	0.3569	0.3583	-1	0.2125	0.1966	1	4.2453	  2.3340	   2.2378	0.4483	0.3929	0.4554	0.3959	-1	0.2393	0.2239	1	4.2379	 -1.34	  1.32	  8.10	141 Game time (seconds): 16.65293 Stroke: 0
777	  2.3641	MovieFrame	2	70
10	  2.3694	  25.6236	0.3502	0.3524	0.3542	0.3560	-1	0.2115	0.2012	1	4.2709	  2.3670	   2.1934	0.4490	0.3892	0.4511	0.3924	-1	0.2476	0.2277	1	4.2709	 -1.39	  1.35	  8.13	142 Game time (seconds): 16.65708 Stroke: 0
10	  2.3771	   7.7507	0.3494	0.3557	0.3523	0.3559	-1	0.2199	0.2006	1	4.2787	  2.3670	   2.1934	0.4490	0.3892	0.4511	0.3924	-1	0.2476	0.2277	1	4.2709	 -1.40	  1.35	  8.10	143 Game time (seconds): 16.68431 Stroke: 0
777	  2.3977	MovieFrame	2	71
10	  2.4028	  25.6718	0.3491	0.3532	0.3510	0.3548	-1	0.2119	0.2018	1	4.3044	  2.4004	   2.2134	0.4491	0.3896	0.4498	0.3915	-1	0.2469	0.2284	1	4.3043	 -1.42	  1.36	  8.10	144 Game time (seconds): 16.69007 Stroke: 0
10	  2.4104	   7.6741	0.3489	0.3567	0.3502	0.3556	-1	0.2179	0.1998	1	4.3120	  2.4004	   2.2134	0.4491	0.3896	0.4498	0.3915	-1	0.2469	0.2284	1	4.3043	 -1.43	  1.36	  8.08	145 Game time (seconds): 16.71683 Stroke: 0
777	  2.4311	MovieFrame	2	72
10	  2.4363	  25.8850	0.3483	0.3530	0.3494	0.3545	-1	0.2107	0.2016	1	4.3379	  2.4338	   2.1773	0.4489	0.3902	0.4493	0.3914	-1	0.2457	0.2277	1	4.3378	 -1.44	  1.36	  8.08	146 Game time (seconds): 16.72372 Stroke: 0
10	  2.4439	   7.6081	0.3482	0.3568	0.3489	0.3554	-1	0.2184	0.1999	1	4.3455	  2.4338	   2.1773	0.4489	0.3902	0.4493	0.3914	-1	0.2457	0.2277	1	4.3378	 -1.44	  1.36	  8.07	147 Game time (seconds): 16.75076 Stroke: 0
777	  2.4655	MovieFrame	2	73
10	  2.4697	  25.8027	0.3481	0.3523	0.3486	0.3542	-1	0.2112	0.2013	1	4.3713	  2.4674	   2.2566	0.4483	0.3895	0.4488	0.3909	-1	0.2475	0.2296	1	4.3714	 -1.45	  1.37	  8.07	148 Game time (seconds): 16.75714 Stroke: 0
10	  2.4771	   7.3768	0.3479	0.3538	0.3483	0.3540	-1	0.2136	0.1841	1	4.3787	  2.4674	   2.2566	0.4483	0.3895	0.4488	0.3909	-1	0.2475	0.2296	1	4.3714	 -1.45	  1.37	  8.07	149 Game time (seconds): 16.7815 Stroke: 0
777	  2.4978	MovieFrame	2	74
10	  2.5028	  25.6988	0.3461	0.3551	0.3475	0.3545	-1	0.2130	0.2056	1	4.4044	  2.5006	   2.2180	0.4494	0.3897	0.4491	0.3910	-1	0.2473	0.2282	1	4.4045	 -1.45	  1.36	  8.05	150 Game time (seconds): 16.79028 Stroke: 0
10	  2.5106	   7.7560	0.3458	0.3581	0.3468	0.3559	-1	0.2154	0.2049	1	4.4122	  2.5006	   2.2180	0.4494	0.3897	0.4491	0.3910	-1	0.2473	0.2282	1	4.4045	 -1.46	  1.36	  8.04	151 Game time (seconds): 16.81786 Stroke: 0
777	  2.5312	MovieFrame	2	75
10	  2.5363	  25.7516	0.3458	0.3558	0.3464	0.3559	-1	0.2190	0.2054	1	4.4379	  2.5341	   2.2316	0.4494	0.3919	0.4494	0.3914	-1	0.2457	0.2280	1	4.4380	 -1.46	  1.35	  8.03	152 Game time (seconds): 16.82356 Stroke: 0
10	  2.5439	   7.5492	0.3479	0.3586	0.3470	0.3570	-1	0.2178	0.1992	1	4.4455	  2.5341	   2.2316	0.4494	0.3919	0.4494	0.3914	-1	0.2457	0.2280	1	4.4380	 -1.45	  1.35	  8.04	153 Game time (seconds): 16.85235 Stroke: 0
777	  2.5649	MovieFrame	2	76
10	  2.5697	  25.8196	0.3462	0.3574	0.3467	0.3572	-1	0.2172	0.2051	1	4.4713	  2.5673	   2.2797	0.4512	0.3951	0.4504	0.3937	-1	0.2447	0.2274	1	4.4713	 -1.45	  1.33	  8.02	154 Game time (seconds): 16.85825 Stroke: 0
10	  2.5774	   7.6852	0.3490	0.3607	0.3476	0.3586	-1	0.2146	0.1977	1	4.4790	  2.5673	   2.2797	0.4512	0.3951	0.4504	0.3937	-1	0.2447	0.2274	1	4.4713	 -1.44	  1.33	  8.03	155 Game time (seconds): 16.88371 Stroke: 0
777	  2.5987	MovieFrame	2	77
10	  2.6028	  25.3893	0.3483	0.3612	0.3479	0.3596	-1	0.2170	0.2002	1	4.5044	  2.6005	   2.1427	0.4527	0.3995	0.4518	0.3973	-1	0.2444	0.2245	1	4.5044	 -1.43	  1.30	  8.02	156 Game time (seconds): 16.89173 Stroke: 0
10	  2.6108	   8.0302	0.3549	0.3664	0.3507	0.3623	-1	0.2111	0.1976	1	4.5124	  2.6005	   2.1427	0.4527	0.3995	0.4518	0.3973	-1	0.2444	0.2245	1	4.5044	 -1.41	  1.29	  8.06	157 Game time (seconds): 16.91955 Stroke: 0
777	  2.6318	MovieFrame	2	78
10	  2.6363	  25.5178	0.4190	0.3938	0.3780	0.3749	-1	0.2168	0.2035	1	4.5379	  2.6344	   2.5115	0.5376	0.4326	0.4924	0.4150	-1	0.2432	0.2201	1	4.5383	 -0.93	  1.13	  7.86	158 Game time (seconds): 16.92567 Stroke: 1
10	  2.6440	   7.6862	0.4740	0.4187	0.4164	0.3924	-1	0.2192	0.2117	1	4.5456	  2.6344	   2.5115	0.5376	0.4326	0.4924	0.4150	-1	0.2432	0.2201	1	4.5383	 -0.65	  1.03	  8.47	159 Game time (seconds): 16.95136 Stroke: 1
777	  2.6651	MovieFrame	2	79
10	  2.6698	  25.7504	0.4837	0.4224	0.4433	0.4044	-1	0.2175	0.2161	1	4.5713	  2.6674	   2.3172	0.5735	0.4502	0.5441	0.4376	-1	0.2451	0.2253	1	4.5713	 -0.09	  0.85	  8.07	160 Game time (seconds): 16.95832 Stroke: 1
10	  2.6774	   7.6223	0.4825	0.4259	0.4590	0.4130	-1	0.2184	0.2168	1	4.5790	  2.6674	   2.3172	0.5735	0.4502	0.5441	0.4376	-1	0.2451	0.2253	1	4.5713	  0.02	  0.80	  8.32	161 Game time (seconds): 16.98614 Stroke: 1
777	  2.6992	MovieFrame	2	80
10	  2.7030	  25.6543	0.4812	0.4246	0.4679	0.4176	-1	0.2170	0.2138	1	4.6046	  2.7007	   2.2469	0.5749	0.4521	0.5637	0.4471	-1	0.2444	0.2216	1	4.6047	  0.23	  0.72	  8.14	162 Game time (seconds): 16.99142 Stroke: 1
10	  2.7108	   7.7274	0.4804	0.4283	0.4729	0.4219	-1	0.2175	0.2167	1	4.6123	  2.7007	   2.2469	0.5749	0.4521	0.5637	0.4471	-1	0.2444	0.2216	1	4.6047	  0.26	  0.70	  8.22	163 Game time (seconds): 17.01713 Stroke: 1
777	  2.7316	MovieFrame	2	81
10	  2.7365	  25.7307	0.4799	0.4268	0.4757	0.4238	-1	0.2154	0.2132	1	4.6381	  2.7343	   2.3047	0.5765	0.4539	0.5717	0.4516	-1	0.2442	0.2194	1	4.6382	  0.34	  0.67	  8.14	164 Game time (seconds): 17.02586 Stroke: 1
10	  2.7441	   7.5873	0.4803	0.4301	0.4775	0.4263	1	0.2180	0.2160	1	4.6457	  2.7343	   2.3047	0.5765	0.4539	0.5717	0.4516	-1	0.2442	0.2194	1	4.6382	  0.35	  0.65	  8.17	165 Game time (seconds): 17.0507 Stroke: 1
777	  2.7654	MovieFrame	2	82
10	  2.7697	  25.5889	0.4803	0.4293	0.4786	0.4275	1	0.2166	0.2141	1	4.6713	  2.7674	   2.1834	0.5780	0.4570	0.5755	0.4552	-1	0.2451	0.2180	1	4.6713	  0.39	  0.63	  8.13	166 Game time (seconds): 17.05875 Stroke: 1
10	  2.7774	   7.7259	0.4800	0.4332	0.4792	0.4298	1	0.2174	0.2158	1	4.6790	  2.7674	   2.1834	0.5780	0.4570	0.5755	0.4552	-1	0.2451	0.2180	1	4.6713	  0.39	  0.62	  8.13	167 Game time (seconds): 17.08631 Stroke: 1
777	  2.7986	MovieFrame	2	83
10	  2.8029	  25.5573	0.4799	0.4328	0.4795	0.4310	1	0.2173	0.2115	1	4.7045	  2.8006	   2.1772	0.5793	0.4605	0.5778	0.4590	-1	0.2445	0.2167	1	4.7045	  0.41	  0.59	  8.10	168 Game time (seconds): 17.09342 Stroke: 1
10	  2.8108	   7.8978	0.4801	0.4346	0.4797	0.4324	1	0.2166	0.2155	1	4.7124	  2.8006	   2.1772	0.5793	0.4605	0.5778	0.4590	-1	0.2445	0.2167	1	4.7045	  0.41	  0.58	  8.11	169 Game time (seconds): 17.11736 Stroke: 1
777	  2.8317	MovieFrame	2	84
10	  2.8365	  25.6357	0.4952	0.4352	0.4859	0.4335	1	0.2200	0.2102	1	4.7381	  2.8341	   2.1256	0.6017	0.4664	0.5885	0.4633	-1	0.2408	0.2162	1	4.7380	  0.53	  0.55	  8.04	170 Game time (seconds): 17.12478 Stroke: 1
10	  2.8442	   7.7191	0.5049	0.4385	0.4935	0.4355	1	0.2163	0.2132	1	4.7458	  2.8341	   2.1256	0.6017	0.4664	0.5885	0.4633	-1	0.2408	0.2162	1	4.7380	  0.59	  0.54	  8.16	171 Game time (seconds): 17.15298 Stroke: 1
777	  2.8652	MovieFrame	2	85
10	  2.8698	  25.5886	0.5043	0.4373	0.4978	0.4362	1	0.2172	0.2154	1	4.7714	  2.8676	   2.3013	0.6026	0.4660	0.5974	0.4655	-1	0.2420	0.2159	1	4.7715	  0.68	  0.53	  8.08	172 Game time (seconds): 17.15869 Stroke: 1
10	  2.8776	   7.8174	0.5024	0.4380	0.4996	0.4369	1	0.2184	0.2101	1	4.7792	  2.8676	   2.3013	0.6026	0.4660	0.5974	0.4655	-1	0.2420	0.2159	1	4.7715	  0.69	  0.52	  8.11	173 Game time (seconds): 17.18696 Stroke: 1
777	  2.8986	MovieFrame	2	86
10	  2.9034	  25.7605	0.5022	0.4364	0.5006	0.4367	1	0.2200	0.2157	1	4.8050	  2.9011	   2.3145	0.6025	0.4657	0.6005	0.4660	-1	0.2415	0.2162	1	4.8050	  0.72	  0.52	  8.08	174 Game time (seconds): 17.19197 Stroke: 1
10	  2.9110	   7.6812	0.5020	0.4378	0.5012	0.4371	1	0.2207	0.2176	1	4.8126	  2.9011	   2.3145	0.6025	0.4657	0.6005	0.4660	-1	0.2415	0.2162	1	4.8050	  0.73	  0.52	  8.09	175 Game time (seconds): 17.22217 Stroke: 1
777	  2.9328	MovieFrame	2	87
10	  2.9366	  25.5346	0.5008	0.4346	0.5011	0.4361	1	0.2205	0.2147	1	4.8382	  2.9344	   2.2885	0.6006	0.4616	0.6008	0.4641	-1	0.2432	0.2160	1	4.8383	  0.73	  0.53	  8.08	176 Game time (seconds): 17.22724 Stroke: 1
10	  2.9443	   7.7223	0.5015	0.4358	0.5012	0.4360	1	0.2215	0.2170	1	4.8459	  2.9344	   2.2885	0.6006	0.4616	0.6008	0.4641	-1	0.2432	0.2160	1	4.8383	  0.73	  0.54	  8.08	177 Game time (seconds): 17.25348 Stroke: 1
777	  2.9653	MovieFrame	2	88
10	  2.9699	  25.5683	0.5000	0.4324	0.5007	0.4346	1	0.2203	0.2131	1	4.8715	  2.9676	   2.3364	0.6007	0.4586	0.6008	0.4616	-1	0.2461	0.2179	1	4.8716	  0.73	  0.56	  8.08	178 Game time (seconds): 17.25877 Stroke: 1
10	  2.9776	   7.7536	0.4998	0.4327	0.5004	0.4338	1	0.2212	0.2195	1	4.8792	  2.9676	   2.3364	0.6007	0.4586	0.6008	0.4616	-1	0.2461	0.2179	1	4.8716	  0.72	  0.56	  8.07	179 Game time (seconds): 17.28581 Stroke: 1
777	  2.9987	MovieFrame	2	89
10	  3.0035	  25.9130	0.5003	0.4293	0.5003	0.4320	1	0.2232	0.2192	1	4.9051	  3.0013	   2.2136	0.6013	0.4564	0.6010	0.4591	-1	0.2463	0.2197	1	4.9052	  0.72	  0.58	  8.07	180 Game time (seconds): 17.29094 Stroke: 1
10	  3.0110	   7.4581	0.4989	0.4295	0.4998	0.4310	1	0.2215	0.2167	1	4.9126	  3.0013	   2.2136	0.6013	0.4564	0.6010	0.4591	-1	0.2463	0.2197	1	4.9052	  0.72	  0.59	  8.06	181 Game time (seconds): 17.32159 Stroke: 1
777	  3.0317	MovieFrame	2	90
10	  3.0367	  25.7324	0.5004	0.4260	0.5000	0.4290	1	0.2226	0.2207	1	4.9383	  3.0344	   2.2188	0.6010	0.4538	0.6009	0.4565	-1	0.2445	0.2215	1	4.9384	  0.72	  0.61	  8.06	182 Game time (seconds): 17.32638 Stroke: 1
10	  3.0444	   7.6536	0.4993	0.4269	0.4997	0.4282	1	0.2213	0.2177	1	4.9460	  3.0344	   2.2188	0.6010	0.4538	0.6009	0.4565	-1	0.2445	0.2215	1	4.9384	  0.72	  0.62	  8.06	183 Game time (seconds): 17.35224 Stroke: 1
777	  3.0655	MovieFrame	2	91
10	  3.0703	  25.8666	0.4983	0.4233	0.4992	0.4262	1	0.2217	0.2112	1	4.9718	  3.0679	   2.2960	0.6006	0.4520	0.6007	0.4542	-1	0.2451	0.2226	1	4.9718	  0.71	  0.64	  8.05	184 Game time (seconds): 17.35811 Stroke: 1
10	  3.0778	   7.5672	0.4988	0.4238	0.4990	0.4252	1	0.2228	0.2182	1	4.9794	  3.0679	   2.2960	0.6006	0.4520	0.6007	0.4542	-1	0.2451	0.2226	1	4.9718	  0.71	  0.65	  8.05	185 Game time (seconds): 17.38635 Stroke: 1
777	  3.0986	MovieFrame	2	92
10	  3.1036	  25.7677	0.4984	0.4206	0.4988	0.4234	1	0.2235	0.2189	1	5.0052	  3.1012	   2.1814	0.6004	0.4487	0.6005	0.4516	-1	0.2445	0.2237	1	5.0052	  0.71	  0.67	  8.05	186 Game time (seconds): 17.39114 Stroke: 1
10	  3.1110	   7.4329	0.4983	0.4219	0.4986	0.4228	1	0.2215	0.2184	1	5.0126	  3.1012	   2.1814	0.6004	0.4487	0.6005	0.4516	-1	0.2445	0.2237	1	5.0052	  0.71	  0.67	  8.05	187 Game time (seconds): 17.41949 Stroke: 1
777	  3.1320	MovieFrame	2	93
10	  3.1367	  25.6959	0.4991	0.4192	0.4988	0.4214	1	0.2232	0.2204	1	5.0383	  3.1344	   2.2027	0.6005	0.4473	0.6005	0.4494	-1	0.2463	0.2236	1	5.0383	  0.71	  0.69	  8.05	188 Game time (seconds): 17.42584 Stroke: 1
10	  3.1444	   7.7081	0.4968	0.4198	0.4980	0.4207	1	0.2241	0.2133	1	5.0460	  3.1344	   2.2027	0.6005	0.4473	0.6005	0.4494	-1	0.2463	0.2236	1	5.0383	  0.70	  0.70	  8.04	189 Game time (seconds): 17.45072 Stroke: 1
777	  3.1652	MovieFrame	2	94
10	  3.1703	  25.9057	0.4987	0.4186	0.4983	0.4199	-1	0.2223	0.2187	1	5.0719	  3.1680	   2.2366	0.6013	0.4450	0.6010	0.4471	-1	0.2468	0.2230	1	5.0719	  0.71	  0.71	  8.03	190 Game time (seconds): 17.45785 Stroke: 1
10	  3.1779	   7.5379	0.4994	0.4206	0.4987	0.4202	1	0.2241	0.2212	1	5.0795	  3.1680	   2.2366	0.6013	0.4450	0.6010	0.4471	-1	0.2468	0.2230	1	5.0719	  0.71	  0.71	  8.04	191 Game time (seconds): 17.48642 Stroke: 1
777	  3.1988	MovieFrame	2	95
10	  3.2039	  25.9887	0.4973	0.4176	0.4982	0.4192	-1	0.2252	0.2150	1	5.1054	  3.2016	   2.3025	0.6023	0.4452	0.6017	0.4465	-1	0.2455	0.2238	1	5.1055	  0.71	  0.72	  8.02	192 Game time (seconds): 17.49231 Stroke: 1
10	  3.2111	   7.2706	0.4995	0.4199	0.4987	0.4194	-1	0.2253	0.2215	1	5.1127	  3.2016	   2.3025	0.6023	0.4452	0.6017	0.4465	-1	0.2455	0.2238	1	5.1055	  0.72	  0.72	  8.03	193 Game time (seconds): 17.5192 Stroke: 1
777	  3.2318	MovieFrame	2	96
10	  3.2371	  25.9316	0.4979	0.4169	0.4984	0.4184	-1	0.2254	0.2167	1	5.1386	  3.2347	   2.2551	0.6018	0.4442	0.6019	0.4457	-1	0.2472	0.2232	1	5.1387	  0.72	  0.73	  8.02	194 Game time (seconds): 17.52534 Stroke: 1
10	  3.2445	   7.4662	0.4970	0.4189	0.4978	0.4186	-1	0.2234	0.2144	1	5.1461	  3.2347	   2.2551	0.6018	0.4442	0.6019	0.4457	-1	0.2472	0.2232	1	5.1387	  0.71	  0.73	  8.01	195 Game time (seconds): 17.55089 Stroke: 1
777	  3.2655	MovieFrame	2	97
10	  3.2705	  25.9775	0.4987	0.4171	0.4982	0.4180	-1	0.2237	0.2200	1	5.1721	  3.2682	   2.2134	0.6014	0.4409	0.6017	0.4437	-1	0.2520	0.2276	1	5.1721	  0.71	  0.74	  8.02	196 Game time (seconds): 17.55801 Stroke: 1
10	  3.2779	   7.4008	0.4995	0.4183	0.4987	0.4181	-1	0.2252	0.2223	1	5.1795	  3.2682	   2.2134	0.6014	0.4409	0.6017	0.4437	-1	0.2520	0.2276	1	5.1721	  0.72	  0.74	  8.03	197 Game time (seconds): 17.58669 Stroke: 1
777	  3.2994	MovieFrame	2	98
10	  3.3037	  25.7612	0.4979	0.4157	0.4984	0.4172	-1	0.2275	0.2171	1	5.2053	  3.3014	   2.2081	0.6023	0.4395	0.6019	0.4424	-1	0.2535	0.2301	1	5.2053	  0.72	  0.75	  8.02	198 Game time (seconds): 17.5912 Stroke: 1
10	  3.3112	   7.5839	0.4984	0.4177	0.4984	0.4174	-1	0.2249	0.2206	1	5.2128	  3.3014	   2.2081	0.6023	0.4395	0.6019	0.4424	-1	0.2535	0.2301	1	5.2053	  0.72	  0.75	  8.02	199 Game time (seconds): 17.62064 Stroke: 1
777	  3.3319	MovieFrame	2	99
10	  3.3369	  25.6388	0.4992	0.4145	0.4987	0.4162	-1	0.2279	0.2243	1	5.2385	  3.3346	   2.2227	0.6025	0.4394	0.6018	0.4412	-1	0.2532	0.2306	1	5.2385	  0.72	  0.76	  8.03	200 Game time (seconds): 17.62526 Stroke: 1
10	  3.3446	   7.7348	0.4985	0.4177	0.4986	0.4168	-1	0.2252	0.2210	1	5.2462	  3.3346	   2.2227	0.6025	0.4394	0.6018	0.4412	-1	0.2532	0.2306	1	5.2385	  0.72	  0.76	  8.03	201 Game time (seconds): 17.65399 Stroke: 1
777	  3.3650	MovieFrame	2	100
10	  3.3702	  25.6132	0.4992	0.4145	0.4988	0.4159	-1	0.2282	0.2245	1	5.2718	  3.3679	   2.1898	0.6024	0.4389	0.6019	0.4403	-1	0.2540	0.2314	1	5.2718	  0.72	  0.77	  8.03	202 Game time (seconds): 17.65821 Stroke: 1
10	  3.3780	   7.7745	0.4986	0.4157	0.4988	0.4158	-1	0.2276	0.2228	1	5.2796	  3.3679	   2.1898	0.6024	0.4389	0.6019	0.4403	-1	0.2540	0.2314	1	5.2718	  0.72	  0.77	  8.03	203 Game time (seconds): 17.68347 Stroke: 1
777	  3.3990	MovieFrame	2	101
10	  3.4037	  25.7376	0.4989	0.4144	0.4988	0.4152	-1	0.2279	0.2245	1	5.3053	  3.4014	   2.2208	0.6026	0.4385	0.6020	0.4397	-1	0.2544	0.2328	1	5.3053	  0.72	  0.78	  8.03	204 Game time (seconds): 17.69122 Stroke: 1
10	  3.4114	   7.6697	0.4977	0.4164	0.4984	0.4157	-1	0.2253	0.2220	1	5.3130	  3.4014	   2.2208	0.6026	0.4385	0.6020	0.4397	-1	0.2544	0.2328	1	5.3053	  0.72	  0.77	  8.02	205 Game time (seconds): 17.71935 Stroke: 1
777	  3.4322	MovieFrame	2	102
10	  3.4372	  25.8230	0.4982	0.4140	0.4983	0.4150	-1	0.2290	0.2229	1	5.3388	  3.4349	   2.1503	0.6031	0.4393	0.6025	0.4395	-1	0.2540	0.2326	1	5.3389	  0.72	  0.78	  8.01	206 Game time (seconds): 17.72518 Stroke: 1
10	  3.4447	   7.4974	0.4975	0.4164	0.4980	0.4156	-1	0.2260	0.2219	1	5.3463	  3.4349	   2.1503	0.6031	0.4393	0.6025	0.4395	-1	0.2540	0.2326	1	5.3389	  0.72	  0.78	  8.01	207 Game time (seconds): 17.75202 Stroke: 1
777	  3.4661	MovieFrame	2	103
10	  3.4705	  25.8006	0.4979	0.4147	0.4979	0.4152	-1	0.2290	0.2223	1	5.3721	  3.4683	   2.2612	0.6028	0.4392	0.6027	0.4397	-1	0.2540	0.2336	1	5.3722	  0.72	  0.78	  8.00	208 Game time (seconds): 17.75844 Stroke: 1
10	  3.4781	   7.5673	0.4958	0.4175	0.4971	0.4161	-1	0.2255	0.2166	1	5.3797	  3.4683	   2.2612	0.6028	0.4392	0.6027	0.4397	-1	0.2540	0.2336	1	5.3722	  0.71	  0.77	  7.99	209 Game time (seconds): 17.78833 Stroke: 1
777	  3.4989	MovieFrame	2	104
10	  3.5039	  25.8448	0.4777	0.4519	0.4893	0.4304	1	0.2220	0.2165	1	5.4055	  3.5016	   2.1902	0.5619	0.4925	0.5858	0.4619	-1	0.2508	0.2283	1	5.4056	  0.54	  0.58	  8.13	210 Game time (seconds): 17.79253 Stroke: 1
10	  3.5114	   7.4963	0.4532	0.5134	0.4748	0.4636	1	0.2248	0.2140	1	5.4130	  3.5016	   2.1902	0.5619	0.4925	0.5858	0.4619	-1	0.2508	0.2283	1	5.4056	  0.43	  0.40	  7.91	211 Game time (seconds): 17.81991 Stroke: 1
777	  3.5322	MovieFrame	2	105
10	  3.5371	  25.6840	0.4497	0.5572	0.4648	0.5011	1	0.2297	0.2087	1	5.4387	  3.5350	   2.3484	0.5260	0.5876	0.5486	0.5359	1	0.2448	0.2380	1	5.4389	  0.10	 -0.20	  8.34	212 Game time (seconds): 17.82579 Stroke: 1
10	  3.5449	   7.7742	0.4458	0.5568	0.4572	0.5233	1	0.2274	0.2154	1	5.4465	  3.5350	   2.3484	0.5260	0.5876	0.5486	0.5359	1	0.2448	0.2380	1	5.4389	  0.04	 -0.32	  8.21	213 Game time (seconds): 17.85135 Stroke: 1
777	  3.5657	MovieFrame	2	106
10	  3.5708	  25.8726	0.4445	0.5562	0.4521	0.5365	1	0.2286	0.2151	1	5.4724	  3.5684	   2.1720	0.5298	0.5844	0.5363	0.5674	-1	0.2483	0.2398	1	5.4723	 -0.08	 -0.56	  8.33	214 Game time (seconds): 17.85817 Stroke: 1
10	  3.5782	   7.4502	0.4430	0.5563	0.4485	0.5444	-1	0.2306	0.2168	1	5.4798	  3.5684	   2.1720	0.5298	0.5844	0.5363	0.5674	-1	0.2483	0.2398	1	5.4723	 -0.11	 -0.60	  8.27	215 Game time (seconds): 17.88751 Stroke: 1
777	  3.5989	MovieFrame	2	107
10	  3.6047	  26.4294	0.4417	0.5522	0.4457	0.5475	-1	0.2324	0.2180	1	5.5062	  3.6023	   2.9061	0.5311	0.5830	0.5328	0.5780	-1	0.2475	0.2398	1	5.5063	 -0.15	 -0.67	  8.28	216 Game time (seconds): 17.89306 Stroke: 1
10	  3.6115	   6.8685	0.4396	0.5524	0.4433	0.5495	-1	0.2327	0.2161	1	5.5131	  3.6023	   2.9061	0.5311	0.5830	0.5328	0.5780	-1	0.2475	0.2398	1	5.5063	 -0.17	 -0.68	  8.24	217 Game time (seconds): 17.92297 Stroke: 1
777	  3.6333	MovieFrame	2	108
10	  3.6374	  25.8939	0.4386	0.5510	0.4414	0.5501	-1	0.2333	0.2189	1	5.5390	  3.6351	   2.1666	0.5333	0.5814	0.5329	0.5806	-1	0.2459	0.2398	1	5.5391	 -0.18	 -0.70	  8.21	218 Game time (seconds): 17.92765 Stroke: 1
10	  3.6450	   7.5638	0.4381	0.5524	0.4401	0.5510	-1	0.2333	0.2203	1	5.5466	  3.6351	   2.1666	0.5333	0.5814	0.5329	0.5806	-1	0.2459	0.2398	1	5.5391	 -0.19	 -0.70	  8.19	219 Game time (seconds): 17.95426 Stroke: 1
777	  3.6661	MovieFrame	2	109
10	  3.6707	  25.7421	0.4377	0.5508	0.4391	0.5509	-1	0.2324	0.2198	1	5.5723	  3.6685	   2.2575	0.5348	0.5798	0.5338	0.5809	-1	0.2467	0.2376	1	5.5724	 -0.19	 -0.71	  8.16	220 Game time (seconds): 17.95986 Stroke: 1
10	  3.6784	   7.6347	0.4362	0.5520	0.4380	0.5514	-1	0.2328	0.2183	1	5.5799	  3.6685	   2.2575	0.5348	0.5798	0.5338	0.5809	-1	0.2467	0.2376	1	5.5724	 -0.20	 -0.71	  8.14	221 Game time (seconds): 17.98424 Stroke: 1
777	  3.6995	MovieFrame	2	110
10	  3.7041	  25.7500	0.4361	0.5513	0.4372	0.5513	-1	0.2322	0.2180	1	5.6057	  3.7018	   2.1716	0.5352	0.5793	0.5345	0.5804	-1	0.2474	0.2371	1	5.6057	 -0.20	 -0.71	  8.12	222 Game time (seconds): 17.99174 Stroke: 1
10	  3.7116	   7.4746	0.4353	0.5526	0.4364	0.5518	-1	0.2331	0.2187	1	5.6132	  3.7018	   2.1716	0.5352	0.5793	0.5345	0.5804	-1	0.2474	0.2371	1	5.6057	 -0.21	 -0.71	  8.11	223 Game time (seconds): 18.02089 Stroke: 1
777	  3.7324	MovieFrame	2	111
10	  3.7375	  25.8837	0.4354	0.5519	0.4360	0.5519	-1	0.2332	0.2201	1	5.6391	  3.7351	   2.1424	0.5341	0.5794	0.5343	0.5803	-1	0.2485	0.2399	1	5.6391	 -0.21	 -0.71	  8.10	224 Game time (seconds): 18.02537 Stroke: 1
10	  3.7450	   7.4953	0.4349	0.5528	0.4356	0.5522	-1	0.2322	0.2186	1	5.6466	  3.7351	   2.1424	0.5341	0.5794	0.5343	0.5803	-1	0.2485	0.2399	1	5.6391	 -0.22	 -0.71	  8.10	225 Game time (seconds): 18.05292 Stroke: 1
777	  3.7658	MovieFrame	2	112
10	  3.7707	  25.7809	0.4348	0.5521	0.4353	0.5522	-1	0.2318	0.2196	1	5.6723	  3.7684	   2.1549	0.5343	0.5797	0.5343	0.5802	-1	0.2475	0.2392	1	5.6723	 -0.22	 -0.71	  8.09	226 Game time (seconds): 18.05802 Stroke: 1
10	  3.7784	   7.6121	0.4350	0.5536	0.4352	0.5527	-1	0.2314	0.2180	1	5.6799	  3.7684	   2.1549	0.5343	0.5797	0.5343	0.5802	-1	0.2475	0.2392	1	5.6723	 -0.22	 -0.71	  8.09	227 Game time (seconds): 18.08632 Stroke: 1
777	  3.8000	MovieFrame	2	113
10	  3.8043	  25.9054	0.4537	0.5124	0.4426	0.5366	-1	0.2252	0.2219	1	5.7059	  3.8023	   2.5674	0.5473	0.5287	0.5403	0.5581	1	0.2477	0.2346	1	5.7062	 -0.12	 -0.51	  8.11	228 Game time (seconds): 18.09291 Stroke: 1
10	  3.8116	   7.3847	0.4743	0.4989	0.4553	0.5215	1	0.2282	0.2235	1	5.7132	  3.8023	   2.5674	0.5473	0.5287	0.5403	0.5581	1	0.2477	0.2346	1	5.7062	 -0.03	 -0.43	  8.32	229 Game time (seconds): 18.11729 Stroke: 1
777	  3.8336	MovieFrame	2	114
10	  3.8375	  25.8791	0.4741	0.4973	0.4628	0.5118	1	0.2269	0.2204	1	5.7391	  3.8353	   2.2586	0.5587	0.5232	0.5519	0.5360	1	0.2421	0.2341	1	5.7393	  0.11	 -0.26	  8.25	230 Game time (seconds): 18.12665 Stroke: 1
10	  3.8450	   7.5120	0.4725	0.4993	0.4667	0.5068	1	0.2241	0.2203	1	5.7466	  3.8353	   2.2586	0.5587	0.5232	0.5519	0.5360	1	0.2421	0.2341	1	5.7393	  0.13	 -0.23	  8.31	231 Game time (seconds): 18.15108 Stroke: 1
777	  3.8662	MovieFrame	2	115
10	  3.8710	  25.9255	0.4712	0.4973	0.4685	0.5030	1	0.2237	0.2200	1	5.7726	  3.8687	   2.3132	0.5614	0.5210	0.5578	0.5270	-1	0.2427	0.2351	1	5.7726	  0.19	 -0.16	  8.25	232 Game time (seconds): 18.16148 Stroke: 1
10	  3.8784	   7.4815	0.4709	0.4984	0.4695	0.5012	1	0.2222	0.2179	1	5.7800	  3.8687	   2.3132	0.5614	0.5210	0.5578	0.5270	-1	0.2427	0.2351	1	5.7726	  0.19	 -0.15	  8.26	233 Game time (seconds): 18.1882 Stroke: 1
777	  3.8995	MovieFrame	2	116
10	  3.9042	  25.7856	0.4703	0.4965	0.4698	0.4993	1	0.2225	0.2181	1	5.8058	  3.9019	   2.2206	0.5631	0.5216	0.5610	0.5240	-1	0.2402	0.2308	1	5.8059	  0.22	 -0.13	  8.22	234 Game time (seconds): 18.19296 Stroke: 1
10	  3.9119	   7.6243	0.4705	0.4979	0.4701	0.4987	1	0.2203	0.2167	1	5.8134	  3.9019	   2.2206	0.5631	0.5216	0.5610	0.5240	-1	0.2402	0.2308	1	5.8059	  0.22	 -0.12	  8.22	235 Game time (seconds): 18.22075 Stroke: 1
777	  3.9327	MovieFrame	2	117
10	  3.9377	  25.8927	0.4704	0.4960	0.4702	0.4976	1	0.2201	0.2161	1	5.8393	  3.9354	   2.1728	0.5638	0.5219	0.5627	0.5228	-1	0.2373	0.2298	1	5.8393	  0.23	 -0.11	  8.20	236 Game time (seconds): 18.22613 Stroke: 1
10	  3.9452	   7.4629	0.4699	0.4983	0.4701	0.4979	1	0.2199	0.2171	1	5.8468	  3.9354	   2.1728	0.5638	0.5219	0.5627	0.5228	-1	0.2373	0.2298	1	5.8393	  0.23	 -0.11	  8.19	237 Game time (seconds): 18.25409 Stroke: 1
777	  3.9663	MovieFrame	2	118
10	  3.9709	  25.6841	0.4700	0.4977	0.4700	0.4978	1	0.2189	0.2163	1	5.8725	  3.9688	   2.5103	0.5638	0.5229	0.5634	0.5230	-1	0.2377	0.2288	1	5.8728	  0.24	 -0.11	  8.18	238 Game time (seconds): 18.25924 Stroke: 1
10	  3.9785	   7.6503	0.4697	0.4991	0.4699	0.4983	1	0.2190	0.2164	1	5.8801	  3.9688	   2.5103	0.5638	0.5229	0.5634	0.5230	-1	0.2377	0.2288	1	5.8728	  0.24	 -0.11	  8.18	239 Game time (seconds): 18.28472 Stroke: 1
777	  3.9997	MovieFrame	2	119
10	  4.0045	  25.9420	0.4693	0.4974	0.4696	0.4980	1	0.2183	0.2150	1	5.9061	  4.0022	   2.2202	0.5638	0.5227	0.5636	0.5231	-1	0.2385	0.2286	1	5.9061	  0.24	 -0.11	  8.17	240 Game time (seconds): 18.29211 Stroke: 1
10	  4.0119	   7.3978	0.4694	0.4993	0.4695	0.4985	1	0.2192	0.2168	1	5.9135	  4.0022	   2.2202	0.5638	0.5227	0.5636	0.5231	-1	0.2385	0.2286	1	5.9061	  0.24	 -0.12	  8.17	241 Game time (seconds): 18.32127 Stroke: 1
777	  4.0343	MovieFrame	2	120
10	  4.0378	  25.8912	0.4690	0.4981	0.4693	0.4984	1	0.2179	0.2151	1	5.9394	  4.0355	   2.2025	0.5636	0.5229	0.5635	0.5234	-1	0.2377	0.2273	1	5.9394	  0.23	 -0.12	  8.17	242 Game time (seconds): 18.32776 Stroke: 1
10	  4.0453	   7.5179	0.4691	0.5009	0.4693	0.4994	1	0.2191	0.2167	1	5.9469	  4.0355	   2.2025	0.5636	0.5229	0.5635	0.5234	-1	0.2377	0.2273	1	5.9394	  0.23	 -0.12	  8.17	243 Game time (seconds): 18.35413 Stroke: 1
777	  4.0663	MovieFrame	2	121
10	  4.0712	  25.8679	0.4686	0.4991	0.4690	0.4992	1	0.2182	0.2154	1	5.9728	  4.0689	   2.0763	0.5641	0.5248	0.5638	0.5249	-1	0.2374	0.2287	1	5.9728	  0.23	 -0.13	  8.16	244 Game time (seconds): 18.35955 Stroke: 1
10	  4.0786	   7.4721	0.4693	0.5025	0.4691	0.5006	1	0.2195	0.2151	1	5.9802	  4.0689	   2.0763	0.5641	0.5248	0.5638	0.5249	-1	0.2374	0.2287	1	5.9728	  0.24	 -0.14	  8.16	245 Game time (seconds): 18.38649 Stroke: 1
777	  4.0994	MovieFrame	2	122
10	  4.1043	  25.7136	0.4693	0.5003	0.4692	0.5004	1	0.2187	0.2152	1	6.0059	  4.1020	   2.1727	0.5640	0.5271	0.5639	0.5266	-1	0.2343	0.2282	1	6.0060	  0.24	 -0.14	  8.16	246 Game time (seconds): 18.39197 Stroke: 1
10	  4.1120	   7.6870	0.4686	0.4993	0.4690	0.5000	1	0.2204	0.2155	1	6.0136	  4.1020	   2.1727	0.5640	0.5271	0.5639	0.5266	-1	0.2343	0.2282	1	6.0060	  0.23	 -0.14	  8.16	247 Game time (seconds): 18.42161 Stroke: 1
777	  4.1338	MovieFrame	2	123
10	  4.1379	  25.8745	0.4629	0.4189	0.4665	0.4676	1	0.2349	0.2157	1	6.0395	  4.1356	   2.1885	0.5414	0.4263	0.5541	0.4830	1	0.2496	0.2294	1	6.0395	  0.15	  0.26	  8.28	248 Game time (seconds): 18.42702 Stroke: 1
10	  4.1454	   7.5037	0.4638	0.3425	0.4655	0.4175	-1	0.2373	0.2195	1	6.0470	  4.1356	   2.1885	0.5414	0.4263	0.5541	0.4830	1	0.2496	0.2294	1	6.0395	  0.14	  0.53	  8.26	249 Game time (seconds): 18.45192 Stroke: 1
777	  4.1666	MovieFrame	2	124
10	  4.1711	  25.7056	0.4704	0.3170	0.4674	0.3773	-1	0.2696	0.2163	1	6.0727	  4.1688	   2.2390	0.5414	0.3696	0.5455	0.4115	-1	0.2485	0.2320	1	6.0728	  0.09	  1.13	  8.43	250 Game time (seconds): 18.4594 Stroke: 1
10	  4.1788	   7.6438	0.4691	0.3100	0.4681	0.3504	-1	0.3062	0.2077	1	6.0804	  4.1688	   2.2390	0.5414	0.3696	0.5455	0.4115	-1	0.2485	0.2320	1	6.0728	  0.10	  1.28	  8.44	251 Game time (seconds): 18.48855 Stroke: 1
777	  4.1994	MovieFrame	2	125
10	  4.2046	  25.8105	0.4579	0.3514	0.4640	0.3508	-1	0.2185	0.2169	1	6.1062	  4.2022	   2.1713	0.5424	0.3816	0.5433	0.3923	-1	0.2430	0.2331	1	6.1062	  0.05	  1.38	  8.41	252 Game time (seconds): 18.49252 Stroke: 1
10	  4.2121	   7.5005	0.4554	0.3619	0.4606	0.3552	-1	0.2181	0.2171	1	6.1137	  4.2022	   2.1713	0.5424	0.3816	0.5433	0.3923	-1	0.2430	0.2331	1	6.1062	  0.03	  1.35	  8.35	253 Game time (seconds): 18.52123 Stroke: 1
777	  4.2327	MovieFrame	2	126
10	  4.2377	  25.6616	0.4543	0.3644	0.4580	0.3589	-1	0.2168	0.2137	1	6.1393	  4.2354	   2.2405	0.5448	0.3895	0.5440	0.3903	-1	0.2417	0.2325	1	6.1394	  0.01	  1.34	  8.30	254 Game time (seconds): 18.52521 Stroke: 1
10	  4.2454	   7.6778	0.4537	0.3702	0.4563	0.3634	-1	0.2130	0.2081	1	6.1470	  4.2354	   2.2405	0.5448	0.3895	0.5440	0.3903	-1	0.2417	0.2325	1	6.1394	  0.00	  1.32	  8.27	255 Game time (seconds): 18.55459 Stroke: 1
777	  4.2664	MovieFrame	2	127
10	  4.2714	  25.9513	0.4524	0.3697	0.4547	0.3659	-1	0.2190	0.2131	1	6.1730	  4.2690	   2.1952	0.5464	0.3944	0.5454	0.3933	-1	0.2435	0.2341	1	6.1729	  0.00	  1.29	  8.22	256 Game time (seconds): 18.55919 Stroke: 1
10	  4.2789	   7.5122	0.4508	0.3762	0.4532	0.3700	-1	0.2120	0.2067	1	6.1805	  4.2690	   2.1952	0.5464	0.3944	0.5454	0.3933	-1	0.2435	0.2341	1	6.1729	 -0.01	  1.27	  8.20	257 Game time (seconds): 18.58503 Stroke: 1
777	  4.2998	MovieFrame	2	128
10	  4.3046	  25.7194	0.4514	0.3722	0.4525	0.3709	-1	0.2186	0.2143	1	6.2062	  4.3025	   2.2822	0.5473	0.3935	0.5465	0.3940	-1	0.2520	0.2360	1	6.2064	 -0.01	  1.26	  8.17	258 Game time (seconds): 18.59277 Stroke: 1
10	  4.3121	   7.5133	0.4461	0.3714	0.4499	0.3711	-1	0.2108	0.2067	1	6.2137	  4.3025	   2.2822	0.5473	0.3935	0.5465	0.3940	-1	0.2520	0.2360	1	6.2064	 -0.03	  1.26	  8.13	259 Game time (seconds): 18.61853 Stroke: 1
777	  4.3335	MovieFrame	2	129
10	  4.3382	  26.0693	0.4650	0.3875	0.4559	0.3777	-1	0.0258	0.0139	1	6.2398	  4.3359	   2.2602	0.5412	0.3129	0.5421	0.3596	-1	0.5094	0.3255	1	6.2398	 -0.01	  1.41	  8.30	260 Game time (seconds): 18.62542 Stroke: 1
10	  4.3455	   7.3240	0.4125	0.2375	0.4386	0.3216	-1	0.0161	0.0161	1	6.2471	  4.3359	   2.2602	0.5412	0.3129	0.5421	0.3596	-1	0.5094	0.3255	1	6.2398	 -0.14	  1.71	  8.02	261 Game time (seconds): 18.6538 Stroke: 1
777	  4.3664	MovieFrame	2	130
10	  4.3713	  25.7901	0.4992	0.4131	0.4628	0.3582	-1	0.0270	0.0151	1	6.2729	  4.3689	   2.2651	0.5412	0.3142	0.5384	0.3466	-1	0.5082	0.3227	1	6.2729	  0.01	  1.58	  8.48	262 Game time (seconds): 18.66228 Stroke: 1
10	  4.3789	   7.5675	0.4992	0.4131	0.4628	0.3582	-1	0.0270	0.0151	5	6.2729	  4.3689	   2.2651	0.5412	0.3142	0.5384	0.3466	-1	0.5082	0.3227	1	6.2729	  0.01	  1.58	  8.48	263 Game time (seconds): 18.68832 Stroke: 1
777	  4.4000	MovieFrame	2	131
10	  4.4055	  26.6292	0.4721	0.4290	0.4665	0.3865	-1	0.1284	0.0541	1	6.3071	  4.4032	   2.9469	0.5302	0.3775	0.5356	0.3507	-1	0.2522	0.2360	1	6.3071	  0.02	  1.41	  8.59	264 Game time (seconds): 18.69226 Stroke: 1
10	  4.4123	   6.8000	0.3906	0.4125	0.4362	0.3969	-1	0.0161	0.0161	1	6.3139	  4.4032	   2.9469	0.5302	0.3775	0.5356	0.3507	-1	0.2522	0.2360	1	6.3071	 -0.20	  1.35	  8.09	265 Game time (seconds): 18.71912 Stroke: 1
777	  4.4340	MovieFrame	2	132
10	  4.4390	  26.7585	0.4378	0.4543	0.4368	0.4199	-1	0.0254	0.0166	1	6.3406	  4.4366	   2.9219	0.5452	0.3122	0.5382	0.3429	-1	0.5096	0.3269	1	6.3405	 -0.18	  1.27	  8.06	266 Game time (seconds): 18.7264 Stroke: 1
10	  4.4457	   6.6636	0.4350	0.2375	0.4361	0.3469	-1	0.0183	0.0151	1	6.3473	  4.4366	   2.9219	0.5452	0.3122	0.5382	0.3429	-1	0.5096	0.3269	1	6.3405	 -0.18	  1.66	  8.04	267 Game time (seconds): 18.7565 Stroke: 1
777	  4.4670	MovieFrame	2	133
10	  4.4716	  25.9232	0.4829	0.4312	0.4548	0.3806	-1	0.0255	0.0216	1	6.3732	  4.4692	   2.1940	0.5764	0.3126	0.5549	0.3239	-1	0.6087	0.3359	1	6.3732	  0.07	  1.58	  8.08	268 Game time (seconds): 18.76093 Stroke: 1
10	  4.4790	   7.3918	0.4829	0.4312	0.4548	0.3806	-1	0.0255	0.0216	5	6.3732	  4.4692	   2.1940	0.5764	0.3126	0.5549	0.3239	-1	0.6087	0.3359	1	6.3732	  0.07	  1.58	  8.08	269 Game time (seconds): 18.78728 Stroke: 1
777	  4.4997	MovieFrame	2	134
10	  4.5049	  25.8289	0.3859	0.4177	0.4273	0.3955	-1	0.1260	0.0274	1	6.4064	  4.5025	   2.2360	0.5317	0.3809	0.5443	0.3451	-1	0.2489	0.2355	1	6.4064	 -0.20	  1.39	  7.82	270 Game time (seconds): 18.79405 Stroke: 1
10	  4.5123	   7.4967	0.4556	0.4396	0.4386	0.4131	-1	0.0207	0.0164	1	6.4139	  4.5025	   2.2360	0.5317	0.3809	0.5443	0.3451	-1	0.2489	0.2355	1	6.4064	 -0.12	  1.30	  7.99	271 Game time (seconds): 18.81942 Stroke: 1
777	  4.5338	MovieFrame	2	135
10	  4.5392	  26.8942	0.4976	0.3904	0.4622	0.4040	-1	0.1018	0.0872	1	6.4408	  4.5369	   2.8171	0.5629	0.3868	0.5488	0.3713	-1	0.2411	0.2324	1	6.4409	  0.08	  1.20	  8.29	272 Game time (seconds): 18.82542 Stroke: 1
10	  4.5457	   6.4779	0.5219	0.4125	0.4861	0.4074	-1	0.0161	0.0161	1	6.4473	  4.5369	   2.8171	0.5629	0.3868	0.5488	0.3713	-1	0.2411	0.2324	1	6.4409	  0.25	  1.19	  8.70	273 Game time (seconds): 18.8552 Stroke: 1
777	  4.5665	MovieFrame	2	136
10	  4.5724	  26.7075	0.5388	0.4184	0.5072	0.4118	-1	0.0208	0.0161	1	6.4740	  4.5701	   3.0135	0.6426	0.3333	0.6061	0.3487	-1	0.4683	0.2911	1	6.4741	  0.81	  1.28	  8.09	274 Game time (seconds): 18.86015 Stroke: 1
10	  4.5791	   6.6817	0.5388	0.4184	0.5072	0.4118	-1	0.0208	0.0161	5	6.4740	  4.5701	   3.0135	0.6426	0.3333	0.6061	0.3487	-1	0.4683	0.2911	1	6.4741	  0.81	  1.28	  8.09	275 Game time (seconds): 18.88919 Stroke: 1
777	  4.5997	MovieFrame	2	137
10	  4.6048	  25.6681	0.5446	0.3741	0.5221	0.3967	-1	0.2007	0.1611	1	6.5064	  4.6025	   2.2210	0.6489	0.3293	0.6313	0.3519	-1	0.4536	0.2923	1	6.5064	  1.10	  1.35	  7.94	276 Game time (seconds): 18.89326 Stroke: 1
10	  4.6125	   7.6729	0.5474	0.3821	0.5322	0.3909	-1	0.2129	0.1751	1	6.5140	  4.6025	   2.2210	0.6489	0.3293	0.6313	0.3519	-1	0.4536	0.2923	1	6.5064	  1.17	  1.38	  8.09	277 Game time (seconds): 18.92028 Stroke: 1
777	  4.6336	MovieFrame	2	138
10	  4.6385	  26.0132	0.5489	0.3819	0.5389	0.3873	-1	0.2095	0.1974	1	6.5401	  4.6361	   2.1845	0.6426	0.3975	0.6391	0.3654	-1	0.2302	0.2131	1	6.5400	  1.27	  1.33	  8.07	278 Game time (seconds): 18.92679 Stroke: 1
10	  4.6458	   7.3538	0.5500	0.3892	0.5433	0.3881	-1	0.2101	0.1782	1	6.5474	  4.6361	   2.1845	0.6426	0.3975	0.6391	0.3654	-1	0.2302	0.2131	1	6.5400	  1.30	  1.32	  8.14	279 Game time (seconds): 18.95244 Stroke: 1
777	  4.6674	MovieFrame	2	139
10	  4.6718	  25.9414	0.5513	0.3881	0.5465	0.3881	-1	0.2085	0.1915	1	6.5734	  4.6695	   2.2218	0.6434	0.3992	0.6413	0.3706	-1	0.2295	0.2124	1	6.5734	  1.34	  1.29	  8.16	280 Game time (seconds): 18.95987 Stroke: 1
10	  4.6793	   7.4980	0.5480	0.3898	0.5471	0.3888	-1	0.1957	0.1752	1	6.5808	  4.6695	   2.2218	0.6434	0.3992	0.6413	0.3706	-1	0.2295	0.2124	1	6.5734	  1.35	  1.29	  8.17	281 Game time (seconds): 18.98609 Stroke: 1
777	  4.7006	MovieFrame	2	140
10	  4.7053	  26.0655	0.5527	0.3919	0.5493	0.3900	-1	0.2085	0.1903	1	6.6069	  4.7030	   2.2514	0.6437	0.4013	0.6430	0.3908	-1	0.2258	0.2111	1	6.6069	  1.37	  1.17	  8.18	282 Game time (seconds): 18.99347 Stroke: 1
10	  4.7126	   7.3055	0.5493	0.3922	0.5493	0.3909	-1	0.2107	0.1991	1	6.6142	  4.7030	   2.2514	0.6437	0.4013	0.6430	0.3908	-1	0.2258	0.2111	1	6.6069	  1.37	  1.17	  8.18	283 Game time (seconds): 19.02282 Stroke: 1
777	  4.7334	MovieFrame	2	141
10	  4.7385	  25.8445	0.5497	0.3906	0.5495	0.3908	-1	0.2099	0.1910	1	6.6401	  4.7362	   2.2437	0.6452	0.4034	0.6445	0.3987	-1	0.2283	0.2084	1	6.6402	  1.39	  1.13	  8.15	284 Game time (seconds): 19.0272 Stroke: 1
10	  4.7459	   7.3830	0.5480	0.3921	0.5489	0.3913	-1	0.2122	0.1927	1	6.6474	  4.7362	   2.2437	0.6452	0.4034	0.6445	0.3987	-1	0.2283	0.2084	1	6.6402	  1.38	  1.12	  8.15	285 Game time (seconds): 19.05274 Stroke: 1
777	  4.7669	MovieFrame	2	142
10	  4.7718	  25.9732	0.5479	0.3907	0.5485	0.3910	-1	0.2058	0.1809	1	6.6734	  4.7695	   2.0778	0.6460	0.3988	0.6453	0.3999	-1	0.2395	0.2103	1	6.6734	  1.38	  1.12	  8.13	286 Game time (seconds): 19.05927 Stroke: 1
10	  4.7792	   7.3915	0.5481	0.3923	0.5483	0.3915	-1	0.2108	0.1968	1	6.6808	  4.7695	   2.0778	0.6460	0.3988	0.6453	0.3999	-1	0.2395	0.2103	1	6.6734	  1.38	  1.12	  8.12	287 Game time (seconds): 19.0877 Stroke: 1
777	  4.8005	MovieFrame	2	143
10	  4.8052	  26.0177	0.5490	0.3893	0.5486	0.3906	-1	0.2113	0.1728	1	6.7068	  4.8029	   2.1971	0.6459	0.3996	0.6455	0.4007	-1	0.2372	0.2107	1	6.7068	  1.39	  1.12	  8.13	288 Game time (seconds): 19.09278 Stroke: 1
10	  4.8126	   7.3850	0.5483	0.3911	0.5485	0.3908	-1	0.2111	0.1907	1	6.7142	  4.8029	   2.1971	0.6459	0.3996	0.6455	0.4007	-1	0.2372	0.2107	1	6.7068	  1.39	  1.12	  8.12	289 Game time (seconds): 19.12185 Stroke: 1
777	  4.8340	MovieFrame	2	144
10	  4.8386	  25.9926	0.5385	0.3929	0.5445	0.3916	-1	0.1997	0.1550	1	6.7402	  4.8363	   2.2024	0.6311	0.4036	0.6397	0.4024	-1	0.2372	0.2131	1	6.7403	  1.32	  1.10	  8.15	290 Game time (seconds): 19.12736 Stroke: 1
10	  4.8460	   7.3450	0.5320	0.3935	0.5395	0.3924	-1	0.2174	0.1877	1	6.7476	  4.8363	   2.2024	0.6311	0.4036	0.6397	0.4024	-1	0.2372	0.2131	1	6.7403	  1.28	  1.10	  8.07	291 Game time (seconds): 19.1525 Stroke: 1
777	  4.8669	MovieFrame	2	145
10	  4.8719	  25.9018	0.5332	0.3933	0.5370	0.3927	-1	0.2137	0.2055	1	6.7735	  4.8696	   2.2129	0.6302	0.4026	0.6336	0.4034	-1	0.2396	0.2143	1	6.7735	  1.22	  1.09	  8.13	292 Game time (seconds): 19.1604 Stroke: 1
10	  4.8793	   7.4649	0.5321	0.3951	0.5350	0.3937	-1	0.2151	0.1968	1	6.7809	  4.8696	   2.2129	0.6302	0.4026	0.6336	0.4034	-1	0.2396	0.2143	1	6.7735	  1.20	  1.09	  8.10	293 Game time (seconds): 19.1855 Stroke: 1
777	  4.9003	MovieFrame	2	146
10	  4.9052	  25.8276	0.5220	0.3924	0.5298	0.3932	-1	0.2087	0.1521	1	6.8067	  4.9029	   2.1874	0.6297	0.4022	0.6367	0.3892	-1	0.2406	0.2145	1	6.8068	  1.19	  1.17	  7.97	294 Game time (seconds): 19.19217 Stroke: 1
10	  4.9128	   7.6111	0.5303	0.3976	0.5300	0.3949	-1	0.2171	0.1781	1	6.8144	  4.9029	   2.1874	0.6297	0.4022	0.6367	0.3892	-1	0.2406	0.2145	1	6.8068	  1.19	  1.16	  7.97	295 Game time (seconds): 19.2216 Stroke: 1
777	  4.9336	MovieFrame	2	147
10	  4.9388	  26.0715	0.5314	0.3942	0.5305	0.3947	-1	0.2147	0.2045	1	6.8404	  4.9365	   2.2251	0.6297	0.4020	0.6322	0.3975	-1	0.2407	0.2141	1	6.8404	  1.16	  1.11	  8.05	296 Game time (seconds): 19.22647 Stroke: 1
10	  4.9461	   7.2291	0.5255	0.3977	0.5285	0.3959	-1	0.2156	0.1820	1	6.8477	  4.9365	   2.2251	0.6297	0.4020	0.6322	0.3975	-1	0.2407	0.2141	1	6.8404	  1.15	  1.11	  8.02	297 Game time (seconds): 19.25791 Stroke: 1
777	  4.9673	MovieFrame	2	148
10	  4.9721	  26.0283	0.5301	0.3938	0.5292	0.3950	-1	0.2202	0.1922	1	6.8737	  4.9698	   2.1831	0.6296	0.4032	0.6305	0.4015	-1	0.2398	0.2149	1	6.8737	  1.14	  1.09	  8.06	298 Game time (seconds): 19.26266 Stroke: 1
10	  4.9795	   7.3738	0.5312	0.3965	0.5300	0.3956	-1	0.2186	0.2085	1	6.8811	  4.9698	   2.1831	0.6296	0.4032	0.6305	0.4015	-1	0.2398	0.2149	1	6.8737	  1.15	  1.09	  8.07	299 Game time (seconds): 19.28916 Stroke: 1
777	  5.0004	MovieFrame	2	149
10	  5.0054	  25.8870	0.5279	0.3901	0.5291	0.3934	-1	0.2215	0.1933	1	6.9069	  5.0033	   2.3400	0.6697	0.3636	0.6459	0.3867	-1	0.4235	0.2924	1	6.9072	  1.25	  1.18	  7.83	300 Game time (seconds): 19.29349 Stroke: 1
10	  5.0128	   7.4871	0.5284	0.3891	0.5288	0.3917	-1	0.2185	0.2110	1	6.9144	  5.0033	   2.3400	0.6697	0.3636	0.6459	0.3867	-1	0.4235	0.2924	1	6.9072	  1.25	  1.19	  7.82	301 Game time (seconds): 19.32048 Stroke: 1
777	  5.0336	MovieFrame	2	150
10	  5.0388	  26.0008	0.5010	0.4161	0.5177	0.4014	-1	0.2168	0.2121	1	6.9404	  5.0366	   2.2648	0.5913	0.4548	0.6188	0.4177	-1	0.2301	0.2130	1	6.9405	  0.98	  0.97	  8.06	302 Game time (seconds): 19.32693 Stroke: 1
10	  5.0461	   7.2974	0.4797	0.4824	0.5025	0.4338	1	0.2229	0.1653	1	6.9477	  5.0366	   2.2648	0.5913	0.4548	0.6188	0.4177	-1	0.2301	0.2130	1	6.9405	  0.87	  0.80	  7.83	303 Game time (seconds): 19.35604 Stroke: 1
777	  5.0669	MovieFrame	2	151
10	  5.0720	  25.8674	0.4782	0.5543	0.4928	0.4820	1	0.1997	0.1181	1	6.9736	  5.0697	   2.2514	0.5516	0.6043	0.5772	0.5228	-1	0.2236	0.1054	1	6.9737	  0.50	 -0.03	  8.33	304 Game time (seconds): 19.36119 Stroke: 1
10	  5.0795	   7.4914	0.4796	0.6131	0.4875	0.5345	1	0.1898	0.1058	1	6.9811	  5.0697	   2.2514	0.5516	0.6043	0.5772	0.5228	-1	0.2236	0.1054	1	6.9737	  0.46	 -0.31	  8.24	305 Game time (seconds): 19.38795 Stroke: 1
777	  5.1014	MovieFrame	2	152
10	  5.1056	  26.0948	0.4802	0.6297	0.4846	0.5726	1	0.2047	0.1368	1	7.0072	  5.1033	   2.2767	0.5452	0.6531	0.5564	0.6044	-1	0.2373	0.1623	1	7.0073	  0.29	 -0.95	  8.54	306 Game time (seconds): 19.3936 Stroke: 1
10	  5.1129	   7.2919	0.4722	0.6270	0.4796	0.5944	-1	0.2197	0.1531	1	7.0145	  5.1033	   2.2767	0.5452	0.6531	0.5564	0.6044	-1	0.2373	0.1623	1	7.0073	  0.26	 -1.06	  8.45	307 Game time (seconds): 19.42418 Stroke: 1
777	  5.1340	MovieFrame	2	153
10	  5.1388	  25.8775	0.4652	0.6098	0.4739	0.6005	-1	0.2305	0.1813	1	7.0404	  5.1365	   2.2139	0.5482	0.6371	0.5507	0.6275	-1	0.2408	0.1968	1	7.0404	  0.18	 -1.22	  8.45	308 Game time (seconds): 19.42948 Stroke: 1
10	  5.1462	   7.4576	0.4620	0.6067	0.4691	0.6030	-1	0.2306	0.2035	1	7.0478	  5.1365	   2.2139	0.5482	0.6371	0.5507	0.6275	-1	0.2408	0.1968	1	7.0404	  0.14	 -1.24	  8.37	309 Game time (seconds): 19.45457 Stroke: 1
777	  5.1679	MovieFrame	2	154
10	  5.1722	  26.0258	0.4604	0.6019	0.4657	0.6026	-1	0.2297	0.2075	1	7.0738	  5.1699	   2.1426	0.5499	0.6247	0.5502	0.6266	-1	0.2433	0.2174	1	7.0738	  0.11	 -1.23	  8.32	310 Game time (seconds): 19.46048 Stroke: 1
10	  5.1797	   7.4252	0.4591	0.6062	0.4631	0.6040	-1	0.2296	0.2097	1	7.0813	  5.1699	   2.1426	0.5499	0.6247	0.5502	0.6266	-1	0.2433	0.2174	1	7.0738	  0.09	 -1.24	  8.28	311 Game time (seconds): 19.48882 Stroke: 1
777	  5.2012	MovieFrame	2	155
10	  5.2056	  25.9436	0.4585	0.6049	0.4612	0.6044	-1	0.2299	0.2095	1	7.1072	  5.2033	   2.2005	0.5564	0.6210	0.5535	0.6240	-1	0.2421	0.2239	1	7.1072	  0.10	 -1.22	  8.20	312 Game time (seconds): 19.49343 Stroke: 1
10	  5.2130	   7.4083	0.4580	0.6061	0.4599	0.6050	-1	0.2305	0.2101	1	7.1146	  5.2033	   2.2005	0.5564	0.6210	0.5535	0.6240	-1	0.2421	0.2239	1	7.1072	  0.10	 -1.23	  8.18	313 Game time (seconds): 19.52193 Stroke: 1
777	  5.2343	MovieFrame	2	156
10	  5.2388	  25.8081	0.4577	0.6046	0.4590	0.6049	-1	0.2312	0.2130	1	7.1404	  5.2365	   2.1595	0.5589	0.6204	0.5566	0.6224	-1	0.2391	0.2334	1	7.1404	  0.11	 -1.22	  8.11	314 Game time (seconds): 19.52629 Stroke: 1
10	  5.2463	   7.4780	0.4573	0.6056	0.4583	0.6052	-1	0.2319	0.2110	1	7.1479	  5.2365	   2.1595	0.5589	0.6204	0.5566	0.6224	-1	0.2391	0.2334	1	7.1404	  0.11	 -1.22	  8.10	315 Game time (seconds): 19.55515 Stroke: 1
777	  5.2670	MovieFrame	2	157
10	  5.2722	  25.8954	0.4568	0.6029	0.4577	0.6043	-1	0.2321	0.2091	1	7.1738	  5.2700	   2.2980	0.5589	0.6171	0.5583	0.6198	-1	0.2392	0.2324	1	7.1739	  0.11	 -1.20	  8.07	316 Game time (seconds): 19.55931 Stroke: 1
10	  5.2797	   7.5207	0.4572	0.6108	0.4575	0.6069	-1	0.2334	0.2086	1	7.1813	  5.2700	   2.2980	0.5589	0.6171	0.5583	0.6198	-1	0.2392	0.2324	1	7.1739	  0.11	 -1.21	  8.06	317 Game time (seconds): 19.58564 Stroke: 1
777	  5.3007	MovieFrame	2	158
10	  5.3058	  26.0507	0.4607	0.6297	0.4588	0.6160	-1	0.2328	0.2038	1	7.2074	  5.3035	   2.2936	0.5529	0.6445	0.5553	0.6339	-1	0.2380	0.2300	1	7.2074	  0.10	 -1.34	  8.13	318 Game time (seconds): 19.59391 Stroke: 1
10	  5.3131	   7.2960	0.4585	0.6253	0.4587	0.6197	-1	0.2329	0.2055	1	7.2147	  5.3035	   2.2936	0.5529	0.6445	0.5553	0.6339	-1	0.2380	0.2300	1	7.2074	  0.10	 -1.36	  8.13	319 Game time (seconds): 19.62146 Stroke: 1
777	  5.3342	MovieFrame	2	159
10	  5.3388	  25.7653	0.4581	0.6237	0.4584	0.6213	-1	0.2330	0.2053	1	7.2404	  5.3367	   2.2852	0.5535	0.6388	0.5542	0.6377	-1	0.2366	0.2325	1	7.2406	  0.09	 -1.39	  8.14	320 Game time (seconds): 19.627 Stroke: 1
10	  5.3465	   7.6607	0.4567	0.6247	0.4577	0.6227	-1	0.2311	0.2051	1	7.2481	  5.3367	   2.2852	0.5535	0.6388	0.5542	0.6377	-1	0.2366	0.2325	1	7.2406	  0.09	 -1.40	  8.13	321 Game time (seconds): 19.65438 Stroke: 1
777	  5.3676	MovieFrame	2	160
10	  5.3723	  25.8188	0.4565	0.6213	0.4572	0.6221	-1	0.2304	0.2075	1	7.2739	  5.3700	   2.1839	0.5535	0.6327	0.5536	0.6359	-1	0.2345	0.2292	1	7.2740	  0.08	 -1.38	  8.13	322 Game time (seconds): 19.6603 Stroke: 1
10	  5.3798	   7.5132	0.4560	0.6219	0.4567	0.6220	-1	0.2300	0.2035	1	7.2814	  5.3700	   2.1839	0.5535	0.6327	0.5536	0.6359	-1	0.2345	0.2292	1	7.2740	  0.07	 -1.38	  8.13	323 Game time (seconds): 19.68575 Stroke: 1
777	  5.4007	MovieFrame	2	161
10	  5.4058	  25.9205	0.4541	0.6172	0.4557	0.6201	-1	0.2287	0.2018	1	7.3073	  5.4035	   2.2105	0.5532	0.6278	0.5532	0.6317	-1	0.2336	0.2237	1	7.3074	  0.06	 -1.35	  8.12	324 Game time (seconds): 19.69435 Stroke: 1
10	  5.4133	   7.5216	0.4535	0.6186	0.4548	0.6195	-1	0.2261	0.2015	1	7.3149	  5.4035	   2.2105	0.5532	0.6278	0.5532	0.6317	-1	0.2336	0.2237	1	7.3074	  0.06	 -1.35	  8.10	325 Game time (seconds): 19.72144 Stroke: 1
777	  5.4338	MovieFrame	2	162
10	  5.4391	  25.8256	0.4537	0.6153	0.4544	0.6178	-1	0.2260	0.1989	1	7.3407	  5.4368	   2.2089	0.5530	0.6249	0.5531	0.6281	-1	0.2280	0.2230	1	7.3407	  0.05	 -1.32	  8.10	326 Game time (seconds): 19.72683 Stroke: 1
10	  5.4465	   7.4116	0.4536	0.6165	0.4541	0.6173	-1	0.2247	0.2002	1	7.3481	  5.4368	   2.2089	0.5530	0.6249	0.5531	0.6281	-1	0.2280	0.2230	1	7.3407	  0.05	 -1.31	  8.09	327 Game time (seconds): 19.75257 Stroke: 1
777	  5.4674	MovieFrame	2	163
10	  5.4726	  26.0463	0.4539	0.6116	0.4540	0.6150	-1	0.2226	0.1953	1	7.3741	  5.4702	   2.2469	0.5521	0.6286	0.5526	0.6280	-1	0.2340	0.2136	1	7.3741	  0.05	 -1.30	  8.10	328 Game time (seconds): 19.75953 Stroke: 1
10	  5.4799	   7.3376	0.4557	0.6316	0.4547	0.6217	-1	0.2329	0.1463	1	7.3815	  5.4702	   2.2469	0.5521	0.6286	0.5526	0.6280	-1	0.2340	0.2136	1	7.3741	  0.05	 -1.34	  8.11	329 Game time (seconds): 19.78909 Stroke: 1
777	  5.5011	MovieFrame	2	164
10	  5.5058	  25.9139	0.4557	0.6316	0.4547	0.6217	-1	0.2329	0.1463	5	7.3815	  5.5035	   2.1437	0.5829	0.7153	0.5647	0.6629	-1	0.1243	0.0706	5	7.4053	  0.14	 -1.52	  7.92	330 Game time (seconds): 19.79445 Stroke: 1
10	  5.5133	   7.4647	0.4824	0.8483	0.4658	0.7123	-1	0.0473	0.0336	1	7.4149	  5.5035	   2.1437	0.5829	0.7153	0.5647	0.6629	-1	0.1243	0.0706	5	7.4053	  0.22	 -2.01	  8.09	331 Game time (seconds): 19.82076 Stroke: 1
777	  5.5343	MovieFrame	2	165
10	  5.5390	  25.7638	0.4824	0.8380	0.4724	0.7626	-1	0.0836	0.0268	1	7.4406	  5.5367	   2.1375	0.5829	0.7153	0.5647	0.6629	-1	0.1243	0.0706	5	7.4053	  0.27	 -2.28	  8.20	332 Game time (seconds): 19.82967 Stroke: 1
10	  5.5466	   7.5843	0.6281	0.7666	0.5347	0.7642	-1	0.0272	0.0228	1	7.4482	  5.5367	   2.1375	0.5829	0.7153	0.5647	0.6629	-1	0.1243	0.0706	5	7.4053	  0.71	 -2.29	  9.33	333 Game time (seconds): 19.85254 Stroke: 1
777	  5.5704	MovieFrame	2	166
10	  5.5727	  26.0706	0.5572	0.7837	0.5437	0.7720	-1	0.0614	0.0302	1	7.4743	  5.5704	   1.9902	0.6898	0.8121	0.6671	0.7511	4	0.0576	0.0253	1	7.4743	  1.51	 -2.80	  7.73	334 Game time (seconds): 19.86091 Stroke: 1
10	  5.5800	   7.2956	0.4801	0.5673	0.5183	0.6901	-1	0.2064	0.0991	1	7.4816	  5.5704	   1.9902	0.6898	0.8121	0.6671	0.7511	4	0.0576	0.0253	1	7.4743	  1.32	 -2.36	  7.38	335 Game time (seconds): 19.89052 Stroke: 1
777	  5.6012	MovieFrame	2	167
10	  5.6060	  26.0162	0.4803	0.5324	0.5031	0.6270	-1	0.2187	0.1547	1	7.5076	  5.6037	   2.2451	0.5669	0.5718	0.6035	0.6438	-1	0.2286	0.1336	1	7.5076	  0.76	 -1.45	  8.07	336 Game time (seconds): 19.89446 Stroke: 1
10	  5.6133	   7.3275	0.4760	0.5212	0.4922	0.5847	-1	0.2221	0.1768	1	7.5149	  5.6037	   2.2451	0.5669	0.5718	0.6035	0.6438	-1	0.2286	0.1336	1	7.5076	  0.68	 -1.22	  7.91	337 Game time (seconds): 19.92177 Stroke: 1
777	  5.6344	MovieFrame	2	168
10	  5.6394	  26.0922	0.4755	0.5271	0.4856	0.5617	1	0.2256	0.1643	1	7.5410	  5.6371	   2.2319	0.5719	0.5857	0.5818	0.6017	-1	0.2135	0.1133	1	7.5411	  0.48	 -0.88	  8.14	338 Game time (seconds): 19.92841 Stroke: 1
10	  5.6467	   7.2812	0.4719	0.5882	0.4801	0.5723	1	0.1758	0.0766	1	7.5483	  5.6371	   2.2319	0.5719	0.5857	0.5818	0.6017	-1	0.2135	0.1133	1	7.5411	  0.44	 -0.93	  8.05	339 Game time (seconds): 19.95392 Stroke: 1
777	  5.6684	MovieFrame	2	169
10	  5.6729	  26.1888	0.4719	0.5882	0.4801	0.5723	1	0.1758	0.0766	5	7.5483	  5.6705	   2.1609	0.5719	0.5857	0.5818	0.6017	-1	0.2135	0.1133	5	7.5411	  0.44	 -0.93	  8.05	340 Game time (seconds): 19.96115 Stroke: 1
10	  5.6801	   7.2254	0.4719	0.5882	0.4801	0.5723	1	0.1758	0.0766	5	7.5483	  5.6705	   2.1609	0.5719	0.5857	0.5818	0.6017	-1	0.2135	0.1133	5	7.5411	  0.44	 -0.93	  8.05	341 Game time (seconds): 19.98587 Stroke: 1
777	  5.7014	MovieFrame	2	170
10	  5.7062	  26.1097	0.4657	0.8146	0.4743	0.6692	-1	0.2015	0.0312	1	7.6078	  5.7039	   2.2370	0.5719	0.5857	0.5818	0.6017	-1	0.2135	0.1133	5	7.5411	  0.40	 -1.45	  7.96	342 Game time (seconds): 19.99474 Stroke: 1
10	  5.7134	   7.1915	0.5566	0.7874	0.5072	0.7165	-1	0.0498	0.0205	1	7.6150	  5.7039	   2.2370	0.5719	0.5857	0.5818	0.6017	-1	0.2135	0.1133	5	7.5411	  0.64	 -1.70	  8.49	343 Game time (seconds): 20.02209 Stroke: 1
777	  5.7354	MovieFrame	2	171
10	  5.7394	  25.9488	0.4858	0.5662	0.4986	0.6564	-1	0.1975	0.0771	1	7.6410	  5.7388	   3.8549	0.5802	0.5914	0.6576	0.6342	-1	0.1922	0.0772	1	0.0039	  1.48	 -1.71	  6.66	344 Game time (seconds): 20.02841 Stroke: 1
10	  5.7468	   7.4071	0.4794	0.5173	0.4910	0.6008	-1	0.2291	0.1553	1	7.6484	  5.7388	   3.8549	0.5802	0.5914	0.6576	0.6342	-1	0.1922	0.0772	1	0.0039	  1.06	 -1.26	  7.16	345 Game time (seconds): 20.05757 Stroke: 1
777	  5.7683	MovieFrame	2	172
10	  5.7730	  26.1755	0.4761	0.4934	0.4850	0.5578	1	0.2285	0.1972	1	7.6745	  5.7706	   2.2522	0.5779	0.5244	0.6053	0.5702	-1	0.2374	0.1907	1	0.0356	  0.65	 -0.69	  7.77	346 Game time (seconds): 20.06374 Stroke: 1
10	  5.7801	   7.1744	0.4744	0.4868	0.4808	0.5294	1	0.2234	0.2150	1	7.6817	  5.7706	   2.2522	0.5779	0.5244	0.6053	0.5702	-1	0.2374	0.1907	1	0.0356	  0.61	 -0.53	  7.71	347 Game time (seconds): 20.08646 Stroke: 1
777	  5.8013	MovieFrame	2	173
10	  5.8062	  26.0578	0.4740	0.4834	0.4781	0.5110	1	0.2245	0.2208	1	7.7078	  5.8039	   2.2105	0.5776	0.5008	0.5877	0.5281	-1	0.2415	0.2285	1	0.0689	  0.47	 -0.21	  7.93	348 Game time (seconds): 20.0949 Stroke: 1
10	  5.8135	   7.3201	0.4733	0.4877	0.4761	0.5017	1	0.2244	0.2187	1	7.7151	  5.8039	   2.2105	0.5776	0.5008	0.5877	0.5281	-1	0.2415	0.2285	1	0.0689	  0.46	 -0.16	  7.90	349 Game time (seconds): 20.12073 Stroke: 1
777	  5.8355	MovieFrame	2	174
10	  5.8397	  26.1984	0.4731	0.4840	0.4749	0.4946	1	0.2239	0.2185	1	7.7413	  5.8375	   2.2649	0.5783	0.4987	0.5817	0.5095	-1	0.2438	0.2291	1	0.1025	  0.40	 -0.02	  7.97	350 Game time (seconds): 20.12768 Stroke: 1
10	  5.8469	   7.2284	0.4726	0.4864	0.4740	0.4913	1	0.2242	0.2200	1	7.7485	  5.8375	   2.2649	0.5783	0.4987	0.5817	0.5095	-1	0.2438	0.2291	1	0.1025	  0.40	 -0.00	  7.96	351 Game time (seconds): 20.15545 Stroke: 1
777	  5.8679	MovieFrame	2	175
10	  5.8730	  26.0458	0.4724	0.4826	0.4733	0.4878	1	0.2258	0.2204	1	7.7746	  5.8708	   2.2920	0.5778	0.4986	0.5792	0.5029	-1	0.2419	0.2304	1	0.1358	  0.38	  0.05	  7.99	352 Game time (seconds): 20.16223 Stroke: 1
10	  5.8803	   7.2819	0.4720	0.4835	0.4728	0.4861	1	0.2270	0.2209	1	7.7819	  5.8708	   2.2920	0.5778	0.4986	0.5792	0.5029	-1	0.2419	0.2304	1	0.1358	  0.37	  0.06	  7.98	353 Game time (seconds): 20.18814 Stroke: 1
777	  5.9012	MovieFrame	2	176
10	  5.9061	  25.8618	0.4712	0.4806	0.4721	0.4839	1	0.2269	0.2218	1	7.8077	  5.9039	   2.1097	0.5757	0.5103	0.5775	0.5051	-1	0.2320	0.2139	1	0.1689	  0.35	  0.06	  7.99	354 Game time (seconds): 20.19489 Stroke: 1
10	  5.9136	   7.4945	0.4707	0.5432	0.4716	0.5076	1	0.2192	0.1241	1	7.8152	  5.9039	   2.1097	0.5757	0.5103	0.5775	0.5051	-1	0.2320	0.2139	1	0.1689	  0.35	 -0.07	  7.99	355 Game time (seconds): 20.22285 Stroke: 1
777	  5.9350	MovieFrame	2	177
10	  5.9397	  26.0554	0.4707	0.5432	0.4716	0.5076	1	0.2192	0.1241	5	7.8152	  5.9374	   2.1676	0.5757	0.5103	0.5775	0.5051	-1	0.2320	0.2139	5	0.1689	  0.35	 -0.07	  7.99	356 Game time (seconds): 20.22701 Stroke: 1
10	  5.9470	   7.3417	0.8951	0.7024	0.6410	0.5855	-1	0.0208	0.0161	1	0.0000	  5.9374	   2.1676	0.5757	0.5103	0.5775	0.5051	-1	0.2320	0.2139	5	0.1689	  1.56	 -0.49	 11.78	357 Game time (seconds): 20.25526 Stroke: 1
777	  5.9680	MovieFrame	2	178
10	  5.9731	  26.0420	0.8951	0.7024	0.6410	0.5855	-1	0.0208	0.0161	5	0.0000	  5.9709	   2.4112	0.5757	0.5103	0.5775	0.5051	-1	0.2320	0.2139	5	0.1689	  1.56	 -0.49	 11.78	358 Game time (seconds): 20.26011 Stroke: 1
10	  5.9804	   7.3685	0.4163	0.7625	0.5511	0.6563	-1	0.2038	0.0377	1	0.0334	  5.9709	   2.4112	0.5757	0.5103	0.5775	0.5051	-1	0.2320	0.2139	5	0.1689	  0.92	 -0.86	  9.41	359 Game time (seconds): 20.28926 Stroke: 1
777	  6.0015	MovieFrame	2	179
10	  6.0065	  26.0590	0.5397	0.7196	0.5465	0.6816	-1	0.1546	0.0379	1	0.0595	  6.0047	   2.8035	0.5593	0.5684	0.6382	0.5858	-1	0.1593	0.0565	1	0.0028	  1.32	 -1.43	  8.21	360 Game time (seconds): 20.29365 Stroke: 1
10	  6.0137	   7.2400	0.4585	0.5033	0.5113	0.6103	-1	0.2166	0.1098	1	0.0667	  6.0047	   2.8035	0.5593	0.5684	0.6382	0.5858	-1	0.1593	0.0565	1	0.0028	  1.07	 -1.05	  7.68	361 Game time (seconds): 20.32233 Stroke: 1
777	  6.0349	MovieFrame	2	180
10	  6.0399	  26.1492	0.4557	0.4676	0.4891	0.5532	1	0.2361	0.1632	1	0.0929	  6.0376	   2.2372	0.5538	0.4889	0.5834	0.5314	-1	0.2405	0.1827	1	0.0356	  0.52	 -0.45	  8.17	362 Game time (seconds): 20.32841 Stroke: 1
10	  6.0470	   7.1028	0.4518	0.4545	0.4742	0.5137	1	0.2304	0.1998	1	0.1000	  6.0376	   2.2372	0.5538	0.4889	0.5834	0.5314	-1	0.2405	0.1827	1	0.0356	  0.41	 -0.24	  7.94	363 Game time (seconds): 20.35514 Stroke: 1
777	  6.0688	MovieFrame	2	181
10	  6.0733	  26.2788	0.4506	0.4424	0.4647	0.4852	1	0.2269	0.2221	1	0.1262	  6.0710	   2.2715	0.5546	0.4689	0.5653	0.4939	-1	0.2369	0.2263	1	0.0691	  0.21	  0.11	  8.07	364 Game time (seconds): 20.36179 Stroke: 1
10	  6.0804	   7.1951	0.4503	0.4443	0.4590	0.4689	1	0.2274	0.2220	1	0.1334	  6.0710	   2.2715	0.5546	0.4689	0.5653	0.4939	-1	0.2369	0.2263	1	0.0691	  0.17	  0.20	  7.98	365 Game time (seconds): 20.38809 Stroke: 1
777	  6.1017	MovieFrame	2	182
10	  6.1066	  26.1272	0.4507	0.4463	0.4557	0.4598	1	0.2233	0.2199	1	0.1596	  6.1043	   2.2935	0.5582	0.4642	0.5605	0.4754	-1	0.2441	0.2305	1	0.1024	  0.12	  0.35	  8.00	366 Game time (seconds): 20.39479 Stroke: 1
10	  6.1138	   7.2183	0.4515	0.4508	0.4540	0.4562	1	0.2219	0.2192	1	0.1668	  6.1043	   2.2935	0.5582	0.4642	0.5605	0.4754	-1	0.2441	0.2305	1	0.1024	  0.10	  0.37	  7.98	367 Game time (seconds): 20.42101 Stroke: 1
777	  6.1355	MovieFrame	2	183
10	  6.1399	  26.0696	0.4516	0.4515	0.4530	0.4543	1	0.2201	0.2177	1	0.1929	  6.1375	   2.2130	0.5588	0.4666	0.5592	0.4695	-1	0.2460	0.2272	1	0.1356	  0.09	  0.41	  7.98	368 Game time (seconds): 20.42793 Stroke: 1
10	  6.1471	   7.2444	0.4516	0.4549	0.4524	0.4546	1	0.2199	0.2174	1	0.2001	  6.1375	   2.2130	0.5588	0.4666	0.5592	0.4695	-1	0.2460	0.2272	1	0.1356	  0.08	  0.41	  7.97	369 Game time (seconds): 20.45373 Stroke: 1
777	  6.1682	MovieFrame	2	184
10	  6.1730	  25.9217	0.4515	0.4537	0.4521	0.4542	1	0.2184	0.2164	1	0.2260	  6.1707	   2.1430	0.5576	0.4666	0.5585	0.4683	-1	0.2474	0.2278	1	0.1688	  0.08	  0.41	  7.98	370 Game time (seconds): 20.46131 Stroke: 1
10	  6.1805	   7.4891	0.4515	0.4565	0.4519	0.4551	1	0.2196	0.2159	1	0.2335	  6.1707	   2.1430	0.5576	0.4666	0.5585	0.4683	-1	0.2474	0.2278	1	0.1688	  0.07	  0.41	  7.98	371 Game time (seconds): 20.48659 Stroke: 1
777	  6.2024	MovieFrame	2	185
10	  6.2067	  26.1622	0.4515	0.4551	0.4517	0.4551	1	0.2182	0.2143	1	0.2597	  6.2044	   2.2995	0.5576	0.4694	0.5581	0.4693	-1	0.2409	0.2230	1	0.2025	  0.07	  0.40	  7.98	372 Game time (seconds): 20.49579 Stroke: 1
10	  6.2140	   7.3404	0.4510	0.4576	0.4514	0.4561	1	0.2179	0.2136	1	0.2670	  6.2044	   2.2995	0.5576	0.4694	0.5581	0.4693	-1	0.2409	0.2230	1	0.2025	  0.07	  0.40	  7.97	373 Game time (seconds): 20.52341 Stroke: 1
777	  6.2353	MovieFrame	2	186
10	  6.2400	  25.9429	0.4507	0.4563	0.4511	0.4562	1	0.2181	0.2142	1	0.2930	  6.2376	   2.2581	0.5562	0.4700	0.5571	0.4700	-1	0.2403	0.2223	1	0.2357	  0.06	  0.40	  7.99	374 Game time (seconds): 20.52873 Stroke: 1
10	  6.2472	   7.2827	0.4507	0.4577	0.4510	0.4568	1	0.2188	0.2139	1	0.3002	  6.2376	   2.2581	0.5562	0.4700	0.5571	0.4700	-1	0.2403	0.2223	1	0.2357	  0.06	  0.39	  7.98	375 Game time (seconds): 20.55355 Stroke: 1
777	  6.2685	MovieFrame	2	187
10	  6.2734	  26.1535	0.4568	0.4605	0.4533	0.4583	1	0.2174	0.2146	1	0.3264	  6.2710	   2.2058	0.5592	0.4746	0.5578	0.4728	-1	0.2350	0.2230	1	0.2691	  0.08	  0.37	  8.01	376 Game time (seconds): 20.56034 Stroke: 1
10	  6.2805	   7.1234	0.4545	0.4605	0.4538	0.4592	1	0.2196	0.2153	1	0.3335	  6.2710	   2.2058	0.5592	0.4746	0.5578	0.4728	-1	0.2350	0.2230	1	0.2691	  0.08	  0.36	  8.02	377 Game time (seconds): 20.59003 Stroke: 1
777	  6.3018	MovieFrame	2	188
10	  6.3066	  26.1128	0.4545	0.4598	0.4541	0.4594	1	0.2198	0.2162	1	0.3596	  6.3044	   2.1036	0.5580	0.4752	0.5579	0.4743	-1	0.2349	0.2247	1	0.3025	  0.09	  0.36	  8.02	378 Game time (seconds): 20.59436 Stroke: 1
10	  6.3140	   7.3409	0.4539	0.4614	0.4540	0.4602	1	0.2181	0.2156	1	0.3670	  6.3044	   2.1036	0.5580	0.4752	0.5579	0.4743	-1	0.2349	0.2247	1	0.3025	  0.09	  0.35	  8.02	379 Game time (seconds): 20.62305 Stroke: 1
777	  6.3352	MovieFrame	2	189
10	  6.3398	  25.8659	0.4540	0.4605	0.4540	0.4603	1	0.2179	0.2157	1	0.3928	  6.3375	   2.1620	0.5589	0.4752	0.5584	0.4755	-1	0.2341	0.2228	1	0.3356	  0.09	  0.34	  8.01	380 Game time (seconds): 20.6281 Stroke: 1
10	  6.3473	   7.4493	0.4539	0.4613	0.4540	0.4607	1	0.2183	0.2155	1	0.4003	  6.3375	   2.1620	0.5589	0.4752	0.5584	0.4755	-1	0.2341	0.2228	1	0.3356	  0.09	  0.34	  8.01	381 Game time (seconds): 20.65339 Stroke: 1
777	  6.3684	MovieFrame	2	190
10	  6.3732	  25.8653	0.4547	0.4594	0.4543	0.4602	1	0.2207	0.2164	1	0.4261	  6.3709	   2.2183	0.5594	0.4748	0.5588	0.4754	-1	0.2341	0.2222	1	0.3690	  0.09	  0.35	  8.01	382 Game time (seconds): 20.66176 Stroke: 1
10	  6.3808	   7.6126	0.4540	0.4608	0.4542	0.4604	1	0.2183	0.2153	1	0.4338	  6.3709	   2.2183	0.5594	0.4748	0.5588	0.4754	-1	0.2341	0.2222	1	0.3690	  0.09	  0.34	  8.01	383 Game time (seconds): 20.68816 Stroke: 1
777	  6.4022	MovieFrame	2	191
10	  6.4067	  25.9692	0.4542	0.4584	0.4542	0.4596	1	0.2202	0.2141	1	0.4597	  6.4045	   2.2271	0.5595	0.4757	0.5592	0.4757	-1	0.2328	0.2214	1	0.4026	  0.10	  0.35	  8.00	384 Game time (seconds): 20.69518 Stroke: 1
10	  6.4140	   7.2916	0.4547	0.4599	0.4544	0.4598	1	0.2201	0.2159	1	0.4670	  6.4045	   2.2271	0.5595	0.4757	0.5592	0.4757	-1	0.2328	0.2214	1	0.4026	  0.10	  0.35	  8.00	385 Game time (seconds): 20.72377 Stroke: 1
777	  6.4353	MovieFrame	2	192
10	  6.4403	  26.2581	0.4549	0.4570	0.4546	0.4587	1	0.2191	0.2132	1	0.4933	  6.4381	   2.2644	0.5596	0.4742	0.5594	0.4755	-1	0.2349	0.2215	1	0.4361	  0.10	  0.35	  8.00	386 Game time (seconds): 20.72798 Stroke: 1
10	  6.4474	   7.1511	0.4557	0.4580	0.4550	0.4584	1	0.2186	0.2132	1	0.5004	  6.4381	   2.2644	0.5596	0.4742	0.5594	0.4755	-1	0.2349	0.2215	1	0.4361	  0.10	  0.35	  8.01	387 Game time (seconds): 20.75409 Stroke: 1
777	  6.4687	MovieFrame	2	193
10	  6.4735	  26.0264	0.4557	0.4565	0.4553	0.4576	1	0.2172	0.2127	1	0.5265	  6.4711	   2.1654	0.5595	0.4735	0.5595	0.4750	-1	0.2322	0.2195	1	0.4692	  0.11	  0.36	  8.01	388 Game time (seconds): 20.76174 Stroke: 1
10	  6.4808	   7.3322	0.4551	0.4583	0.4552	0.4579	1	0.2186	0.2135	1	0.5338	  6.4711	   2.1654	0.5595	0.4735	0.5595	0.4750	-1	0.2322	0.2195	1	0.4692	  0.10	  0.36	  8.01	389 Game time (seconds): 20.78994 Stroke: 1
777	  6.5017	MovieFrame	2	194
10	  6.5067	  25.8585	0.4554	0.4570	0.4553	0.4576	1	0.2168	0.2125	1	0.5596	  6.5044	   2.2331	0.5588	0.4751	0.5590	0.4754	-1	0.2331	0.2182	1	0.5025	  0.10	  0.36	  8.02	390 Game time (seconds): 20.79395 Stroke: 1
10	  6.5142	   7.5385	0.4554	0.4584	0.4553	0.4579	1	0.2177	0.2132	1	0.5672	  6.5044	   2.2331	0.5588	0.4751	0.5590	0.4754	-1	0.2331	0.2182	1	0.5025	  0.10	  0.36	  8.02	391 Game time (seconds): 20.82267 Stroke: 1
777	  6.5358	MovieFrame	2	195
10	  6.5403	  26.1016	0.4555	0.4566	0.4554	0.4574	1	0.2168	0.2125	1	0.5933	  6.5381	   2.3579	0.5590	0.4740	0.5590	0.4753	-1	0.2306	0.2184	1	0.5361	  0.10	  0.36	  8.02	392 Game time (seconds): 20.8275 Stroke: 1
10	  6.5475	   7.2075	0.4553	0.4585	0.4554	0.4578	1	0.2176	0.2128	1	0.6005	  6.5381	   2.3579	0.5590	0.4740	0.5590	0.4753	-1	0.2306	0.2184	1	0.5361	  0.10	  0.36	  8.02	393 Game time (seconds): 20.85614 Stroke: 1
777	  6.5691	MovieFrame	2	196
10	  6.5737	  26.1773	0.4549	0.4569	0.4552	0.4574	1	0.2190	0.2132	1	0.6267	  6.5713	   2.2176	0.5589	0.4744	0.5589	0.4753	-1	0.2295	0.2180	1	0.5694	  0.10	  0.36	  8.02	394 Game time (seconds): 20.86074 Stroke: 1
10	  6.5808	   7.1430	0.4550	0.4590	0.4551	0.4581	1	0.2186	0.2126	1	0.6338	  6.5713	   2.2176	0.5589	0.4744	0.5589	0.4753	-1	0.2295	0.2180	1	0.5694	  0.10	  0.36	  8.02	395 Game time (seconds): 20.88727 Stroke: 1
777	  6.6018	MovieFrame	2	197
10	  6.6068	  25.9561	0.4554	0.4577	0.4552	0.4579	1	0.2162	0.2120	1	0.6598	  6.6047	   2.2834	0.5585	0.4734	0.5586	0.4746	-1	0.2293	0.2168	1	0.6027	  0.10	  0.36	  8.02	396 Game time (seconds): 20.89519 Stroke: 1
10	  6.6142	   7.4539	0.4556	0.4591	0.4554	0.4584	1	0.2175	0.2126	1	0.6672	  6.6047	   2.2834	0.5585	0.4734	0.5586	0.4746	-1	0.2293	0.2168	1	0.6027	  0.10	  0.36	  8.03	397 Game time (seconds): 20.92075 Stroke: 1
777	  6.6357	MovieFrame	2	198
10	  6.6404	  26.1425	0.4559	0.4569	0.4556	0.4578	1	0.2179	0.2128	1	0.6934	  6.6382	   2.2719	0.5592	0.4721	0.5588	0.4739	-1	0.2325	0.2192	1	0.6362	  0.10	  0.37	  8.03	398 Game time (seconds): 20.92831 Stroke: 1
10	  6.6476	   7.2382	0.4557	0.4593	0.4556	0.4584	1	0.2176	0.2128	1	0.7006	  6.6382	   2.2719	0.5592	0.4721	0.5588	0.4739	-1	0.2325	0.2192	1	0.6362	  0.10	  0.36	  8.03	399 Game time (seconds): 20.95762 Stroke: 1
777	  6.6688	MovieFrame	2	199
10	  6.6737	  26.0539	0.4560	0.4566	0.4558	0.4577	1	0.2172	0.2122	1	0.7267	  6.6714	   2.2769	0.5585	0.4710	0.5586	0.4731	-1	0.2324	0.2188	1	0.6695	  0.10	  0.37	  8.03	400 Game time (seconds): 20.96183 Stroke: 1
10	  6.6810	   7.2832	0.4558	0.4582	0.4558	0.4579	1	0.2186	0.2132	1	0.7339	  6.6714	   2.2769	0.5585	0.4710	0.5586	0.4731	-1	0.2324	0.2188	1	0.6695	  0.10	  0.37	  8.03	401 Game time (seconds): 20.99113 Stroke: 1
777	  6.7020	MovieFrame	2	200
10	  6.7071	  26.1378	0.4566	0.4562	0.4561	0.4572	1	0.2178	0.2121	1	0.7601	  6.7047	   2.2146	0.5580	0.4698	0.5585	0.4718	-1	0.2337	0.2184	1	0.7028	  0.10	  0.38	  8.04	402 Game time (seconds): 20.99706 Stroke: 1
10	  6.7143	   7.2586	0.4564	0.4572	0.4562	0.4572	1	0.2182	0.2132	1	0.7673	  6.7047	   2.2146	0.5580	0.4698	0.5585	0.4718	-1	0.2337	0.2184	1	0.7028	  0.11	  0.38	  8.04	403 Game time (seconds): 21.02257 Stroke: 1
777	  6.7360	MovieFrame	2	201
10	  6.7405	  26.1645	0.4568	0.4559	0.4565	0.4567	1	0.2197	0.2135	1	0.7935	  6.7382	   2.2149	0.5586	0.4704	0.5585	0.4709	-1	0.2331	0.2195	1	0.7363	  0.11	  0.39	  8.05	404 Game time (seconds): 21.02797 Stroke: 1
10	  6.7478	   7.2732	0.4573	0.4588	0.4568	0.4576	1	0.2208	0.2158	1	0.8008	  6.7382	   2.2149	0.5586	0.4704	0.5585	0.4709	-1	0.2331	0.2195	1	0.7363	  0.11	  0.38	  8.05	405 Game time (seconds): 21.0569 Stroke: 1
777	  6.7696	MovieFrame	2	202
10	  6.7739	  26.1119	0.4571	0.4567	0.4569	0.4572	1	0.2200	0.2138	1	0.8269	  6.7716	   2.3107	0.5594	0.4722	0.5591	0.4721	-1	0.2331	0.2203	1	0.7697	  0.11	  0.38	  8.04	406 Game time (seconds): 21.06193 Stroke: 1
10	  6.7811	   7.2118	0.4575	0.4592	0.4571	0.4580	1	0.2206	0.2166	1	0.8341	  6.7716	   2.3107	0.5594	0.4722	0.5591	0.4721	-1	0.2331	0.2203	1	0.7697	  0.12	  0.37	  8.05	407 Game time (seconds): 21.08755 Stroke: 1
777	  6.8024	MovieFrame	2	203
10	  6.8072	  26.0619	0.4574	0.4587	0.4573	0.4583	1	0.2210	0.2158	1	0.8602	  6.8049	   2.2970	0.5592	0.4711	0.5592	0.4721	-1	0.2407	0.2227	1	0.8030	  0.12	  0.37	  8.05	408 Game time (seconds): 21.09467 Stroke: 1
10	  6.8144	   7.1814	0.4572	0.4599	0.4573	0.4590	1	0.2218	0.2167	1	0.8673	  6.8049	   2.2970	0.5592	0.4711	0.5592	0.4721	-1	0.2407	0.2227	1	0.8030	  0.12	  0.37	  8.05	409 Game time (seconds): 21.1228 Stroke: 1
777	  6.8357	MovieFrame	2	204
10	  6.8405	  26.1370	0.4573	0.4594	0.4573	0.4591	1	0.2209	0.2164	1	0.8935	  6.8382	   2.2880	0.5593	0.4757	0.5594	0.4745	-1	0.2359	0.2220	1	0.8363	  0.12	  0.36	  8.04	410 Game time (seconds): 21.12832 Stroke: 1
10	  6.8478	   7.3396	0.4564	0.4617	0.4569	0.4602	1	0.2228	0.2169	1	0.9008	  6.8382	   2.2880	0.5593	0.4757	0.5594	0.4745	-1	0.2359	0.2220	1	0.8363	  0.12	  0.35	  8.04	411 Game time (seconds): 21.15462 Stroke: 1
777	  6.8692	MovieFrame	2	205
10	  6.8739	  26.0733	0.4565	0.4608	0.4568	0.4604	1	0.2240	0.2184	1	0.9269	  6.8716	   2.2553	0.5597	0.4786	0.5597	0.4772	-1	0.2338	0.2226	1	0.8697	  0.12	  0.33	  8.03	412 Game time (seconds): 21.16251 Stroke: 1
10	  6.8812	   7.3039	0.4565	0.4632	0.4567	0.4615	1	0.2230	0.2181	1	0.9342	  6.8716	   2.2553	0.5597	0.4786	0.5597	0.4772	-1	0.2338	0.2226	1	0.8697	  0.12	  0.33	  8.03	413 Game time (seconds): 21.18862 Stroke: 1
777	  6.9036	MovieFrame	2	206
10	  6.9074	  26.1911	0.4568	0.4610	0.4567	0.4613	1	0.2237	0.2182	1	0.9604	  6.9052	   2.2926	0.5602	0.4792	0.5598	0.4788	-1	0.2388	0.2237	1	0.9032	  0.12	  0.32	  8.03	414 Game time (seconds): 21.19506 Stroke: 1
10	  6.9145	   7.0932	0.4571	0.4630	0.4569	0.4620	1	0.2254	0.2190	1	0.9675	  6.9052	   2.2926	0.5602	0.4792	0.5598	0.4788	-1	0.2388	0.2237	1	0.9032	  0.12	  0.32	  8.03	415 Game time (seconds): 21.22209 Stroke: 1
777	  6.9360	MovieFrame	2	207
10	  6.9408	  26.3185	0.4580	0.4611	0.4573	0.4616	1	0.2239	0.2183	1	0.9938	  6.9385	   2.1413	0.5603	0.4789	0.5600	0.4791	-1	0.2392	0.2243	1	0.9366	  0.12	  0.32	  8.04	416 Game time (seconds): 21.22868 Stroke: 1
10	  6.9479	   7.0693	0.4583	0.4629	0.4577	0.4622	1	0.2234	0.2174	1	1.0009	  6.9385	   2.1413	0.5603	0.4789	0.5600	0.4791	-1	0.2392	0.2243	1	0.9366	  0.13	  0.31	  8.04	417 Game time (seconds): 21.2579 Stroke: 1
777	  6.9692	MovieFrame	2	208
10	  6.9741	  26.1850	0.4585	0.4604	0.4580	0.4615	1	0.2252	0.2180	1	1.0271	  6.9719	   2.2398	0.5602	0.4790	0.5606	0.4775	-1	0.2392	0.2264	1	0.9700	  0.13	  0.33	  8.04	418 Game time (seconds): 21.26213 Stroke: 1
10	  6.9813	   7.2324	0.4590	0.4624	0.4584	0.4618	1	0.2247	0.2178	1	1.0343	  6.9719	   2.2398	0.5602	0.4790	0.5606	0.4775	-1	0.2392	0.2264	1	0.9700	  0.14	  0.32	  8.04	419 Game time (seconds): 21.28819 Stroke: 1
777	  7.0023	MovieFrame	2	209
10	  7.0074	  26.0609	0.4593	0.4587	0.4588	0.4606	1	0.2251	0.2187	1	1.0603	  7.0050	   2.2811	0.5611	0.4789	0.5608	0.4791	-1	0.2396	0.2241	1	1.0031	  0.14	  0.32	  8.05	420 Game time (seconds): 21.29486 Stroke: 1
10	  7.0146	   7.2673	0.4551	0.4605	0.4573	0.4605	1	0.2233	0.2167	1	1.0676	  7.0050	   2.2811	0.5611	0.4789	0.5608	0.4791	-1	0.2396	0.2241	1	1.0031	  0.13	  0.32	  8.02	421 Game time (seconds): 21.32321 Stroke: 1
777	  7.0364	MovieFrame	2	210
10	  7.0409	  26.2299	0.4161	0.4337	0.4408	0.4498	-1	0.2210	0.2201	1	1.0938	  7.0393	   2.8934	0.5064	0.4515	0.5361	0.4673	1	0.2405	0.2301	1	1.0374	 -0.16	  0.44	  8.15	422 Game time (seconds): 21.32877 Stroke: 1
10	  7.0480	   7.1556	0.3841	0.4124	0.4181	0.4348	-1	0.2238	0.2140	1	1.1010	  7.0393	   2.8934	0.5064	0.4515	0.5361	0.4673	1	0.2405	0.2301	1	1.0374	 -0.33	  0.52	  7.81	423 Game time (seconds): 21.3574 Stroke: 1
777	  7.0697	MovieFrame	2	211
10	  7.0751	  27.0802	0.3660	0.4006	0.3973	0.4211	-1	0.2189	0.2097	1	1.1281	  7.0728	   2.8838	0.4585	0.4314	0.4897	0.4456	1	0.2422	0.2308	1	1.0708	 -0.81	  0.71	  8.20	424 Game time (seconds): 21.36471 Stroke: 1
10	  7.0814	   6.2673	0.3667	0.4040	0.3850	0.4143	-1	0.2193	0.2103	1	1.1343	  7.0728	   2.8838	0.4585	0.4314	0.4897	0.4456	1	0.2422	0.2308	1	1.0708	 -0.89	  0.75	  8.00	425 Game time (seconds): 21.39071 Stroke: 1
777	  7.1025	MovieFrame	2	212
10	  7.1074	  26.0359	0.3643	0.4022	0.3768	0.4094	-1	0.2205	0.2099	1	1.1604	  7.1052	   2.2398	0.4616	0.4311	0.4717	0.4359	1	0.2415	0.2294	1	1.1033	 -1.08	  0.83	  8.16	426 Game time (seconds): 21.39812 Stroke: 1
10	  7.1147	   7.2792	0.3635	0.4038	0.3715	0.4072	-1	0.2200	0.2095	1	1.1677	  7.1052	   2.2398	0.4616	0.4311	0.4717	0.4359	1	0.2415	0.2294	1	1.1033	 -1.12	  0.84	  8.07	427 Game time (seconds): 21.42085 Stroke: 1
777	  7.1357	MovieFrame	2	213
10	  7.1407	  26.0696	0.3628	0.4018	0.3680	0.4050	-1	0.2219	0.2102	1	1.1937	  7.1384	   2.1996	0.4634	0.4287	0.4661	0.4315	-1	0.2440	0.2288	1	1.1365	 -1.18	  0.88	  8.11	428 Game time (seconds): 21.42802 Stroke: 1
10	  7.1480	   7.2880	0.3619	0.4052	0.3655	0.4051	-1	0.2206	0.2102	1	1.2010	  7.1384	   2.1996	0.4634	0.4287	0.4661	0.4315	-1	0.2440	0.2288	1	1.1365	 -1.20	  0.88	  8.07	429 Game time (seconds): 21.45747 Stroke: 1
777	  7.1692	MovieFrame	2	214
10	  7.1741	  26.0923	0.3620	0.4023	0.3641	0.4040	-1	0.2217	0.2105	1	1.2271	  7.1718	   2.1577	0.4644	0.4239	0.4648	0.4279	-1	0.2537	0.2313	1	1.1699	 -1.22	  0.90	  8.07	430 Game time (seconds): 21.46197 Stroke: 1
10	  7.1814	   7.3201	0.3614	0.4055	0.3631	0.4046	-1	0.2203	0.2101	1	1.2344	  7.1718	   2.1577	0.4644	0.4239	0.4648	0.4279	-1	0.2537	0.2313	1	1.1699	 -1.23	  0.90	  8.05	431 Game time (seconds): 21.49098 Stroke: 1
777	  7.2033	MovieFrame	2	215
10	  7.2075	  26.0624	0.3606	0.4042	0.3621	0.4044	-1	0.2226	0.2118	1	1.2605	  7.2051	   2.2157	0.4655	0.4261	0.4651	0.4276	-1	0.2498	0.2324	1	1.2032	 -1.23	  0.90	  8.03	432 Game time (seconds): 21.49538 Stroke: 1
10	  7.2147	   7.2223	0.3607	0.4059	0.3615	0.4050	-1	0.2206	0.2106	1	1.2677	  7.2051	   2.2157	0.4655	0.4261	0.4651	0.4276	-1	0.2498	0.2324	1	1.2032	 -1.24	  0.90	  8.02	433 Game time (seconds): 21.52214 Stroke: 1
777	  7.2362	MovieFrame	2	216
10	  7.2410	  26.3010	0.3600	0.4037	0.3609	0.4045	-1	0.2223	0.2109	1	1.2940	  7.2387	   2.2003	0.4661	0.4267	0.4657	0.4279	-1	0.2505	0.2322	1	1.2368	 -1.24	  0.90	  8.00	434 Game time (seconds): 21.52876 Stroke: 1
10	  7.2482	   7.1545	0.3604	0.4057	0.3607	0.4050	-1	0.2206	0.2091	1	1.3012	  7.2387	   2.2003	0.4661	0.4267	0.4657	0.4279	-1	0.2505	0.2322	1	1.2368	 -1.24	  0.90	  8.00	435 Game time (seconds): 21.55764 Stroke: 1
777	  7.2690	MovieFrame	2	217
10	  7.2741	  25.9229	0.3884	0.4176	0.3718	0.4100	-1	0.2205	0.2055	1	1.3271	  7.2718	   2.1588	0.5081	0.4514	0.4831	0.4382	1	0.2472	0.2363	1	1.2699	 -1.04	  0.81	  7.91	436 Game time (seconds): 21.56183 Stroke: 1
10	  7.2816	   7.5027	0.4466	0.4429	0.4017	0.4232	-1	0.2239	0.2187	1	1.3346	  7.2718	   2.1588	0.5081	0.4514	0.4831	0.4382	1	0.2472	0.2363	1	1.2699	 -0.82	  0.74	  8.38	437 Game time (seconds): 21.58766 Stroke: 1
777	  7.3025	MovieFrame	2	218
10	  7.3076	  25.9658	0.4778	0.4642	0.4321	0.4396	-1	0.2278	0.2210	1	1.3606	  7.3053	   2.2296	0.5601	0.4809	0.5302	0.4630	1	0.2460	0.2307	1	1.3034	 -0.27	  0.52	  8.11	438 Game time (seconds): 21.59493 Stroke: 1
10	  7.3148	   7.2656	0.4713	0.4621	0.4478	0.4486	-1	0.2279	0.2229	1	1.3678	  7.3053	   2.2296	0.5601	0.4809	0.5302	0.4630	1	0.2460	0.2307	1	1.3034	 -0.16	  0.47	  8.36	439 Game time (seconds): 21.62418 Stroke: 1
777	  7.3360	MovieFrame	2	219
10	  7.3411	  26.3039	0.4717	0.4634	0.4574	0.4545	1	0.2284	0.2195	1	1.3941	  7.3388	   2.1822	0.5612	0.4791	0.5499	0.4734	1	0.2462	0.2290	1	1.3369	  0.05	  0.39	  8.19	440 Game time (seconds): 21.62894 Stroke: 1
10	  7.3483	   7.1191	0.4710	0.4640	0.4628	0.4583	1	0.2281	0.2202	1	1.4013	  7.3388	   2.1822	0.5612	0.4791	0.5499	0.4734	1	0.2462	0.2290	1	1.3369	  0.09	  0.37	  8.28	441 Game time (seconds): 21.65732 Stroke: 1
777	  7.3695	MovieFrame	2	220
10	  7.3743	  26.0463	0.4697	0.4624	0.4656	0.4599	1	0.2274	0.2186	1	1.4273	  7.3720	   2.1945	0.5622	0.4789	0.5575	0.4774	-1	0.2438	0.2274	1	1.3701	  0.16	  0.34	  8.20	442 Game time (seconds): 21.66325 Stroke: 1
10	  7.3816	   7.2703	0.4701	0.4644	0.4674	0.4617	1	0.2270	0.2200	1	1.4346	  7.3720	   2.1945	0.5622	0.4789	0.5575	0.4774	-1	0.2438	0.2274	1	1.3701	  0.18	  0.33	  8.23	443 Game time (seconds): 21.68806 Stroke: 1
777	  7.4032	MovieFrame	2	221
10	  7.4078	  26.2626	0.4696	0.4629	0.4683	0.4622	1	0.2273	0.2182	1	1.4608	  7.4055	   2.1064	0.5634	0.4794	0.5611	0.4791	-1	0.2428	0.2279	1	1.4036	  0.21	  0.31	  8.19	444 Game time (seconds): 21.69545 Stroke: 1
10	  7.4150	   7.2002	0.4700	0.4652	0.4690	0.4634	1	0.2271	0.2198	1	1.4680	  7.4055	   2.1064	0.5634	0.4794	0.5611	0.4791	-1	0.2428	0.2279	1	1.4036	  0.22	  0.31	  8.20	445 Game time (seconds): 21.72482 Stroke: 1
777	  7.4364	MovieFrame	2	222
10	  7.4413	  26.2388	0.4692	0.4638	0.4691	0.4636	1	0.2263	0.2176	1	1.4943	  7.4390	   2.2043	0.5640	0.4813	0.5629	0.4806	-1	0.2431	0.2270	1	1.4371	  0.23	  0.30	  8.17	446 Game time (seconds): 21.72956 Stroke: 1
10	  7.4483	   7.0385	0.4702	0.4670	0.4695	0.4649	1	0.2234	0.2172	1	1.5013	  7.4390	   2.2043	0.5640	0.4813	0.5629	0.4806	-1	0.2431	0.2270	1	1.4371	  0.23	  0.29	  8.18	447 Game time (seconds): 21.75626 Stroke: 1
777	  7.4698	MovieFrame	2	223
10	  7.4743	  26.0031	0.4697	0.4646	0.4696	0.4648	1	0.2255	0.2164	1	1.5273	  7.4721	   2.1895	0.5633	0.4830	0.5634	0.4823	-1	0.2429	0.2234	1	1.4702	  0.24	  0.28	  8.17	448 Game time (seconds): 21.76245 Stroke: 1
10	  7.4817	   7.4031	0.4625	0.4638	0.4667	0.4644	1	0.2253	0.2171	1	1.5347	  7.4721	   2.1895	0.5633	0.4830	0.5634	0.4823	-1	0.2429	0.2234	1	1.4702	  0.22	  0.29	  8.13	449 Game time (seconds): 21.78835 Stroke: 1
777	  7.5029	MovieFrame	2	224
10	  7.5080	  26.2689	0.4644	0.4622	0.4658	0.4635	1	0.2255	0.2172	1	1.5610	  7.5057	   2.2522	0.5577	0.4822	0.5596	0.4827	-1	0.2451	0.2261	1	1.5038	  0.18	  0.29	  8.17	450 Game time (seconds): 21.79528 Stroke: 1
10	  7.5151	   7.1092	0.4640	0.4662	0.4651	0.4646	1	0.2233	0.2175	1	1.5681	  7.5057	   2.2522	0.5577	0.4822	0.5596	0.4827	-1	0.2451	0.2261	1	1.5038	  0.18	  0.28	  8.16	451 Game time (seconds): 21.82518 Stroke: 1
777	  7.5363	MovieFrame	2	225
10	  7.5413	  26.1861	0.4645	0.4654	0.4648	0.4649	1	0.2242	0.2177	1	1.5943	  7.5390	   2.2247	0.5586	0.4862	0.5588	0.4849	-1	0.2462	0.2255	1	1.5371	  0.17	  0.27	  8.17	452 Game time (seconds): 21.82939 Stroke: 1
10	  7.5484	   7.1096	0.4654	0.4687	0.4651	0.4664	1	0.2226	0.2165	1	1.6014	  7.5390	   2.2247	0.5586	0.4862	0.5588	0.4849	-1	0.2462	0.2255	1	1.5371	  0.17	  0.26	  8.18	453 Game time (seconds): 21.85802 Stroke: 1
777	  7.5701	MovieFrame	2	226
10	  7.5746	  26.1917	0.4657	0.4678	0.4653	0.4670	1	0.2236	0.2177	1	1.6276	  7.5724	   2.2951	0.5589	0.4890	0.5589	0.4879	1	0.2463	0.2229	1	1.5705	  0.17	  0.24	  8.18	454 Game time (seconds): 21.86272 Stroke: 1
10	  7.5818	   7.1900	0.4660	0.4717	0.4656	0.4688	1	0.2239	0.2162	1	1.6348	  7.5724	   2.2951	0.5589	0.4890	0.5589	0.4879	1	0.2463	0.2229	1	1.5705	  0.17	  0.23	  8.18	455 Game time (seconds): 21.89139 Stroke: 1
777	  7.6030	MovieFrame	2	227
10	  7.6079	  26.1579	0.4662	0.4701	0.4658	0.4693	1	0.2244	0.2167	1	1.6609	  7.6057	   2.2593	0.5604	0.4929	0.5598	0.4911	-1	0.2453	0.2261	1	1.6038	  0.18	  0.21	  8.17	456 Game time (seconds): 21.896 Stroke: 1
10	  7.6151	   7.1573	0.4660	0.4730	0.4659	0.4708	1	0.2254	0.2178	1	1.6681	  7.6057	   2.2593	0.5604	0.4929	0.5598	0.4911	-1	0.2453	0.2261	1	1.6038	  0.18	  0.20	  8.17	457 Game time (seconds): 21.92155 Stroke: 1
777	  7.6364	MovieFrame	2	228
10	  7.6416	  26.4884	0.4668	0.4718	0.4662	0.4712	1	0.2235	0.2169	1	1.6946	  7.6394	   2.3466	0.5614	0.4940	0.5610	0.4934	-1	0.2474	0.2291	1	1.6374	  0.19	  0.19	  8.16	458 Game time (seconds): 21.92932 Stroke: 1
10	  7.6485	   6.8872	0.4672	0.4750	0.4666	0.4727	1	0.2237	0.2186	1	1.7015	  7.6394	   2.3466	0.5614	0.4940	0.5610	0.4934	-1	0.2474	0.2291	1	1.6374	  0.20	  0.18	  8.17	459 Game time (seconds): 21.95539 Stroke: 1
777	  7.6699	MovieFrame	2	229
10	  7.6747	  26.2483	0.4679	0.4748	0.4672	0.4736	1	0.2233	0.2174	1	1.7277	  7.6724	   2.2091	0.5622	0.4988	0.5617	0.4969	-1	0.2421	0.2274	1	1.6704	  0.21	  0.16	  8.16	460 Game time (seconds): 21.96202 Stroke: 1
10	  7.6819	   7.1650	0.4679	0.4770	0.4674	0.4749	1	0.2240	0.2171	1	1.7349	  7.6724	   2.2091	0.5622	0.4988	0.5617	0.4969	-1	0.2421	0.2274	1	1.6704	  0.21	  0.15	  8.17	461 Game time (seconds): 21.98916 Stroke: 1
777	  7.7031	MovieFrame	2	230
10	  7.7080	  26.1435	0.4677	0.4765	0.4675	0.4756	1	0.2235	0.2162	1	1.7610	  7.7057	   2.0469	0.5630	0.4989	0.5625	0.4986	-1	0.2476	0.2287	1	1.7038	  0.21	  0.14	  8.16	462 Game time (seconds): 21.99628 Stroke: 1
10	  7.7153	   7.2448	0.4674	0.4790	0.4675	0.4769	1	0.2253	0.2166	1	1.7683	  7.7057	   2.0469	0.5630	0.4989	0.5625	0.4986	-1	0.2476	0.2287	1	1.7038	  0.21	  0.13	  8.16	463 Game time (seconds): 22.02175 Stroke: 1
777	  7.7366	MovieFrame	2	231
10	  7.7414	  26.0750	0.4681	0.4769	0.4677	0.4769	1	0.2237	0.2158	1	1.7943	  7.7390	   2.1861	0.5630	0.5006	0.5628	0.5002	-1	0.2452	0.2290	1	1.7371	  0.22	  0.12	  8.16	464 Game time (seconds): 22.03047 Stroke: 1
10	  7.7486	   7.2200	0.4679	0.4788	0.4678	0.4777	1	0.2248	0.2161	1	1.8016	  7.7390	   2.1861	0.5630	0.5006	0.5628	0.5002	-1	0.2452	0.2290	1	1.7371	  0.22	  0.12	  8.16	465 Game time (seconds): 22.05526 Stroke: 1
777	  7.7701	MovieFrame	2	232
10	  7.7747	  26.1545	0.4683	0.4766	0.4680	0.4773	1	0.2232	0.2154	1	1.8277	  7.7724	   2.1981	0.5631	0.5008	0.5630	0.5012	-1	0.2462	0.2295	1	1.7705	  0.22	  0.12	  8.16	466 Game time (seconds): 22.06308 Stroke: 1
10	  7.7820	   7.2620	0.4682	0.4784	0.4681	0.4777	1	0.2248	0.2163	1	1.8350	  7.7724	   2.1981	0.5631	0.5008	0.5630	0.5012	-1	0.2462	0.2295	1	1.7705	  0.22	  0.11	  8.16	467 Game time (seconds): 22.09361 Stroke: 1
777	  7.8037	MovieFrame	2	233
10	  7.8082	  26.2288	0.4682	0.4760	0.4681	0.4770	1	0.2246	0.2168	1	1.8612	  7.8060	   2.3419	0.5632	0.5017	0.5633	0.5021	-1	0.2456	0.2297	1	1.8041	  0.22	  0.11	  8.15	468 Game time (seconds): 22.09823 Stroke: 1
10	  7.8153	   7.0482	0.4683	0.4772	0.4682	0.4771	1	0.2234	0.2164	1	1.8683	  7.8060	   2.3419	0.5632	0.5017	0.5633	0.5021	-1	0.2456	0.2297	1	1.8041	  0.22	  0.11	  8.15	469 Game time (seconds): 22.12374 Stroke: 1
777	  7.8365	MovieFrame	2	234
10	  7.8415	  26.2779	0.4683	0.4738	0.4683	0.4758	1	0.2244	0.2185	1	1.8945	  7.8392	   2.1975	0.5634	0.5016	0.5634	0.5020	-1	0.2459	0.2299	1	1.8373	  0.23	  0.12	  8.15	470 Game time (seconds): 22.1289 Stroke: 1
10	  7.8486	   7.0960	0.4682	0.4737	0.4682	0.4750	1	0.2240	0.2181	1	1.9016	  7.8392	   2.1975	0.5634	0.5016	0.5634	0.5020	-1	0.2459	0.2299	1	1.8373	  0.23	  0.12	  8.15	471 Game time (seconds): 22.15913 Stroke: 1
777	  7.8703	MovieFrame	2	235
10	  7.8749	  26.2886	0.4680	0.4700	0.4682	0.4730	1	0.2249	0.2172	1	1.9279	  7.8726	   2.2028	0.5632	0.5010	0.5634	0.5022	-1	0.2457	0.2302	1	1.8707	  0.23	  0.13	  8.15	472 Game time (seconds): 22.16398 Stroke: 1
10	  7.8821	   7.1286	0.4678	0.4702	0.4680	0.4719	1	0.2240	0.2169	1	1.9350	  7.8726	   2.2028	0.5632	0.5010	0.5634	0.5022	-1	0.2457	0.2302	1	1.8707	  0.22	  0.14	  8.15	473 Game time (seconds): 22.18937 Stroke: 1
777	  7.9037	MovieFrame	2	236
10	  7.9083	  26.2138	0.4673	0.4656	0.4677	0.4693	1	0.2243	0.2177	1	1.9613	  7.9062	   2.3989	0.5624	0.4961	0.5630	0.4995	-1	0.2521	0.2305	1	1.9043	  0.22	  0.17	  8.15	474 Game time (seconds): 22.19637 Stroke: 1
10	  7.9155	   7.2070	0.4679	0.4640	0.4678	0.4672	1	0.2270	0.2184	1	1.9685	  7.9062	   2.3989	0.5624	0.4961	0.5630	0.4995	-1	0.2521	0.2305	1	1.9043	  0.22	  0.18	  8.15	475 Game time (seconds): 22.22202 Stroke: 1
777	  7.9371	MovieFrame	2	237
10	  7.9418	  26.3440	0.4672	0.4601	0.4676	0.4644	1	0.2252	0.2177	1	1.9948	  7.9395	   2.1813	0.5617	0.4940	0.5623	0.4967	-1	0.2478	0.2299	1	1.9376	  0.21	  0.21	  8.16	476 Game time (seconds): 22.22988 Stroke: 1
10	  7.9488	   6.9658	0.4669	0.4611	0.4673	0.4631	1	0.2255	0.2169	1	2.0018	  7.9395	   2.1813	0.5617	0.4940	0.5623	0.4967	-1	0.2478	0.2299	1	1.9376	  0.21	  0.22	  8.15	477 Game time (seconds): 22.25897 Stroke: 1
777	  7.9696	MovieFrame	2	238
10	  7.9747	  25.9580	0.4662	0.4578	0.4668	0.4610	1	0.2248	0.2173	1	2.0277	  7.9724	   2.1419	0.5617	0.4907	0.5619	0.4938	-1	0.2521	0.2326	1	1.9705	  0.21	  0.24	  8.15	478 Game time (seconds): 22.26344 Stroke: 1
10	  7.9822	   7.4706	0.4663	0.4599	0.4666	0.4606	1	0.2250	0.2150	1	2.0352	  7.9724	   2.1419	0.5617	0.4907	0.5619	0.4938	-1	0.2521	0.2326	1	1.9705	  0.20	  0.24	  8.15	479 Game time (seconds): 22.28843 Stroke: 1
777	  8.0034	MovieFrame	2	239
10	  8.0084	  26.1539	0.4658	0.4568	0.4663	0.4590	1	0.2254	0.2171	1	2.0614	  8.0061	   2.1977	0.5618	0.4891	0.5617	0.4915	-1	0.2485	0.2317	1	2.0042	  0.20	  0.27	  8.15	480 Game time (seconds): 22.29521 Stroke: 1
10	  8.0155	   7.1568	0.4655	0.4584	0.4660	0.4588	1	0.2272	0.2182	1	2.0685	  8.0061	   2.1977	0.5618	0.4891	0.5617	0.4915	-1	0.2485	0.2317	1	2.0042	  0.20	  0.27	  8.14	481 Game time (seconds): 22.3237 Stroke: 1
777	  8.0368	MovieFrame	2	240
10	  8.0417	  26.1327	0.4656	0.4556	0.4658	0.4575	1	0.2247	0.2184	1	2.0946	  8.0393	   2.2336	0.5606	0.4870	0.5611	0.4893	-1	0.2514	0.2334	1	2.0374	  0.19	  0.29	  8.15	482 Game time (seconds): 22.32929 Stroke: 1
10	  8.0488	   7.1272	0.4648	0.4578	0.4654	0.4576	1	0.2250	0.2164	1	2.1018	  8.0393	   2.2336	0.5606	0.4870	0.5611	0.4893	-1	0.2514	0.2334	1	2.0374	  0.19	  0.28	  8.14	483 Game time (seconds): 22.35733 Stroke: 1
777	  8.0705	MovieFrame	2	241
10	  8.0752	  26.4543	0.4652	0.4558	0.4653	0.4569	1	0.2242	0.2183	1	2.1282	  8.0728	   2.2021	0.5595	0.4852	0.5601	0.4875	-1	0.2517	0.2329	1	2.0709	  0.18	  0.30	  8.16	484 Game time (seconds): 22.36275 Stroke: 1
10	  8.0822	   7.0105	0.4649	0.4573	0.4651	0.4570	1	0.2264	0.2191	1	2.1352	  8.0728	   2.2021	0.5595	0.4852	0.5601	0.4875	-1	0.2517	0.2329	1	2.0709	  0.18	  0.30	  8.16	485 Game time (seconds): 22.39172 Stroke: 1
777	  8.1038	MovieFrame	2	242
10	  8.1085	  26.2433	0.4648	0.4559	0.4650	0.4566	1	0.2270	0.2195	1	2.1615	  8.1062	   2.1742	0.5591	0.4856	0.5596	0.4867	-1	0.2500	0.2336	1	2.1043	  0.18	  0.30	  8.16	486 Game time (seconds): 22.39626 Stroke: 1
10	  8.1155	   6.9913	0.4649	0.4590	0.4650	0.4576	1	0.2269	0.2175	1	2.1685	  8.1062	   2.1742	0.5591	0.4856	0.5596	0.4867	-1	0.2500	0.2336	1	2.1043	  0.18	  0.30	  8.16	487 Game time (seconds): 22.4251 Stroke: 1
777	  8.1368	MovieFrame	2	243
10	  8.1417	  26.2365	0.4640	0.4578	0.4646	0.4577	1	0.2284	0.2197	1	2.1947	  8.1395	   2.2308	0.5609	0.4800	0.5600	0.4845	-1	0.2687	0.2320	1	2.1376	  0.18	  0.31	  8.15	488 Game time (seconds): 22.42902 Stroke: 1
10	  8.1489	   7.1750	0.4650	0.4603	0.4647	0.4587	1	0.2277	0.2207	1	2.2019	  8.1395	   2.2308	0.5609	0.4800	0.5600	0.4845	-1	0.2687	0.2320	1	2.1376	  0.18	  0.30	  8.15	489 Game time (seconds): 22.45527 Stroke: 1
777	  8.1705	MovieFrame	2	244
10	  8.1753	  26.4328	0.4646	0.4586	0.4647	0.4587	1	0.2275	0.2188	1	2.2283	  8.1730	   2.2694	0.5599	0.4887	0.5598	0.4873	-1	0.2506	0.2367	1	2.1711	  0.18	  0.29	  8.15	490 Game time (seconds): 22.46205 Stroke: 1
10	  8.1822	   6.9139	0.4649	0.4617	0.4648	0.4599	1	0.2255	0.2186	1	2.2352	  8.1730	   2.2694	0.5599	0.4887	0.5598	0.4873	-1	0.2506	0.2367	1	2.1711	  0.18	  0.28	  8.15	491 Game time (seconds): 22.4893 Stroke: 1
777	  8.2035	MovieFrame	2	245
10	  8.2086	  26.4055	0.4651	0.4593	0.4649	0.4596	1	0.2271	0.2182	1	2.2616	  8.2063	   2.1990	0.5601	0.4879	0.5599	0.4884	-1	0.2560	0.2358	1	2.2044	  0.18	  0.28	  8.16	492 Game time (seconds): 22.49779 Stroke: 1
10	  8.2157	   7.0032	0.4647	0.4613	0.4648	0.4603	1	0.2267	0.2213	1	2.2686	  8.2063	   2.1990	0.5601	0.4879	0.5599	0.4884	-1	0.2560	0.2358	1	2.2044	  0.18	  0.27	  8.15	493 Game time (seconds): 22.52241 Stroke: 1
777	  8.2378	MovieFrame	2	246
10	  8.2419	  26.2416	0.4651	0.4592	0.4649	0.4599	1	0.2272	0.2183	1	2.2949	  8.2395	   2.1449	0.5600	0.4899	0.5600	0.4896	-1	0.2516	0.2364	1	2.2376	  0.18	  0.27	  8.15	494 Game time (seconds): 22.52978 Stroke: 1
10	  8.2490	   7.1098	0.4652	0.4602	0.4650	0.4600	1	0.2274	0.2198	1	2.3020	  8.2395	   2.1449	0.5600	0.4899	0.5600	0.4896	-1	0.2516	0.2364	1	2.2376	  0.18	  0.27	  8.16	495 Game time (seconds): 22.55552 Stroke: 1
777	  8.2720	MovieFrame	2	247
10	  8.2755	  26.5156	0.4648	0.4577	0.4650	0.4591	1	0.2272	0.2192	1	2.3285	  8.2732	   2.1501	0.5601	0.4878	0.5600	0.4891	-1	0.2563	0.2358	1	2.2713	  0.18	  0.28	  8.15	496 Game time (seconds): 22.56393 Stroke: 1
10	  8.2825	   6.9653	0.4647	0.4588	0.4649	0.4589	1	0.2284	0.2194	1	2.3355	  8.2732	   2.1501	0.5601	0.4878	0.5600	0.4891	-1	0.2563	0.2358	1	2.2713	  0.18	  0.28	  8.15	497 Game time (seconds): 22.59174 Stroke: 1
777	  8.3036	MovieFrame	2	248
10	  8.3086	  26.1128	0.4644	0.4564	0.4647	0.4579	1	0.2269	0.2198	1	2.3616	  8.3063	   2.1237	0.5593	0.4873	0.5596	0.4885	-1	0.2560	0.2370	1	2.3044	  0.17	  0.29	  8.16	498 Game time (seconds): 22.59839 Stroke: 1
10	  8.3158	   7.1658	0.4640	0.4580	0.4644	0.4580	1	0.2286	0.2202	1	2.3687	  8.3063	   2.1237	0.5593	0.4873	0.5596	0.4885	-1	0.2560	0.2370	1	2.3044	  0.17	  0.29	  8.15	499 Game time (seconds): 22.62304 Stroke: 1
777	  8.3369	MovieFrame	2	249
10	  8.3421	  26.3379	0.4643	0.4557	0.4644	0.4570	1	0.2273	0.2193	1	2.3951	  8.3398	   2.2076	0.5590	0.4857	0.5594	0.4876	-1	0.2541	0.2350	1	2.3379	  0.17	  0.30	  8.15	500 Game time (seconds): 22.62972 Stroke: 1
10	  8.3492	   7.0544	0.4638	0.4568	0.4641	0.4570	1	0.2290	0.2197	1	2.4021	  8.3398	   2.2076	0.5590	0.4857	0.5594	0.4876	-1	0.2541	0.2350	1	2.3379	  0.17	  0.30	  8.15	501 Game time (seconds): 22.65821 Stroke: 1
777	  8.3710	MovieFrame	2	250
10	  8.3755	  26.3638	0.4645	0.4540	0.4643	0.4558	1	0.2292	0.2204	1	2.4285	  8.3731	   2.2545	0.5585	0.4847	0.5590	0.4863	-1	0.2545	0.2340	1	2.3712	  0.17	  0.31	  8.16	502 Game time (seconds): 22.66331 Stroke: 1
10	  8.3825	   6.9345	0.4637	0.4566	0.4640	0.4561	1	0.2292	0.2198	1	2.4354	  8.3731	   2.2545	0.5585	0.4847	0.5590	0.4863	-1	0.2545	0.2340	1	2.3712	  0.16	  0.31	  8.16	503		
777	  8.4040	MovieFrame	2	251
10	  8.4087	  26.2808	0.4637	0.4547	0.4639	0.4555	1	0.2283	0.2206	1	2.4617	  8.4068	   2.5168	0.5586	0.4850	0.5588	0.4863	1	0.2528	0.2341	1	2.4049	  0.16	  0.31	  8.16	504		
10	  8.4159	   7.1818	0.4636	0.4565	0.4638	0.4559	1	0.2292	0.2196	1	2.4689	  8.4068	   2.5168	0.5586	0.4850	0.5588	0.4863	1	0.2528	0.2341	1	2.4049	  0.16	  0.31	  8.16	505		
777	  8.4373	MovieFrame	2	252
10	  8.4423	  26.3453	0.4636	0.4547	0.4637	0.4554	1	0.2280	0.2205	1	2.4952	  8.4400	   2.2032	0.5586	0.4845	0.5588	0.4858	1	0.2531	0.2338	1	2.4381	  0.16	  0.31	  8.15	506		
10	  8.4493	   7.0011	0.4632	0.4564	0.4635	0.4558	1	0.2297	0.2206	1	2.5022	  8.4400	   2.2032	0.5586	0.4845	0.5588	0.4858	1	0.2531	0.2338	1	2.4381	  0.16	  0.31	  8.15	507		
777	  8.4703	MovieFrame	2	253
10	  8.4756	  26.3595	0.4629	0.4543	0.4632	0.4552	1	0.2282	0.2196	1	2.5286	  8.4733	   2.2031	0.5587	0.4840	0.5587	0.4849	1	0.2525	0.2341	1	2.4714	  0.16	  0.32	  8.15	508		
10	  8.4826	   6.9976	0.4626	0.4562	0.4630	0.4556	1	0.2299	0.2213	1	2.5356	  8.4733	   2.2031	0.5587	0.4840	0.5587	0.4849	1	0.2525	0.2341	1	2.4714	  0.16	  0.32	  8.14	509		
777	  8.5035	MovieFrame	2	254
10	  8.5089	  26.3015	0.4627	0.4533	0.4629	0.4547	1	0.2279	0.2195	1	2.5619	  8.5067	   2.3017	0.5586	0.4802	0.5587	0.4832	-1	0.2588	0.2364	1	2.5048	  0.15	  0.33	  8.14	510		
10	  8.5160	   7.0987	0.4628	0.4560	0.4628	0.4552	1	0.2301	0.2208	1	2.5690	  8.5067	   2.3017	0.5586	0.4802	0.5587	0.4832	-1	0.2588	0.2364	1	2.5048	  0.15	  0.33	  8.14	511		
777	  8.5371	MovieFrame	2	255
10	  8.5426	  26.5371	0.4624	0.4537	0.4627	0.4546	1	0.2286	0.2200	1	2.5955	  8.5402	   2.1614	0.5594	0.4834	0.5589	0.4833	-1	0.2525	0.2353	1	2.5383	  0.15	  0.33	  8.14	512		
10	  8.5494	   6.8396	0.4622	0.4563	0.4625	0.4553	1	0.2300	0.2196	1	2.6024	  8.5402	   2.1614	0.5594	0.4834	0.5589	0.4833	-1	0.2525	0.2353	1	2.5383	  0.15	  0.33	  8.13	513		
777	  8.5704	MovieFrame	2	256
10	  8.5756	  26.2546	0.4623	0.4550	0.4624	0.4552	1	0.2283	0.2195	1	2.6286	  8.5733	   2.2136	0.5587	0.4812	0.5589	0.4827	-1	0.2567	0.2364	1	2.5714	  0.15	  0.33	  8.13	514		
10	  8.5827	   7.0992	0.4622	0.4569	0.4623	0.4559	1	0.2299	0.2196	1	2.6357	  8.5733	   2.2136	0.5587	0.4812	0.5589	0.4827	-1	0.2567	0.2364	1	2.5714	  0.15	  0.33	  8.13	515		
777	  8.6035	MovieFrame	2	257
10	  8.6089	  26.1765	0.4622	0.4558	0.4623	0.4558	1	0.2297	0.2195	1	2.6619	  8.6073	   2.8048	0.5591	0.4813	0.5593	0.4828	-1	0.2571	0.2358	1	2.6054	  0.15	  0.33	  8.12	516		
10	  8.6160	   7.0653	0.4625	0.4576	0.4624	0.4565	1	0.2307	0.2210	1	2.6690	  8.6073	   2.8048	0.5591	0.4813	0.5593	0.4828	-1	0.2571	0.2358	1	2.6054	  0.15	  0.32	  8.12	517		
777	  8.6370	MovieFrame	2	258
