3	Product Version: USB-60x3
3	Executable File Version: 2.9.5,311 
3	Program Build Date: Dec 13 2019,  12:14:04
3	Customer Serial Number:  200-1680-1-1
3	Customer Name:  NNL DEMO 
3	Customer Organization:  NNL DEMO 
3	--------------------------------------------------------
3	TimeValues	2024	9	25	17	17	53	UTC
3	TimeStamp	Wednesday, September 25, 2024, 10:17:53 AM 
3	DataFormat	2.9.3,113
3	ScreenSize	142.857	107.143	// full screen size (not measured lines) in mm
3	ViewingDistance	100
3	InterPupillaryDistance	60
3	ImageShape	Fit
3	SmoothingMethod	ExponentialMovingAverage
3	SmoothingPoints	4
3	BinocularAveraging	Off
3	eyeA:pupilSegmentationMethod	Ellipse
3	eyeA:gazeNudge	0	0
3	eyeB:pupilSegmentationMethod	Ellipse
3	eyeB:gazeNudge	0	0
3	--------------------------------------------------------
3	Data Notes:
3	 1) X_Gaze and Y_Gaze are uncorrected gaze values (no smoothing, etc...).
3	 2) X_CorrectedGaze and Y_CorrectedGaze are corrected gaze values that may include smoothing, averaging, parallax correction, nudging, etc...
3	 3) Regions are calculated with respect to the corrected gaze values.
3	 4) PupilWidth and PupilHeight calculations are relative to which pupil segmentation method is active.
3	    a) Ellipse - PupilWidth is the major-axis (larger value) and PupilHeight is the minor-axis (smaller value).
3	       The major-axis and the minor-axis are both normalized by the width of the EyeCamera window so the scales of the axes are commensurable.
3	    b) Oval Fit - PupilWidth is the HORIZONTAL dimension and PupilHeight is the VERTICAL dimension of the rectangular bounding box of the unrotated Oval.
3	       The HORIZONTAL and VERTICAL dimensions are both normalized by the width and height of the EyeCamera window respectively so the scales of the axes are incommensurable (see manual for details).
3	    c) Centroid - PupilWidth and PupilHeight are 0, because no pupil size is obtained.
3	--------------------------------------------------------
3	 idName	
3	 idTest	
3	 idSession	
3	 idNotes	
17	MovieFile	1	D:\UnityProjectsGit\GolfSim\Assets\VPx64-Client/Data/20240925_101753.avi
3	--------------------------------------------------------
6	ATT	ADT	ALX	ALY	ACX	ACY	ARI	APW	APH	AQU	AFX	BTT	BDT	BLX	BLY	BCX	BCY	BRI	BPW	BPH	BQU	BFX	GPX	GPY	GPZ	CNT	MRK	STR
5	TotalTime	DeltaTime	X_Gaze	Y_Gaze	X_CorrectedGaze	Y_CorrectedGaze	Region	PupilWidth	PupilHeight	Quality	Fixation	TotalTime	DeltaTime	X_Gaze	Y_Gaze	X_CorrectedGaze	Y_CorrectedGaze	Region	PupilWidth	PupilHeight	Quality	Fixation	 X 	 Y 	 Z 	Count	Marker	String
7	 0.000000	EyeA FrameRate	60
7	 0.000000	EyeB FrameRate	60
16	 0.000000	STARTUP.BMP
10	  0.0000	   2.6767	0.4540	0.6186	0.4523	0.6074	-1	0.2248	0.2074	1	8.9171	 -0.0083	  38.5257	0.5494	0.6589	0.5335	0.6177	-1	0.2273	0.2211	1	8.9112	 -0.10	 -1.21	  8.38	0	+	
777	  0.0194	MovieFrame	2	0
10	  0.0246	  24.6134	0.4535	0.6128	0.4528	0.6096	-1	0.2238	0.2036	1	8.9417	  0.0224	   2.2299	0.5505	0.6565	0.5443	0.6435	-1	0.2247	0.2204	1	8.9418	 -0.02	 -1.36	  8.21	1 Game time (seconds): 7.091834 Stroke: 0
10	  0.0333	   8.6540	0.4525	0.6135	0.4526	0.6111	-1	0.2236	0.2052	1	8.9504	  0.0224	   2.2299	0.5505	0.6565	0.5443	0.6435	-1	0.2247	0.2204	1	8.9418	 -0.02	 -1.36	  8.21	2		
777	  0.0530	MovieFrame	2	1
10	  0.0579	  24.6170	0.4522	0.6096	0.4524	0.6105	-1	0.2239	0.2045	1	8.9750	  0.0556	   2.3022	0.5521	0.6512	0.5490	0.6498	-1	0.2224	0.2190	1	8.9751	  0.01	 -1.39	  8.13	3 Game time (seconds): 7.111834 Stroke: 0
10	  0.0667	   8.8154	0.4514	0.6101	0.4520	0.6104	-1	0.2238	0.2074	1	8.9838	  0.0556	   2.3022	0.5521	0.6512	0.5490	0.6498	-1	0.2224	0.2190	1	8.9751	  0.01	 -1.39	  8.12	4 Game time (seconds): 7.136028 Stroke: 0
777	  0.0866	MovieFrame	2	2
10	  0.0913	  24.6143	0.4501	0.6018	0.4513	0.6069	-1	0.2242	0.2016	1	9.0084	  0.0893	   2.5148	0.5524	0.6470	0.5513	0.6488	-1	0.2218	0.2197	1	9.0087	  0.02	 -1.37	  8.08	5 Game time (seconds): 7.145195 Stroke: 0
10	  0.1000	   8.7299	0.4498	0.5999	0.4507	0.6041	-1	0.2240	0.2027	1	9.0171	  0.0893	   2.5148	0.5524	0.6470	0.5513	0.6488	-1	0.2218	0.2197	1	9.0087	  0.01	 -1.36	  8.07	6 Game time (seconds): 7.169252 Stroke: 0
777	  0.1200	MovieFrame	2	3
10	  0.1247	  24.6762	0.4490	0.5947	0.4500	0.6004	-1	0.2260	0.2013	1	9.0418	  0.1233	   3.1146	0.5524	0.6357	0.5521	0.6429	-1	0.2203	0.2122	1	9.0396	  0.02	 -1.32	  8.06	7 Game time (seconds): 7.182148 Stroke: 0
10	  0.1334	   8.6336	0.4487	0.5929	0.4495	0.5974	-1	0.2238	0.2022	1	9.0505	  0.1233	   3.1146	0.5524	0.6357	0.5521	0.6429	-1	0.2203	0.2122	1	9.0427	  0.01	 -1.29	  8.04	8 Game time (seconds): 7.204288 Stroke: 0
777	  0.1546	MovieFrame	2	4
10	  0.1581	  24.7337	0.4492	0.5889	0.4494	0.5940	-1	0.2238	0.2055	1	9.0752	  0.1559	   2.2878	0.5523	0.6306	0.5525	0.6360	-1	0.2216	0.2152	1	9.0753	  0.01	 -1.23	  8.03	9 Game time (seconds): 7.214292 Stroke: 0
10	  0.1667	   8.6059	0.4432	0.5900	0.4469	0.5924	-1	0.2215	0.2002	1	9.0838	  0.1559	   2.2878	0.5523	0.6306	0.5525	0.6360	-1	0.2216	0.2152	1	9.0753	 -0.00	 -1.22	  7.99	10 Game time (seconds): 7.237721 Stroke: 0
777	  0.1864	MovieFrame	2	5
10	  0.1912	  24.5550	0.4351	0.5856	0.4422	0.5897	-1	0.2212	0.2015	1	9.1083	  0.1891	   2.3233	0.5364	0.6290	0.5429	0.6328	-1	0.2228	0.2140	1	9.1085	 -0.11	 -1.19	  8.07	11 Game time (seconds): 7.248577 Stroke: 0
10	  0.2002	   8.9713	0.4367	0.5859	0.4400	0.5881	-1	0.2194	0.2028	1	9.1173	  0.1891	   2.3233	0.5364	0.6290	0.5429	0.6328	-1	0.2228	0.2140	1	9.1085	 -0.12	 -1.18	  8.03	12 Game time (seconds): 7.269498 Stroke: 0
777	  0.2210	MovieFrame	2	6
10	  0.2249	  24.6539	0.4361	0.5826	0.4385	0.5859	-1	0.2180	0.2018	1	9.1420	  0.2229	   2.5335	0.5358	0.6243	0.5382	0.6285	-1	0.2208	0.2122	1	9.1423	 -0.17	 -1.15	  8.08	13 Game time (seconds): 7.280519 Stroke: 0
10	  0.2337	   8.7789	0.4363	0.5817	0.4376	0.5842	-1	0.2157	0.1993	1	9.1507	  0.2229	   2.5335	0.5358	0.6243	0.5382	0.6285	-1	0.2208	0.2122	1	9.1423	 -0.17	 -1.14	  8.07	14 Game time (seconds): 7.303287 Stroke: 0
777	  0.2528	MovieFrame	2	7
10	  0.2579	  24.2613	0.4365	0.5786	0.4372	0.5820	-1	0.2150	0.2009	1	9.1750	  0.2556	   2.1849	0.5357	0.6173	0.5365	0.6228	-1	0.2192	0.2076	1	9.1750	 -0.19	 -1.10	  8.09	15 Game time (seconds): 7.313732 Stroke: 0
10	  0.2668	   8.9063	0.4358	0.5791	0.4366	0.5808	-1	0.2143	0.1974	1	9.1839	  0.2556	   2.1849	0.5357	0.6173	0.5365	0.6228	-1	0.2192	0.2076	1	9.1750	 -0.19	 -1.09	  8.08	16 Game time (seconds): 7.336242 Stroke: 0
777	  0.2889	MovieFrame	2	8
10	  0.2916	  24.8108	0.4365	0.5780	0.4366	0.5797	-1	0.2136	0.2010	1	9.2087	  0.2894	   2.2653	0.5353	0.6149	0.5359	0.6182	-1	0.2153	0.2048	1	9.2088	 -0.19	 -1.07	  8.08	17 Game time (seconds): 7.348563 Stroke: 0
10	  0.3002	   8.5448	0.4361	0.5785	0.4364	0.5792	-1	0.2128	0.1954	1	9.2173	  0.2894	   2.2653	0.5353	0.6149	0.5359	0.6182	-1	0.2153	0.2048	1	9.2088	 -0.20	 -1.06	  8.08	18 Game time (seconds): 7.372898 Stroke: 0
777	  0.3204	MovieFrame	2	9
10	  0.3252	  25.0734	0.4357	0.5773	0.4361	0.5784	-1	0.2128	0.1961	1	9.2423	  0.3235	   2.9644	0.5352	0.6148	0.5355	0.6166	-1	0.2153	0.2044	1	9.2429	 -0.20	 -1.04	  8.09	19 Game time (seconds): 7.378903 Stroke: 0
10	  0.3337	   8.4630	0.4356	0.5799	0.4359	0.5790	-1	0.2106	0.1941	1	9.2508	  0.3235	   2.9644	0.5352	0.6148	0.5355	0.6166	-1	0.2153	0.2044	1	9.2429	 -0.20	 -1.05	  8.08	20 Game time (seconds): 7.405242 Stroke: 0
777	  0.3538	MovieFrame	2	10
10	  0.3583	  24.5700	0.4356	0.5796	0.4358	0.5792	-1	0.2117	0.1945	1	9.2754	  0.3565	   2.7548	0.5356	0.6159	0.5355	0.6164	-1	0.2136	0.2030	1	9.2759	 -0.21	 -1.05	  8.08	21 Game time (seconds): 7.413088 Stroke: 0
10	  0.3670	   8.6888	0.4361	0.5826	0.4359	0.5806	-1	0.2102	0.1924	1	9.2841	  0.3565	   2.7548	0.5356	0.6159	0.5355	0.6164	-1	0.2136	0.2030	1	9.2759	 -0.20	 -1.06	  8.08	22 Game time (seconds): 7.436531 Stroke: 0
777	  0.3879	MovieFrame	2	11
10	  0.3919	  24.8860	0.4361	0.5805	0.4360	0.5805	-1	0.2091	0.1952	1	9.3090	  0.3896	   2.2565	0.5363	0.6172	0.5357	0.6174	-1	0.2109	0.2008	1	9.3090	 -0.20	 -1.06	  8.08	23 Game time (seconds): 7.446131 Stroke: 0
10	  0.4004	   8.5145	0.4422	0.5838	0.4385	0.5819	-1	0.2098	0.1890	1	9.3175	  0.3896	   2.2565	0.5363	0.6172	0.5357	0.6174	-1	0.2109	0.2008	1	9.3090	 -0.18	 -1.07	  8.12	24 Game time (seconds): 7.474037 Stroke: 0
777	  0.4200	MovieFrame	2	12
10	  0.4249	  24.5652	0.4428	0.5829	0.4402	0.5823	-1	0.2108	0.1925	1	9.3420	  0.4227	   2.1769	0.5399	0.6216	0.5386	0.6209	-1	0.2118	0.2006	1	9.3421	 -0.15	 -1.09	  8.10	25 Game time (seconds): 7.484548 Stroke: 0
10	  0.4338	   8.8664	0.4426	0.5846	0.4412	0.5832	-1	0.2101	0.1895	1	9.3509	  0.4227	   2.1769	0.5399	0.6216	0.5386	0.6209	-1	0.2118	0.2006	1	9.3421	 -0.14	 -1.09	  8.12	26 Game time (seconds): 7.50643 Stroke: 0
777	  0.4533	MovieFrame	2	13
10	  0.4583	  24.5432	0.4429	0.5838	0.4418	0.5834	-1	0.2111	0.1910	1	9.3754	  0.4561	   2.1743	0.5414	0.6222	0.5403	0.6227	-1	0.2105	0.2002	1	9.3755	 -0.13	 -1.10	  8.10	27 Game time (seconds): 7.514021 Stroke: 0
10	  0.4671	   8.7305	0.4426	0.5849	0.4422	0.5840	-1	0.2105	0.1902	1	9.3842	  0.4561	   2.1743	0.5414	0.6222	0.5403	0.6227	-1	0.2105	0.2002	1	9.3755	 -0.13	 -1.11	  8.11	28 Game time (seconds): 7.540333 Stroke: 0
777	  0.4870	MovieFrame	2	14
10	  0.4919	  24.8024	0.4428	0.5840	0.4424	0.5840	-1	0.2108	0.1908	1	9.4090	  0.4896	   2.2283	0.5411	0.6229	0.5408	0.6237	-1	0.2108	0.2009	1	9.4090	 -0.12	 -1.11	  8.10	29 Game time (seconds): 7.549413 Stroke: 0
10	  0.5004	   8.4841	0.4427	0.5852	0.4425	0.5845	-1	0.2110	0.1900	1	9.4175	  0.4896	   2.2283	0.5411	0.6229	0.5408	0.6237	-1	0.2108	0.2009	1	9.4090	 -0.12	 -1.12	  8.10	30 Game time (seconds): 7.572248 Stroke: 0
777	  0.5198	MovieFrame	2	15
10	  0.5249	  24.5270	0.4425	0.5845	0.4425	0.5845	-1	0.2118	0.1916	1	9.4420	  0.5226	   2.1903	0.5421	0.6250	0.5416	0.6249	-1	0.2095	0.2055	1	9.4420	 -0.11	 -1.12	  8.09	31 Game time (seconds): 7.581994 Stroke: 0
10	  0.5337	   8.7787	0.4414	0.5867	0.4420	0.5854	-1	0.2110	0.1928	1	9.4508	  0.5226	   2.1903	0.5421	0.6250	0.5416	0.6249	-1	0.2095	0.2055	1	9.4420	 -0.12	 -1.13	  8.08	32 Game time (seconds): 7.603839 Stroke: 0
777	  0.5531	MovieFrame	2	16
10	  0.5582	  24.5785	0.4408	0.5859	0.4416	0.5856	-1	0.2119	0.1949	1	9.4753	  0.5560	   2.2036	0.5417	0.6249	0.5416	0.6253	-1	0.2103	0.2060	1	9.4754	 -0.12	 -1.13	  8.08	33 Game time (seconds): 7.612575 Stroke: 0
10	  0.5671	   8.8199	0.4401	0.5882	0.4410	0.5866	-1	0.2143	0.1963	1	9.4842	  0.5560	   2.2036	0.5417	0.6249	0.5416	0.6253	-1	0.2103	0.2060	1	9.4754	 -0.12	 -1.14	  8.07	34 Game time (seconds): 7.636088 Stroke: 0
777	  0.5867	MovieFrame	2	17
10	  0.5918	  24.7713	0.4397	0.5866	0.4405	0.5866	-1	0.2141	0.1959	1	9.5089	  0.5896	   2.1897	0.5411	0.6233	0.5413	0.6247	-1	0.2119	0.2098	1	9.5090	 -0.13	 -1.13	  8.06	35 Game time (seconds): 7.645362 Stroke: 0
10	  0.6005	   8.6654	0.4392	0.5878	0.4399	0.5871	-1	0.2137	0.1950	1	9.5176	  0.5896	   2.1897	0.5411	0.6233	0.5413	0.6247	-1	0.2119	0.2098	1	9.5090	 -0.13	 -1.13	  8.06	36 Game time (seconds): 7.673167 Stroke: 0
777	  0.6202	MovieFrame	2	18
10	  0.6252	  24.6854	0.4392	0.5861	0.4397	0.5867	-1	0.2151	0.1965	1	9.5423	  0.6229	   2.2444	0.5406	0.6224	0.5409	0.6239	-1	0.2138	0.2106	1	9.5423	 -0.14	 -1.13	  8.06	37 Game time (seconds): 7.68259 Stroke: 0
10	  0.6338	   8.6280	0.4393	0.5873	0.4395	0.5869	-1	0.2160	0.1976	1	9.5509	  0.6229	   2.2444	0.5406	0.6224	0.5409	0.6239	-1	0.2138	0.2106	1	9.5423	 -0.14	 -1.13	  8.06	38 Game time (seconds): 7.704889 Stroke: 0
777	  0.6531	MovieFrame	2	19
10	  0.6584	  24.6295	0.4390	0.5853	0.4393	0.5863	-1	0.2166	0.1983	1	9.5755	  0.6561	   2.2602	0.5412	0.6208	0.5410	0.6225	-1	0.2145	0.2115	1	9.5755	 -0.14	 -1.12	  8.05	39 Game time (seconds): 7.713501 Stroke: 0
10	  0.6672	   8.7646	0.4391	0.5858	0.4392	0.5861	-1	0.2179	0.1992	1	9.5843	  0.6561	   2.2602	0.5412	0.6208	0.5410	0.6225	-1	0.2145	0.2115	1	9.5755	 -0.14	 -1.12	  8.05	40 Game time (seconds): 7.74114 Stroke: 0
777	  0.6876	MovieFrame	2	20
10	  0.6921	  24.8681	0.4393	0.5831	0.4393	0.5849	-1	0.2181	0.2030	1	9.6092	  0.6897	   2.2115	0.5409	0.6207	0.5409	0.6217	-1	0.2162	0.2131	1	9.6091	 -0.14	 -1.11	  8.05	41 Game time (seconds): 7.750197 Stroke: 0
10	  0.7006	   8.4972	0.4394	0.5842	0.4393	0.5846	-1	0.2189	0.2045	1	9.6177	  0.6897	   2.2115	0.5409	0.6207	0.5409	0.6217	-1	0.2162	0.2131	1	9.6091	 -0.14	 -1.11	  8.05	42 Game time (seconds): 7.772429 Stroke: 0
777	  0.7203	MovieFrame	2	21
10	  0.7252	  24.6600	0.4395	0.5825	0.4394	0.5838	-1	0.2190	0.2028	1	9.6423	  0.7230	   2.2661	0.5413	0.6191	0.5411	0.6206	-1	0.2168	0.2143	1	9.6424	 -0.14	 -1.09	  8.05	43 Game time (seconds): 7.780988 Stroke: 0
10	  0.7340	   8.7433	0.4396	0.5836	0.4395	0.5837	-1	0.2207	0.2035	1	9.6511	  0.7230	   2.2661	0.5413	0.6191	0.5411	0.6206	-1	0.2168	0.2143	1	9.6424	 -0.14	 -1.09	  8.05	44 Game time (seconds): 7.805017 Stroke: 0
777	  0.7536	MovieFrame	2	22
10	  0.7587	  24.7311	0.4386	0.5511	0.4391	0.5707	-1	0.2192	0.2070	1	9.6758	  0.7564	   2.2594	0.5363	0.5642	0.5392	0.5982	-1	0.2182	0.2150	1	9.6758	 -0.16	 -0.90	  8.08	45 Game time (seconds): 7.813154 Stroke: 0
10	  0.7674	   8.6726	0.4436	0.4622	0.4409	0.5273	-1	0.2296	0.2177	1	9.6845	  0.7564	   2.2594	0.5363	0.5642	0.5392	0.5982	-1	0.2182	0.2150	1	9.6758	 -0.14	 -0.67	  8.10	46 Game time (seconds): 7.840644 Stroke: 0
777	  0.7868	MovieFrame	2	23
10	  0.7928	  25.4363	0.4521	0.4017	0.4454	0.4770	1	0.2585	0.2162	1	9.7099	  0.7905	   2.9931	0.5305	0.4608	0.5333	0.5165	1	0.2392	0.2231	1	9.7099	 -0.15	  0.03	  8.27	47 Game time (seconds): 7.848825 Stroke: 0
10	  0.8007	   7.8780	0.4444	0.4251	0.4450	0.4563	-1	0.2309	0.2193	1	9.7178	  0.7905	   2.9931	0.5305	0.4608	0.5333	0.5165	1	0.2392	0.2231	1	9.7099	 -0.15	  0.15	  8.26	48 Game time (seconds): 7.872323 Stroke: 0
777	  0.8199	MovieFrame	2	24
10	  0.8259	  25.2323	0.4444	0.4218	0.4448	0.4425	-1	0.2266	0.2196	1	9.7430	  0.8236	   2.9558	0.5340	0.4657	0.5335	0.4844	1	0.2359	0.2214	1	9.7431	 -0.16	  0.39	  8.26	49 Game time (seconds): 7.879581 Stroke: 0
10	  0.8340	   8.1120	0.4433	0.4261	0.4442	0.4359	-1	0.2236	0.2185	1	9.7511	  0.8236	   2.9558	0.5340	0.4657	0.5335	0.4844	1	0.2359	0.2214	1	9.7431	 -0.16	  0.43	  8.25	50 Game time (seconds): 7.906611 Stroke: 0
777	  0.8534	MovieFrame	2	25
10	  0.8586	  24.5938	0.4421	0.4254	0.4434	0.4317	-1	0.2240	0.2163	1	9.7757	  0.8563	   2.1687	0.5364	0.4673	0.5351	0.4740	1	0.2341	0.2186	1	9.7757	 -0.15	  0.51	  8.21	51 Game time (seconds): 7.914739 Stroke: 0
10	  0.8675	   8.8287	0.4412	0.4282	0.4425	0.4303	-1	0.2220	0.2161	1	9.7846	  0.8563	   2.1687	0.5364	0.4673	0.5351	0.4740	1	0.2341	0.2186	1	9.7757	 -0.16	  0.51	  8.19	52 Game time (seconds): 7.936476 Stroke: 0
777	  0.8878	MovieFrame	2	26
10	  0.8931	  25.5900	0.4405	0.4269	0.4417	0.4289	-1	0.2223	0.2171	1	9.8102	  0.8907	   2.9837	0.5396	0.4703	0.5378	0.4716	1	0.2346	0.2228	1	9.8102	 -0.15	  0.53	  8.14	53 Game time (seconds): 7.946309 Stroke: 0
10	  0.9008	   7.7383	0.4401	0.4298	0.4411	0.4293	-1	0.2218	0.2171	1	9.8179	  0.8907	   2.9837	0.5396	0.4703	0.5378	0.4716	1	0.2346	0.2228	1	9.8102	 -0.15	  0.53	  8.13	54 Game time (seconds): 7.972057 Stroke: 0
777	  0.9201	MovieFrame	2	27
10	  0.9259	  25.1137	0.4398	0.4282	0.4406	0.4289	-1	0.2240	0.2177	1	9.8430	  0.9236	   2.8731	0.5413	0.4701	0.5398	0.4710	1	0.2349	0.2265	1	9.8430	 -0.14	  0.54	  8.09	55 Game time (seconds): 7.980689 Stroke: 0
10	  0.9341	   8.2160	0.4394	0.4302	0.4401	0.4294	-1	0.2230	0.2172	1	9.8512	  0.9236	   2.8731	0.5413	0.4701	0.5398	0.4710	1	0.2349	0.2265	1	9.8430	 -0.14	  0.53	  8.08	56 Game time (seconds): 8.007271 Stroke: 0
777	  0.9538	MovieFrame	2	28
10	  0.9588	  24.6993	0.4390	0.4283	0.4397	0.4290	-1	0.2234	0.2175	1	9.8759	  0.9565	   2.2318	0.5425	0.4704	0.5414	0.4711	1	0.2345	0.2258	1	9.8759	 -0.14	  0.54	  8.05	57 Game time (seconds): 8.016142 Stroke: 0
10	  0.9675	   8.7030	0.4355	0.4205	0.4380	0.4256	-1	0.2245	0.2189	1	9.8846	  0.9565	   2.2318	0.5425	0.4704	0.5414	0.4711	1	0.2345	0.2258	1	9.8759	 -0.15	  0.55	  8.03	58 Game time (seconds): 8.037327 Stroke: 0
777	  0.9869	MovieFrame	2	29
10	  0.9920	  24.4949	0.4337	0.4135	0.4363	0.4207	-1	0.2236	0.2175	1	9.9091	  0.9897	   2.1925	0.5323	0.4593	0.5360	0.4637	1	0.2361	0.2243	1	9.9091	 -0.20	  0.62	  8.08	59 Game time (seconds): 8.046388 Stroke: 0
10	  1.0008	   8.8042	0.4329	0.4176	0.4349	0.4195	-1	0.2222	0.2164	1	9.9179	  0.9897	   2.1925	0.5323	0.4593	0.5360	0.4637	1	0.2361	0.2243	1	9.9091	 -0.21	  0.63	  8.06	60 Game time (seconds): 8.073734 Stroke: 0
777	  1.0200	MovieFrame	2	30
10	  1.0252	  24.3952	0.4318	0.4150	0.4337	0.4177	-1	0.2241	0.2168	1	9.9423	  1.0229	   2.1494	0.5344	0.4587	0.5348	0.4611	1	0.2370	0.2246	1	9.9423	 -0.23	  0.65	  8.06	61 Game time (seconds): 8.0818 Stroke: 0
10	  1.0342	   8.9317	0.4316	0.4159	0.4328	0.4170	-1	0.2250	0.2171	1	9.9512	  1.0229	   2.1494	0.5344	0.4587	0.5348	0.4611	1	0.2370	0.2246	1	9.9423	 -0.23	  0.65	  8.05	62 Game time (seconds): 8.103723 Stroke: 0
777	  1.0540	MovieFrame	2	31
10	  1.0589	  24.7751	0.4313	0.4186	0.4322	0.4176	-1	0.2237	0.2205	1	9.9760	  1.0566	   2.2116	0.5283	0.4782	0.5322	0.4677	1	0.2376	0.2251	1	9.9760	 -0.25	  0.61	  8.08	63 Game time (seconds): 8.112578 Stroke: 0
10	  1.0676	   8.6286	0.4252	0.5074	0.4294	0.4535	-1	0.2176	0.2087	1	9.9847	  1.0566	   2.2116	0.5283	0.4782	0.5322	0.4677	1	0.2376	0.2251	1	9.9760	 -0.27	  0.42	  8.03	64 Game time (seconds): 8.138568 Stroke: 0
777	  1.0871	MovieFrame	2	32
10	  1.0923	  24.7585	0.4367	0.5868	0.4323	0.5069	-1	0.2199	0.1994	1	10.0094	  1.0900	   2.2680	0.5065	0.6441	0.5154	0.5644	1	0.2325	0.2138	1	10.0094	 -0.37	 -0.38	  8.35	65 Game time (seconds): 8.147367 Stroke: 0
10	  1.1010	   8.6973	0.4397	0.6180	0.4353	0.5513	-1	0.2235	0.2008	1	10.0181	  1.0900	   2.2680	0.5065	0.6441	0.5154	0.5644	1	0.2325	0.2138	1	10.0094	 -0.35	 -0.62	  8.40	66 Game time (seconds): 8.171082 Stroke: 0
777	  1.1205	MovieFrame	2	33
10	  1.1257	  24.7063	0.4362	0.6080	0.4356	0.5740	-1	0.2218	0.2012	1	10.0428	  1.1241	   2.8843	0.5165	0.6512	0.5155	0.6205	-1	0.2313	0.2150	1	10.0435	 -0.35	 -1.04	  8.40	67 Game time (seconds): 8.182718 Stroke: 0
10	  1.1343	   8.5455	0.4335	0.6122	0.4348	0.5893	-1	0.2245	0.1982	1	10.0514	  1.1241	   2.8843	0.5165	0.6512	0.5155	0.6205	-1	0.2313	0.2150	1	10.0435	 -0.35	 -1.12	  8.39	68 Game time (seconds): 8.206306 Stroke: 0
777	  1.1538	MovieFrame	2	34
10	  1.1590	  24.7532	0.4320	0.6113	0.4337	0.5981	-1	0.2228	0.1995	1	10.0761	  1.1567	   2.2284	0.5198	0.6508	0.5178	0.6402	-1	0.2305	0.2124	1	10.0761	 -0.35	 -1.28	  8.33	69 Game time (seconds): 8.214492 Stroke: 0
10	  1.1676	   8.5851	0.4305	0.6131	0.4324	0.6041	-1	0.2221	0.1984	1	10.0847	  1.1567	   2.2284	0.5198	0.6508	0.5178	0.6402	-1	0.2305	0.2124	1	10.0761	 -0.36	 -1.31	  8.31	70 Game time (seconds): 8.236211 Stroke: 0
777	  1.1874	MovieFrame	2	35
10	  1.1925	  24.9072	0.4292	0.6119	0.4311	0.6072	-1	0.2227	0.1985	1	10.1096	  1.1902	   2.2630	0.5216	0.6525	0.5201	0.6483	-1	0.2286	0.2111	1	10.1096	 -0.35	 -1.37	  8.25	71 Game time (seconds): 8.246194 Stroke: 0
10	  1.2010	   8.5063	0.4280	0.6163	0.4299	0.6108	-1	0.2224	0.2017	1	10.1181	  1.1902	   2.2630	0.5216	0.6525	0.5201	0.6483	-1	0.2286	0.2111	1	10.1096	 -0.36	 -1.39	  8.23	72 Game time (seconds): 8.272523 Stroke: 0
777	  1.2211	MovieFrame	2	36
10	  1.2259	  24.9095	0.4278	0.6117	0.4291	0.6112	-1	0.2220	0.1988	1	10.1430	  1.2236	   2.1806	0.5246	0.6466	0.5226	0.6488	-1	0.2254	0.2114	1	10.1430	 -0.35	 -1.39	  8.18	73 Game time (seconds): 8.280749 Stroke: 0
10	  1.2345	   8.5280	0.4367	0.5903	0.4321	0.6028	-1	0.2216	0.2064	1	10.1515	  1.2236	   2.1806	0.5246	0.6466	0.5226	0.6488	-1	0.2254	0.2114	1	10.1430	 -0.32	 -1.35	  8.23	74 Game time (seconds): 8.306603 Stroke: 0
777	  1.2549	MovieFrame	2	37
10	  1.2591	  24.6749	0.4368	0.5907	0.4340	0.5980	-1	0.2227	0.2000	1	10.1762	  1.2573	   2.6608	0.5256	0.6308	0.5245	0.6375	-1	0.2255	0.2105	1	10.1767	 -0.30	 -1.26	  8.23	75 Game time (seconds): 8.315421 Stroke: 0
10	  1.2678	   8.6349	0.4340	0.5899	0.4340	0.5948	-1	0.2234	0.1979	1	10.1849	  1.2573	   2.6608	0.5256	0.6308	0.5245	0.6375	-1	0.2255	0.2105	1	10.1767	 -0.30	 -1.24	  8.23	76 Game time (seconds): 8.33791 Stroke: 0
777	  1.2873	MovieFrame	2	38
10	  1.2924	  24.6809	0.4337	0.5880	0.4339	0.5920	-1	0.2235	0.1960	1	10.2095	  1.2901	   2.2292	0.5273	0.6301	0.5265	0.6329	-1	0.2216	0.2098	1	10.2095	 -0.28	 -1.21	  8.19	77 Game time (seconds): 8.34861 Stroke: 0
10	  1.3011	   8.6564	0.4338	0.5894	0.4338	0.5910	-1	0.2234	0.1971	1	10.2182	  1.2901	   2.2292	0.5273	0.6301	0.5265	0.6329	-1	0.2216	0.2098	1	10.2095	 -0.28	 -1.20	  8.19	78 Game time (seconds): 8.37153 Stroke: 0
777	  1.3206	MovieFrame	2	39
10	  1.3261	  24.9753	0.4325	0.5867	0.4333	0.5893	-1	0.2205	0.1989	1	10.2432	  1.3235	   2.1185	0.5312	0.6288	0.5291	0.6306	-1	0.2168	0.2050	1	10.2429	 -0.27	 -1.18	  8.14	79 Game time (seconds): 8.380201 Stroke: 0
10	  1.3345	   8.3810	0.4329	0.5875	0.4332	0.5885	-1	0.2216	0.1998	1	10.2516	  1.3235	   2.1185	0.5312	0.6288	0.5291	0.6306	-1	0.2168	0.2050	1	10.2429	 -0.27	 -1.17	  8.14	80 Game time (seconds): 8.40181 Stroke: 0
777	  1.3541	MovieFrame	2	40
10	  1.3593	  24.8806	0.4333	0.5844	0.4332	0.5869	-1	0.2218	0.2008	1	10.2764	  1.3570	   2.2473	0.5309	0.6274	0.5305	0.6289	-1	0.2190	0.2098	1	10.2764	 -0.26	 -1.16	  8.12	81 Game time (seconds): 8.41276 Stroke: 0
10	  1.3678	   8.4422	0.4337	0.5846	0.4334	0.5860	-1	0.2207	0.1993	1	10.2849	  1.3570	   2.2473	0.5309	0.6274	0.5305	0.6289	-1	0.2190	0.2098	1	10.2764	 -0.26	 -1.15	  8.12	82 Game time (seconds): 8.4364 Stroke: 0
777	  1.3874	MovieFrame	2	41
10	  1.3925	  24.6976	0.4344	0.5823	0.4338	0.5845	-1	0.2194	0.2011	1	10.3096	  1.3902	   2.1618	0.5327	0.6263	0.5319	0.6276	-1	0.2193	0.2093	1	10.3096	 -0.25	 -1.14	  8.11	83 Game time (seconds): 8.447648 Stroke: 0
10	  1.4012	   8.6952	0.4345	0.5830	0.4341	0.5839	-1	0.2180	0.1990	1	10.3183	  1.3902	   2.1618	0.5327	0.6263	0.5319	0.6276	-1	0.2193	0.2093	1	10.3096	 -0.24	 -1.13	  8.11	84 Game time (seconds): 8.469694 Stroke: 0
777	  1.4209	MovieFrame	2	42
10	  1.4260	  24.8363	0.4348	0.5809	0.4344	0.5827	-1	0.2176	0.2006	1	10.3431	  1.4237	   2.1923	0.5338	0.6242	0.5329	0.6263	-1	0.2157	0.2080	1	10.3431	 -0.23	 -1.12	  8.10	85 Game time (seconds): 8.479501 Stroke: 0
10	  1.4346	   8.6097	0.4348	0.5822	0.4345	0.5825	-1	0.2176	0.1986	1	10.3517	  1.4237	   2.1923	0.5338	0.6242	0.5329	0.6263	-1	0.2157	0.2080	1	10.3431	 -0.23	 -1.12	  8.10	86 Game time (seconds): 8.506937 Stroke: 0
777	  1.4541	MovieFrame	2	43
10	  1.4595	  24.8513	0.4351	0.5802	0.4348	0.5816	-1	0.2164	0.2003	1	10.3766	  1.4572	   2.2093	0.5340	0.6236	0.5336	0.6251	-1	0.2145	0.2080	1	10.3766	 -0.23	 -1.11	  8.09	87 Game time (seconds): 8.51609 Stroke: 0
10	  1.4680	   8.4900	0.4355	0.5820	0.4351	0.5818	-1	0.2170	0.1987	1	10.3851	  1.4572	   2.2093	0.5340	0.6236	0.5336	0.6251	-1	0.2145	0.2080	1	10.3766	 -0.22	 -1.11	  8.10	88 Game time (seconds): 8.536551 Stroke: 0
777	  1.4882	MovieFrame	2	44
10	  1.4927	  24.7655	0.4362	0.5793	0.4355	0.5808	-1	0.2153	0.1973	1	10.4098	  1.4905	   2.1493	0.5345	0.6240	0.5342	0.6247	-1	0.2150	0.2084	1	10.4099	 -0.22	 -1.10	  8.10	89 Game time (seconds): 8.547005 Stroke: 0
10	  1.5013	   8.5618	0.4339	0.5646	0.4349	0.5743	-1	0.2150	0.1971	1	10.4184	  1.4905	   2.1493	0.5345	0.6240	0.5342	0.6247	-1	0.2150	0.2084	1	10.4099	 -0.22	 -1.07	  8.09	90 Game time (seconds): 8.570432 Stroke: 0
777	  1.5211	MovieFrame	2	45
10	  1.5260	  24.6969	0.4356	0.4778	0.4351	0.5357	-1	0.2191	0.2111	1	10.4431	  1.5236	   2.1660	0.5194	0.5110	0.5268	0.5714	-1	0.2250	0.2174	1	10.4430	 -0.27	 -0.57	  8.21	91 Game time (seconds): 8.579863 Stroke: 0
10	  1.5346	   8.6184	0.4475	0.3998	0.4401	0.4813	-1	0.2580	0.2093	1	10.4517	  1.5236	   2.1660	0.5194	0.5110	0.5268	0.5714	-1	0.2250	0.2174	1	10.4430	 -0.24	 -0.28	  8.29	92 Game time (seconds): 8.607698 Stroke: 0
777	  1.5546	MovieFrame	2	46
10	  1.5594	  24.7759	0.4411	0.4012	0.4405	0.4493	-1	0.2264	0.2133	1	10.4765	  1.5571	   2.1688	0.5213	0.4619	0.5228	0.5014	1	0.2244	0.2166	1	10.4765	 -0.26	  0.26	  8.36	93 Game time (seconds): 8.612594 Stroke: 0
10	  1.5681	   8.6746	0.4395	0.4092	0.4401	0.4332	-1	0.2181	0.2143	1	10.4851	  1.5571	   2.1688	0.5213	0.4619	0.5228	0.5014	1	0.2244	0.2166	1	10.4765	 -0.26	  0.35	  8.35	94 Game time (seconds): 8.639942 Stroke: 0
777	  1.5879	MovieFrame	2	47
10	  1.5926	  24.5370	0.4390	0.4089	0.4396	0.4235	-1	0.2161	0.2117	1	10.5097	  1.5904	   2.1861	0.5237	0.4637	0.5232	0.4775	1	0.2218	0.2154	1	10.5098	 -0.27	  0.53	  8.34	95 Game time (seconds): 8.644054 Stroke: 0
10	  1.6014	   8.7666	0.4375	0.4125	0.4388	0.4191	-1	0.2135	0.2112	1	10.5185	  1.5904	   2.1861	0.5237	0.4637	0.5232	0.4775	1	0.2218	0.2154	1	10.5098	 -0.27	  0.55	  8.33	96 Game time (seconds): 8.672447 Stroke: 0
777	  1.6209	MovieFrame	2	48
10	  1.6262	  24.8170	0.4366	0.4103	0.4379	0.4156	-1	0.2128	0.2101	1	10.5433	  1.6238	   2.2172	0.5267	0.4635	0.5254	0.4693	1	0.2223	0.2172	1	10.5432	 -0.26	  0.62	  8.28	97 Game time (seconds): 8.680911 Stroke: 0
10	  1.6348	   8.5824	0.4360	0.4126	0.4371	0.4144	-1	0.2119	0.2082	1	10.5519	  1.6238	   2.2172	0.5267	0.4635	0.5254	0.4693	1	0.2223	0.2172	1	10.5432	 -0.27	  0.62	  8.26	98 Game time (seconds): 8.707039 Stroke: 0
777	  1.6543	MovieFrame	2	49
10	  1.6594	  24.6545	0.4352	0.4105	0.4364	0.4128	-1	0.2136	0.2102	1	10.5765	  1.6572	   2.2428	0.5298	0.4661	0.5279	0.4676	1	0.2224	0.2172	1	10.5766	 -0.25	  0.64	  8.21	99 Game time (seconds): 8.716477 Stroke: 0
10	  1.6682	   8.7513	0.4342	0.4138	0.4355	0.4132	-1	0.2124	0.2088	1	10.5853	  1.6572	   2.2428	0.5298	0.4661	0.5279	0.4676	1	0.2224	0.2172	1	10.5766	 -0.26	  0.64	  8.20	100 Game time (seconds): 8.736502 Stroke: 0
777	  1.6879	MovieFrame	2	50
10	  1.6931	  24.9043	0.4350	0.4114	0.4353	0.4125	-1	0.2097	0.2066	1	10.6102	  1.6906	   2.2236	0.5313	0.4681	0.5299	0.4682	1	0.2259	0.2190	1	10.6100	 -0.25	  0.64	  8.16	101 Game time (seconds): 8.7474 Stroke: 0
10	  1.7015	   8.4179	0.4333	0.4140	0.4345	0.4131	-1	0.2125	0.2102	1	10.6186	  1.6906	   2.2236	0.5313	0.4681	0.5299	0.4682	1	0.2259	0.2190	1	10.6100	 -0.25	  0.64	  8.15	102 Game time (seconds): 8.770083 Stroke: 0
777	  1.7213	MovieFrame	2	51
10	  1.7263	  24.7711	0.4336	0.4120	0.4341	0.4127	-1	0.2104	0.2076	1	10.6434	  1.7240	   2.1911	0.5314	0.4680	0.5308	0.4689	1	0.2287	0.2188	1	10.6434	 -0.25	  0.63	  8.13	103 Game time (seconds): 8.778799 Stroke: 0
10	  1.7348	   8.5953	0.4341	0.4129	0.4341	0.4128	-1	0.2137	0.2114	1	10.6519	  1.7240	   2.1911	0.5314	0.4680	0.5308	0.4689	1	0.2287	0.2188	1	10.6434	 -0.25	  0.63	  8.13	104 Game time (seconds): 8.803453 Stroke: 0
777	  1.7550	MovieFrame	2	52
10	  1.7597	  24.8574	0.4358	0.4097	0.4348	0.4116	-1	0.2112	0.2098	1	10.6768	  1.7574	   2.1771	0.5325	0.4664	0.5321	0.4680	1	0.2322	0.2184	1	10.6768	 -0.24	  0.65	  8.12	105 Game time (seconds): 8.814274 Stroke: 0
10	  1.7682	   8.5409	0.4334	0.4140	0.4342	0.4125	-1	0.2150	0.2130	1	10.6853	  1.7574	   2.1771	0.5325	0.4664	0.5321	0.4680	1	0.2322	0.2184	1	10.6768	 -0.24	  0.64	  8.11	106 Game time (seconds): 8.840437 Stroke: 0
777	  1.7880	MovieFrame	2	53
10	  1.7930	  24.7912	0.4317	0.4123	0.4332	0.4124	-1	0.2183	0.2143	1	10.7101	  1.7908	   2.1626	0.5326	0.4688	0.5325	0.4689	1	0.2281	0.2190	1	10.7102	 -0.25	  0.64	  8.09	107 Game time (seconds): 8.846511 Stroke: 0
10	  1.8015	   8.5089	0.4306	0.4163	0.4322	0.4140	-1	0.2199	0.2164	1	10.7186	  1.7908	   2.1626	0.5326	0.4688	0.5325	0.4689	1	0.2281	0.2190	1	10.7102	 -0.25	  0.63	  8.07	108 Game time (seconds): 8.874221 Stroke: 0
777	  1.8213	MovieFrame	2	54
10	  1.8265	  24.9371	0.4303	0.4126	0.4314	0.4134	-1	0.2174	0.2161	1	10.7436	  1.8241	   2.2648	0.5318	0.4664	0.5322	0.4682	1	0.2337	0.2196	1	10.7435	 -0.26	  0.63	  8.07	109 Game time (seconds): 8.883031 Stroke: 0
10	  1.8349	   8.3905	0.4309	0.4147	0.4312	0.4140	-1	0.2151	0.2125	1	10.7520	  1.8241	   2.2648	0.5318	0.4664	0.5322	0.4682	1	0.2337	0.2196	1	10.7435	 -0.26	  0.63	  8.06	110 Game time (seconds): 8.902839 Stroke: 0
777	  1.8545	MovieFrame	2	55
10	  1.8596	  24.6874	0.4298	0.4142	0.4307	0.4141	-1	0.2186	0.2165	1	10.7767	  1.8572	   2.2122	0.5329	0.4670	0.5324	0.4678	1	0.2333	0.2195	1	10.7767	 -0.26	  0.63	  8.05	111 Game time (seconds): 8.913294 Stroke: 0
10	  1.8683	   8.7103	0.4295	0.4158	0.4302	0.4148	-1	0.2203	0.2177	1	10.7854	  1.8572	   2.2122	0.5329	0.4670	0.5324	0.4678	1	0.2333	0.2195	1	10.7767	 -0.27	  0.63	  8.04	112 Game time (seconds): 8.940291 Stroke: 0
777	  1.8879	MovieFrame	2	56
10	  1.8932	  24.8894	0.4302	0.4131	0.4302	0.4141	-1	0.2176	0.2153	1	10.8103	  1.8908	   2.2025	0.5330	0.4681	0.5327	0.4681	1	0.2327	0.2202	1	10.8102	 -0.27	  0.63	  8.04	113 Game time (seconds): 8.94672 Stroke: 0
10	  1.9018	   8.6305	0.4298	0.4156	0.4300	0.4147	-1	0.2198	0.2177	1	10.8189	  1.8908	   2.2025	0.5330	0.4681	0.5327	0.4681	1	0.2327	0.2202	1	10.8102	 -0.27	  0.63	  8.04	114 Game time (seconds): 8.972199 Stroke: 0
777	  1.9215	MovieFrame	2	57
10	  1.9264	  24.6423	0.4305	0.4119	0.4302	0.4136	-1	0.2163	0.2143	1	10.8435	  1.9241	   2.1139	0.5343	0.4679	0.5335	0.4688	1	0.2340	0.2191	1	10.8435	 -0.26	  0.63	  8.03	115 Game time (seconds): 8.981645 Stroke: 0
10	  1.9351	   8.6214	0.4307	0.4135	0.4304	0.4136	-1	0.2176	0.2168	1	10.8522	  1.9241	   2.1139	0.5343	0.4679	0.5335	0.4688	1	0.2340	0.2191	1	10.8435	 -0.26	  0.63	  8.03	116 Game time (seconds): 9.001292 Stroke: 0
777	  1.9548	MovieFrame	2	58
10	  1.9598	  24.7221	0.4310	0.4106	0.4307	0.4124	-1	0.2167	0.2137	1	10.8769	  1.9576	   2.2035	0.5340	0.4679	0.5339	0.4685	1	0.2323	0.2184	1	10.8770	 -0.25	  0.64	  8.03	117 Game time (seconds): 9.016572 Stroke: 0
10	  1.9683	   8.5392	0.4309	0.4120	0.4307	0.4122	-1	0.2171	0.2154	1	10.8854	  1.9576	   2.2035	0.5340	0.4679	0.5339	0.4685	1	0.2323	0.2184	1	10.8770	 -0.25	  0.64	  8.03	118 Game time (seconds): 9.036716 Stroke: 0
777	  1.9880	MovieFrame	2	59
10	  1.9932	  24.9030	0.4307	0.4103	0.4307	0.4115	-1	0.2181	0.2171	1	10.9103	  1.9909	   2.1893	0.5342	0.4677	0.5341	0.4683	1	0.2318	0.2180	1	10.9103	 -0.25	  0.64	  8.02	119 Game time (seconds): 9.047012 Stroke: 0
10	  2.0018	   8.5840	0.4309	0.4134	0.4308	0.4122	-1	0.2171	0.2138	1	10.9189	  1.9909	   2.1893	0.5342	0.4677	0.5341	0.4683	1	0.2318	0.2180	1	10.9103	 -0.25	  0.64	  8.03	120 Game time (seconds): 9.073752 Stroke: 0
777	  2.0218	MovieFrame	2	60
10	  2.0267	  24.8736	0.4280	0.4117	0.4297	0.4120	-1	0.2181	0.2158	1	10.9438	  2.0243	   2.1044	0.5287	0.4676	0.5320	0.4682	1	0.2299	0.2209	1	10.9437	 -0.27	  0.64	  8.04	121 Game time (seconds): 9.083137 Stroke: 0
10	  2.0351	   8.4457	0.4229	0.4118	0.4270	0.4119	-1	0.2162	0.2140	1	10.9522	  2.0243	   2.1044	0.5287	0.4676	0.5320	0.4682	1	0.2299	0.2209	1	10.9437	 -0.29	  0.64	  8.00	122 Game time (seconds): 9.10402 Stroke: 0
777	  2.0549	MovieFrame	2	61
10	  2.0599	  24.8036	0.4233	0.4108	0.4255	0.4115	-1	0.2169	0.2137	1	10.9770	  2.0575	   2.1955	0.5280	0.4651	0.5293	0.4668	1	0.2344	0.2223	1	10.9769	 -0.32	  0.65	  8.02	123 Game time (seconds): 9.114856 Stroke: 0
10	  2.0685	   8.5383	0.4231	0.4124	0.4245	0.4118	-1	0.2155	0.2127	1	10.9856	  2.0575	   2.1955	0.5280	0.4651	0.5293	0.4668	1	0.2344	0.2223	1	10.9769	 -0.33	  0.65	  8.00	124 Game time (seconds): 9.141018 Stroke: 0
777	  2.0882	MovieFrame	2	62
10	  2.0934	  24.8882	0.4227	0.4108	0.4238	0.4114	-1	0.2163	0.2147	1	11.0105	  2.0911	   2.2201	0.5286	0.4648	0.5287	0.4661	1	0.2338	0.2208	1	11.0105	 -0.34	  0.66	  8.00	125 Game time (seconds): 9.146749 Stroke: 0
10	  2.1018	   8.4702	0.4226	0.4126	0.4233	0.4119	-1	0.2168	0.2154	1	11.0189	  2.0911	   2.2201	0.5286	0.4648	0.5287	0.4661	1	0.2338	0.2208	1	11.0105	 -0.34	  0.65	  7.99	126 Game time (seconds): 9.173531 Stroke: 0
777	  2.1218	MovieFrame	2	63
10	  2.1268	  24.9369	0.4230	0.4110	0.4232	0.4115	-1	0.2155	0.2136	1	11.0439	  2.1245	   2.1622	0.5289	0.4647	0.5287	0.4657	1	0.2335	0.2210	1	11.0439	 -0.34	  0.66	  7.99	127 Game time (seconds): 9.181608 Stroke: 0
10	  2.1352	   8.3907	0.4236	0.4142	0.4233	0.4126	-1	0.2127	0.2108	1	11.0522	  2.1245	   2.1622	0.5289	0.4647	0.5287	0.4657	1	0.2335	0.2210	1	11.0439	 -0.34	  0.65	  7.99	128 Game time (seconds): 9.207372 Stroke: 0
777	  2.1549	MovieFrame	2	64
10	  2.1599	  24.7395	0.4229	0.4105	0.4232	0.4118	-1	0.2146	0.2145	1	11.0770	  2.1575	   2.1001	0.5296	0.4641	0.5291	0.4654	1	0.2317	0.2214	1	11.0769	 -0.34	  0.66	  7.99	129 Game time (seconds): 9.216164 Stroke: 0
10	  2.1686	   8.6893	0.4225	0.4116	0.4229	0.4117	-1	0.2162	0.2151	1	11.0857	  2.1575	   2.1001	0.5296	0.4641	0.5291	0.4654	1	0.2317	0.2214	1	11.0769	 -0.34	  0.66	  7.98	130 Game time (seconds): 9.236923 Stroke: 0
777	  2.1883	MovieFrame	2	65
10	  2.1934	  24.8383	0.4230	0.4101	0.4230	0.4111	-1	0.2154	0.2138	1	11.1105	  2.1912	   2.2191	0.5298	0.4636	0.5296	0.4646	1	0.2316	0.2214	1	11.1106	 -0.34	  0.67	  7.98	131 Game time (seconds): 9.248073 Stroke: 0
10	  2.2019	   8.5014	0.4226	0.4112	0.4228	0.4111	-1	0.2158	0.2147	1	11.1190	  2.1912	   2.2191	0.5298	0.4636	0.5296	0.4646	1	0.2316	0.2214	1	11.1106	 -0.34	  0.67	  7.97	132 Game time (seconds): 9.271029 Stroke: 0
777	  2.2218	MovieFrame	2	66
10	  2.2267	  24.7514	0.4232	0.4084	0.4230	0.4100	-1	0.2168	0.2159	1	11.1438	  2.2244	   2.1616	0.5301	0.4625	0.5299	0.4637	1	0.2321	0.2216	1	11.1438	 -0.34	  0.68	  7.97	133 Game time (seconds): 9.281084 Stroke: 0
10	  2.2354	   8.6971	0.4227	0.4102	0.4229	0.4101	-1	0.2151	0.2149	1	11.1525	  2.2244	   2.1616	0.5301	0.4625	0.5299	0.4637	1	0.2321	0.2216	1	11.1438	 -0.34	  0.68	  7.97	134 Game time (seconds): 9.301969 Stroke: 0
777	  2.2551	MovieFrame	2	67
10	  2.2602	  24.7851	0.4231	0.4071	0.4230	0.4089	-1	0.2137	0.2121	1	11.1773	  2.2579	   2.1298	0.5299	0.4614	0.5299	0.4627	1	0.2319	0.2204	1	11.1773	 -0.34	  0.69	  7.97	135 Game time (seconds): 9.313265 Stroke: 0
10	  2.2687	   8.5225	0.4226	0.4086	0.4228	0.4088	-1	0.2139	0.2139	1	11.1858	  2.2579	   2.1298	0.5299	0.4614	0.5299	0.4627	1	0.2319	0.2204	1	11.1773	 -0.34	  0.69	  7.97	136 Game time (seconds): 9.337379 Stroke: 0
777	  2.2884	MovieFrame	2	68
10	  2.2935	  24.8532	0.4222	0.4056	0.4226	0.4075	-1	0.2180	0.2147	1	11.2106	  2.2914	   2.2987	0.5303	0.4605	0.5302	0.4616	1	0.2321	0.2209	1	11.2108	 -0.34	  0.70	  7.96	137 Game time (seconds): 9.347618 Stroke: 0
10	  2.3021	   8.5614	0.4222	0.4078	0.4224	0.4076	-1	0.2146	0.2144	1	11.2192	  2.2914	   2.2987	0.5303	0.4605	0.5302	0.4616	1	0.2321	0.2209	1	11.2108	 -0.34	  0.70	  7.96	138 Game time (seconds): 9.373816 Stroke: 0
777	  2.3217	MovieFrame	2	69
10	  2.3276	  25.5540	0.4222	0.4057	0.4223	0.4069	-1	0.2180	0.2149	1	11.2447	  2.3254	   3.0669	0.5303	0.4595	0.5303	0.4609	1	0.2359	0.2238	1	11.2448	 -0.34	  0.71	  7.96	139 Game time (seconds): 9.383155 Stroke: 0
10	  2.3354	   7.7543	0.4223	0.4100	0.4223	0.4081	-1	0.2155	0.2136	1	11.2525	  2.3254	   3.0669	0.5303	0.4595	0.5303	0.4609	1	0.2359	0.2238	1	11.2448	 -0.34	  0.70	  7.96	140 Game time (seconds): 9.408318 Stroke: 0
777	  2.3552	MovieFrame	2	70
10	  2.3604	  24.9881	0.4220	0.4094	0.4222	0.4086	-1	0.2165	0.2151	1	11.2775	  2.3581	   2.2593	0.5314	0.4615	0.5308	0.4616	1	0.2360	0.2249	1	11.2775	 -0.34	  0.70	  7.95	141 Game time (seconds): 9.412647 Stroke: 0
10	  2.3688	   8.4271	0.4215	0.4116	0.4219	0.4098	-1	0.2172	0.2164	1	11.2859	  2.3581	   2.2593	0.5314	0.4615	0.5308	0.4616	1	0.2360	0.2249	1	11.2775	 -0.34	  0.69	  7.94	142 Game time (seconds): 9.438083 Stroke: 0
777	  2.3885	MovieFrame	2	71
10	  2.3945	  25.6973	0.4220	0.4110	0.4220	0.4103	-1	0.2165	0.2152	1	11.3116	  2.3922	   3.0047	0.5313	0.4648	0.5310	0.4638	1	0.2369	0.2229	1	11.3116	 -0.34	  0.67	  7.94	143 Game time (seconds): 9.44851 Stroke: 0
10	  2.4022	   7.6791	0.4218	0.4139	0.4219	0.4117	-1	0.2185	0.2145	1	11.3193	  2.3922	   3.0047	0.5313	0.4648	0.5310	0.4638	1	0.2369	0.2229	1	11.3116	 -0.34	  0.67	  7.94	144 Game time (seconds): 9.474654 Stroke: 0
777	  2.4219	MovieFrame	2	72
10	  2.4269	  24.7575	0.4220	0.4125	0.4219	0.4120	-1	0.2157	0.2143	1	11.3440	  2.4247	   2.2493	0.5322	0.4654	0.5317	0.4654	1	0.2369	0.2234	1	11.3441	 -0.33	  0.66	  7.93	145 Game time (seconds): 9.479435 Stroke: 0
10	  2.4356	   8.6748	0.4214	0.4155	0.4217	0.4134	-1	0.2195	0.2159	1	11.3527	  2.4247	   2.2493	0.5322	0.4654	0.5317	0.4654	1	0.2369	0.2234	1	11.3441	 -0.33	  0.65	  7.92	146 Game time (seconds): 9.507808 Stroke: 0
777	  2.4553	MovieFrame	2	73
10	  2.4610	  25.3641	0.4219	0.4131	0.4218	0.4133	-1	0.2163	0.2147	1	11.3781	  2.4586	   2.8662	0.5316	0.4660	0.5318	0.4665	1	0.2362	0.2221	1	11.3780	 -0.33	  0.64	  7.92	147 Game time (seconds): 9.51635 Stroke: 0
10	  2.4690	   7.9882	0.4212	0.4156	0.4216	0.4142	-1	0.2204	0.2165	1	11.3861	  2.4586	   2.8662	0.5316	0.4660	0.5318	0.4665	1	0.2362	0.2221	1	11.3780	 -0.33	  0.64	  7.92	148 Game time (seconds): 9.54164 Stroke: 0
777	  2.4887	MovieFrame	2	74
10	  2.4944	  25.4534	0.4219	0.4127	0.4217	0.4136	-1	0.2165	0.2155	1	11.4115	  2.4922	   2.9341	0.5318	0.4653	0.5318	0.4662	1	0.2374	0.2224	1	11.4116	 -0.33	  0.64	  7.92	149 Game time (seconds): 9.547918 Stroke: 0
10	  2.5021	   7.7039	0.4216	0.4152	0.4217	0.4143	-1	0.2203	0.2156	1	11.4192	  2.4922	   2.9341	0.5318	0.4653	0.5318	0.4662	1	0.2374	0.2224	1	11.4116	 -0.33	  0.64	  7.92	150 Game time (seconds): 9.574913 Stroke: 0
777	  2.5219	MovieFrame	2	75
10	  2.5270	  24.9014	0.4224	0.4122	0.4219	0.4135	-1	0.2168	0.2145	1	11.4441	  2.5248	   2.2335	0.5323	0.4644	0.5321	0.4654	1	0.2386	0.2238	1	11.4442	 -0.33	  0.65	  7.92	151 Game time (seconds): 9.583674 Stroke: 0
10	  2.5356	   8.5411	0.4223	0.4153	0.4221	0.4142	-1	0.2212	0.2155	1	11.4527	  2.5248	   2.2335	0.5323	0.4644	0.5321	0.4654	1	0.2386	0.2238	1	11.4442	 -0.33	  0.65	  7.92	152 Game time (seconds): 9.604183 Stroke: 0
777	  2.5554	MovieFrame	2	76
10	  2.5603	  24.7337	0.4237	0.4125	0.4227	0.4135	-1	0.2215	0.2170	1	11.4774	  2.5580	   2.1828	0.5337	0.4643	0.5329	0.4650	1	0.2393	0.2239	1	11.4774	 -0.32	  0.65	  7.92	153 Game time (seconds): 9.614747 Stroke: 0
10	  2.5690	   8.6988	0.4245	0.4143	0.4235	0.4138	-1	0.2213	0.2152	1	11.4861	  2.5580	   2.1828	0.5337	0.4643	0.5329	0.4650	1	0.2393	0.2239	1	11.4774	 -0.31	  0.65	  7.93	154 Game time (seconds): 9.640656 Stroke: 0
777	  2.5887	MovieFrame	2	77
10	  2.5937	  24.6821	0.4247	0.4121	0.4239	0.4131	-1	0.2211	0.2173	1	11.5108	  2.5914	   2.1962	0.5360	0.4659	0.5347	0.4660	1	0.2384	0.2222	1	11.5108	 -0.30	  0.65	  7.91	155 Game time (seconds): 9.646946 Stroke: 0
10	  2.6024	   8.6909	0.4252	0.4137	0.4244	0.4134	-1	0.2230	0.2194	1	11.5195	  2.5914	   2.1962	0.5360	0.4659	0.5347	0.4660	1	0.2384	0.2222	1	11.5108	 -0.29	  0.65	  7.92	156 Game time (seconds): 9.674245 Stroke: 0
777	  2.6225	MovieFrame	2	78
10	  2.6272	  24.7980	0.4258	0.4123	0.4250	0.4129	-1	0.2208	0.2190	1	11.5443	  2.6249	   2.1972	0.5368	0.4667	0.5360	0.4670	1	0.2400	0.2219	1	11.5443	 -0.28	  0.64	  7.91	157 Game time (seconds): 9.683652 Stroke: 0
10	  2.6356	   8.3968	0.4266	0.4145	0.4256	0.4136	-1	0.2205	0.2159	1	11.5527	  2.6249	   2.1972	0.5368	0.4667	0.5360	0.4670	1	0.2400	0.2219	1	11.5443	 -0.27	  0.64	  7.92	158 Game time (seconds): 9.703821 Stroke: 0
777	  2.6555	MovieFrame	2	79
10	  2.6605	  24.9562	0.4265	0.4123	0.4260	0.4131	-1	0.2220	0.2175	1	11.5776	  2.6583	   2.2248	0.5364	0.4657	0.5365	0.4670	1	0.2391	0.2229	1	11.5777	 -0.27	  0.64	  7.92	159 Game time (seconds): 9.715227 Stroke: 0
10	  2.6691	   8.5350	0.4261	0.4141	0.4260	0.4135	-1	0.2230	0.2194	1	11.5862	  2.6583	   2.2248	0.5364	0.4657	0.5365	0.4670	1	0.2391	0.2229	1	11.5777	 -0.27	  0.64	  7.92	160 Game time (seconds): 9.739391 Stroke: 0
777	  2.6887	MovieFrame	2	80
10	  2.6939	  24.7851	0.4262	0.4120	0.4261	0.4129	-1	0.2218	0.2192	1	11.6109	  2.6915	   2.2600	0.5366	0.4635	0.5365	0.4657	1	0.2408	0.2212	1	11.6109	 -0.27	  0.65	  7.92	161 Game time (seconds): 9.748887 Stroke: 0
10	  2.7025	   8.6017	0.4261	0.4139	0.4261	0.4133	-1	0.2230	0.2188	1	11.6196	  2.6915	   2.2600	0.5366	0.4635	0.5365	0.4657	1	0.2408	0.2212	1	11.6109	 -0.27	  0.65	  7.92	162 Game time (seconds): 9.77288 Stroke: 0
777	  2.7221	MovieFrame	2	81
10	  2.7272	  24.7793	0.4265	0.4122	0.4263	0.4128	-1	0.2218	0.2177	1	11.6443	  2.7249	   2.1696	0.5357	0.4606	0.5359	0.4632	1	0.2418	0.2216	1	11.6443	 -0.27	  0.66	  7.93	163 Game time (seconds): 9.780851 Stroke: 0
10	  2.7358	   8.5365	0.4271	0.4133	0.4266	0.4130	-1	0.2231	0.2193	1	11.6529	  2.7249	   2.1696	0.5357	0.4606	0.5359	0.4632	1	0.2418	0.2216	1	11.6443	 -0.27	  0.66	  7.93	164 Game time (seconds): 9.804183 Stroke: 0
777	  2.7559	MovieFrame	2	82
10	  2.7608	  25.0197	0.4278	0.4108	0.4271	0.4121	-1	0.2213	0.2181	1	11.6779	  2.7585	   2.2816	0.5371	0.4594	0.5365	0.4613	1	0.2440	0.2232	1	11.6779	 -0.26	  0.68	  7.93	165 Game time (seconds): 9.814699 Stroke: 0
10	  2.7692	   8.3929	0.4285	0.4130	0.4276	0.4125	-1	0.2244	0.2187	1	11.6863	  2.7585	   2.2816	0.5371	0.4594	0.5365	0.4613	1	0.2440	0.2232	1	11.6779	 -0.26	  0.68	  7.94	166 Game time (seconds): 9.839648 Stroke: 0
777	  2.7892	MovieFrame	2	83
10	  2.7942	  24.9988	0.4292	0.4098	0.4283	0.4114	-1	0.2213	0.2187	1	11.7113	  2.7920	   2.2894	0.5390	0.4596	0.5378	0.4608	1	0.2438	0.2255	1	11.7114	 -0.24	  0.68	  7.93	167 Game time (seconds): 9.849083 Stroke: 0
10	  2.8025	   8.3178	0.4298	0.4132	0.4289	0.4121	-1	0.2236	0.2188	1	11.7196	  2.7920	   2.2894	0.5390	0.4596	0.5378	0.4608	1	0.2438	0.2255	1	11.7114	 -0.24	  0.68	  7.94	168 Game time (seconds): 9.87386 Stroke: 0
777	  2.8223	MovieFrame	2	84
10	  2.8274	  24.8732	0.4306	0.4081	0.4296	0.4105	-1	0.2252	0.2196	1	11.7445	  2.8251	   2.1795	0.5418	0.4612	0.5402	0.4617	1	0.2411	0.2263	1	11.7445	 -0.22	  0.68	  7.92	169 Game time (seconds): 9.882188 Stroke: 0
10	  2.8359	   8.4847	0.4322	0.4104	0.4306	0.4105	-1	0.2230	0.2189	1	11.7530	  2.8251	   2.1795	0.5418	0.4612	0.5402	0.4617	1	0.2411	0.2263	1	11.7445	 -0.21	  0.68	  7.93	170 Game time (seconds): 9.907498 Stroke: 0
777	  2.8555	MovieFrame	2	85
10	  2.8609	  25.0229	0.4324	0.4083	0.4313	0.4096	-1	0.2241	0.2198	1	11.7780	  2.8586	   2.3413	0.5426	0.4629	0.5417	0.4628	1	0.2413	0.2262	1	11.7780	 -0.19	  0.68	  7.92	171 Game time (seconds): 9.915203 Stroke: 0
10	  2.8692	   8.3399	0.4326	0.4129	0.4318	0.4109	-1	0.2262	0.2211	1	11.7863	  2.8586	   2.3413	0.5426	0.4629	0.5417	0.4628	1	0.2413	0.2262	1	11.7780	 -0.19	  0.68	  7.93	172 Game time (seconds): 9.940946 Stroke: 1
777	  2.8889	MovieFrame	2	86
10	  2.8939	  24.7013	0.4336	0.4117	0.4325	0.4112	-1	0.2245	0.2209	1	11.8110	  2.8916	   2.2414	0.5443	0.4642	0.5432	0.4638	1	0.2415	0.2237	1	11.8110	 -0.17	  0.67	  7.91	173 Game time (seconds): 9.950191 Stroke: 1
10	  2.9026	   8.6571	0.4350	0.4179	0.4335	0.4139	-1	0.2233	0.2204	1	11.8197	  2.8916	   2.2414	0.5443	0.4642	0.5432	0.4638	1	0.2415	0.2237	1	11.8110	 -0.17	  0.66	  7.93	174 Game time (seconds): 9.972189 Stroke: 1
777	  2.9223	MovieFrame	2	87
10	  2.9274	  24.8382	0.4634	0.4196	0.4455	0.4162	-1	0.2241	0.2139	1	11.8445	  2.9251	   2.2552	0.5771	0.4613	0.5581	0.4632	-1	0.2405	0.2161	1	11.8445	  0.03	  0.65	  7.89	175 Game time (seconds): 9.980005 Stroke: 1
10	  2.9359	   8.5264	0.4828	0.4228	0.4604	0.4188	-1	0.2251	0.2212	1	11.8530	  2.9251	   2.2552	0.5771	0.4613	0.5581	0.4632	-1	0.2405	0.2161	1	11.8445	  0.13	  0.63	  8.11	176 Game time (seconds): 10.00658 Stroke: 1
777	  2.9559	MovieFrame	2	88
10	  2.9609	  24.9088	0.4825	0.4225	0.4692	0.4203	-1	0.2255	0.2222	1	11.8779	  2.9587	   2.2356	0.5837	0.4612	0.5747	0.4623	-1	0.2389	0.2212	1	11.8781	  0.31	  0.63	  7.99	177 Game time (seconds): 10.01469 Stroke: 1
10	  2.9693	   8.4678	0.4815	0.4266	0.4741	0.4228	-1	0.2234	0.2201	1	11.8864	  2.9587	   2.2356	0.5837	0.4612	0.5747	0.4623	-1	0.2389	0.2212	1	11.8781	  0.35	  0.62	  8.07	178 Game time (seconds): 10.04024 Stroke: 1
777	  2.9893	MovieFrame	2	89
10	  2.9942	  24.8672	0.4795	0.4255	0.4763	0.4239	-1	0.2246	0.2211	1	11.9113	  2.9918	   2.2372	0.5810	0.4599	0.5788	0.4612	-1	0.2420	0.2139	1	11.9112	  0.39	  0.62	  8.04	179 Game time (seconds): 10.04851 Stroke: 1
10	  3.0027	   8.5224	0.4785	0.4273	0.4772	0.4252	-1	0.2264	0.2218	1	11.9198	  2.9918	   2.2372	0.5810	0.4599	0.5788	0.4612	-1	0.2420	0.2139	1	11.9112	  0.40	  0.61	  8.05	180 Game time (seconds): 10.07176 Stroke: 1
777	  3.0222	MovieFrame	2	90
10	  3.0274	  24.6910	0.4776	0.4252	0.4774	0.4252	-1	0.2253	0.2223	1	11.9445	  3.0252	   2.2815	0.5807	0.4590	0.5803	0.4602	-1	0.2415	0.2154	1	11.9446	  0.41	  0.61	  8.03	181 Game time (seconds): 10.08007 Stroke: 1
10	  3.0360	   8.6416	0.4773	0.4272	0.4773	0.4260	1	0.2245	0.2200	1	11.9531	  3.0252	   2.2815	0.5807	0.4590	0.5803	0.4602	-1	0.2415	0.2154	1	11.9446	  0.41	  0.61	  8.03	182 Game time (seconds): 10.10755 Stroke: 1
777	  3.0572	MovieFrame	2	91
10	  3.0610	  24.9448	0.4774	0.4240	0.4774	0.4252	-1	0.2260	0.2228	1	11.9781	  3.0587	   2.2899	0.5809	0.4593	0.5809	0.4601	-1	0.2410	0.2165	1	11.9781	  0.42	  0.61	  8.02	183 Game time (seconds): 10.1164 Stroke: 1
10	  3.0694	   8.3997	0.4769	0.4248	0.4772	0.4251	-1	0.2253	0.2215	1	11.9865	  3.0587	   2.2899	0.5809	0.4593	0.5809	0.4601	-1	0.2410	0.2165	1	11.9781	  0.41	  0.62	  8.02	184 Game time (seconds): 10.14026 Stroke: 1
777	  3.0896	MovieFrame	2	92
10	  3.0941	  24.7373	0.4810	0.4213	0.4787	0.4236	-1	0.2248	0.2216	1	12.0112	  3.0920	   2.3163	0.5904	0.4600	0.5845	0.4599	-1	0.2387	0.2207	1	12.0114	  0.45	  0.62	  7.99	185 Game time (seconds): 10.14921 Stroke: 1
10	  3.1027	   8.6192	0.4866	0.4224	0.4819	0.4231	-1	0.2264	0.2168	1	12.0198	  3.0920	   2.3163	0.5904	0.4600	0.5845	0.4599	-1	0.2387	0.2207	1	12.0114	  0.47	  0.63	  8.04	186 Game time (seconds): 10.17493 Stroke: 1
777	  3.1227	MovieFrame	2	93
10	  3.1275	  24.8009	0.4854	0.4190	0.4833	0.4215	-1	0.2266	0.2211	1	12.0446	  3.1253	   2.2147	0.5908	0.4589	0.5884	0.4598	-1	0.2384	0.2217	1	12.0447	  0.51	  0.64	  8.00	187 Game time (seconds): 10.18436 Stroke: 1
10	  3.1361	   8.5583	0.4859	0.4202	0.4843	0.4210	-1	0.2266	0.2173	1	12.0532	  3.1253	   2.2147	0.5908	0.4589	0.5884	0.4598	-1	0.2384	0.2217	1	12.0447	  0.52	  0.64	  8.01	188 Game time (seconds): 10.2083 Stroke: 1
777	  3.1558	MovieFrame	2	94
10	  3.1610	  24.9318	0.4859	0.4160	0.4849	0.4190	-1	0.2271	0.2205	1	12.0781	  3.1587	   2.2247	0.5909	0.4532	0.5900	0.4570	-1	0.2452	0.2236	1	12.0781	  0.54	  0.66	  8.00	189 Game time (seconds): 10.21721 Stroke: 1
10	  3.1695	   8.4503	0.4855	0.4170	0.4852	0.4182	-1	0.2254	0.2194	1	12.0866	  3.1587	   2.2247	0.5909	0.4532	0.5900	0.4570	-1	0.2452	0.2236	1	12.0781	  0.54	  0.67	  8.00	190 Game time (seconds): 10.2401 Stroke: 1
777	  3.1894	MovieFrame	2	95
10	  3.1945	  25.0620	0.4859	0.4138	0.4854	0.4165	-1	0.2261	0.2217	1	12.1116	  3.1923	   2.2552	0.5906	0.4530	0.5905	0.4552	-1	0.2439	0.2232	1	12.1117	  0.54	  0.69	  8.00	191 Game time (seconds): 10.24905 Stroke: 1
10	  3.2029	   8.3179	0.4857	0.4144	0.4855	0.4157	-1	0.2255	0.2204	1	12.1200	  3.1923	   2.2552	0.5906	0.4530	0.5905	0.4552	-1	0.2439	0.2232	1	12.1117	  0.54	  0.69	  8.00	192 Game time (seconds): 10.27373 Stroke: 1
777	  3.2228	MovieFrame	2	96
10	  3.2280	  25.1524	0.4859	0.4122	0.4857	0.4143	-1	0.2285	0.2217	1	12.1451	  3.2257	   2.2388	0.5903	0.4500	0.5903	0.4521	-1	0.2440	0.2249	1	12.1451	  0.54	  0.72	  8.01	193 Game time (seconds): 10.28242 Stroke: 1
10	  3.2363	   8.3174	0.4860	0.4135	0.4858	0.4140	-1	0.2301	0.2222	1	12.1534	  3.2257	   2.2388	0.5903	0.4500	0.5903	0.4521	-1	0.2440	0.2249	1	12.1451	  0.54	  0.72	  8.01	194 Game time (seconds): 10.30569 Stroke: 1
777	  3.2563	MovieFrame	2	97
10	  3.2611	  24.8005	0.4862	0.4114	0.4860	0.4129	-1	0.2276	0.2214	1	12.1782	  3.2588	   2.1014	0.5906	0.4498	0.5904	0.4508	-1	0.2437	0.2256	1	12.1782	  0.55	  0.73	  8.01	195 Game time (seconds): 10.31461 Stroke: 1
10	  3.2696	   8.4265	0.4864	0.4134	0.4861	0.4131	-1	0.2306	0.2224	1	12.1867	  3.2588	   2.1014	0.5906	0.4498	0.5904	0.4508	-1	0.2437	0.2256	1	12.1782	  0.55	  0.73	  8.01	196 Game time (seconds): 10.34198 Stroke: 1
777	  3.2896	MovieFrame	2	98
10	  3.2948	  25.1998	0.4863	0.4115	0.4862	0.4125	-1	0.2288	0.2211	1	12.2119	  3.2924	   2.1777	0.5908	0.4496	0.5908	0.4509	-1	0.2434	0.2259	1	12.2118	  0.55	  0.73	  8.01	197 Game time (seconds): 10.35069 Stroke: 1
10	  3.3029	   8.1370	0.4864	0.4136	0.4863	0.4130	-1	0.2305	0.2221	1	12.2200	  3.2924	   2.1777	0.5908	0.4496	0.5908	0.4509	-1	0.2434	0.2259	1	12.2118	  0.55	  0.73	  8.01	198 Game time (seconds): 10.37204 Stroke: 1
777	  3.3226	MovieFrame	2	99
10	  3.3279	  25.0136	0.4862	0.4120	0.4863	0.4126	-1	0.2289	0.2207	1	12.2450	  3.3257	   2.2046	0.5911	0.4495	0.5910	0.4503	-1	0.2438	0.2265	1	12.2451	  0.55	  0.73	  8.00	199 Game time (seconds): 10.38503 Stroke: 1
10	  3.3363	   8.3650	0.4863	0.4139	0.4863	0.4131	-1	0.2309	0.2224	1	12.2534	  3.3257	   2.2046	0.5911	0.4495	0.5910	0.4503	-1	0.2438	0.2265	1	12.2451	  0.55	  0.73	  8.00	200 Game time (seconds): 10.40699 Stroke: 1
777	  3.3560	MovieFrame	2	100
10	  3.3613	  25.0383	0.4864	0.4119	0.4863	0.4126	-1	0.2287	0.2206	1	12.2784	  3.3591	   2.3524	0.5910	0.4494	0.5910	0.4500	-1	0.2434	0.2271	1	12.2785	  0.55	  0.74	  8.00	201 Game time (seconds): 10.41536 Stroke: 1
10	  3.3696	   8.2734	0.4867	0.4135	0.4865	0.4130	-1	0.2308	0.2227	1	12.2867	  3.3591	   2.3524	0.5910	0.4494	0.5910	0.4500	-1	0.2434	0.2271	1	12.2785	  0.55	  0.73	  8.01	202 Game time (seconds): 10.43887 Stroke: 1
777	  3.3896	MovieFrame	2	101
10	  3.3946	  25.0157	0.4869	0.4114	0.4867	0.4123	-1	0.2284	0.2199	1	12.3117	  3.3924	   2.2381	0.5917	0.4477	0.5914	0.4492	-1	0.2475	0.2292	1	12.3118	  0.56	  0.74	  8.00	203 Game time (seconds): 10.4478 Stroke: 1
10	  3.4029	   8.3369	0.4871	0.4127	0.4868	0.4125	-1	0.2295	0.2217	1	12.3200	  3.3924	   2.2381	0.5917	0.4477	0.5914	0.4492	-1	0.2475	0.2292	1	12.3118	  0.56	  0.74	  8.01	204 Game time (seconds): 10.47355 Stroke: 1
777	  3.4227	MovieFrame	2	102
10	  3.4279	  24.9387	0.4872	0.4109	0.4870	0.4119	-1	0.2281	0.2184	1	12.3450	  3.4257	   2.3147	0.5916	0.4478	0.5914	0.4488	-1	0.2471	0.2295	1	12.3451	  0.56	  0.75	  8.01	205 Game time (seconds): 10.48143 Stroke: 1
10	  3.4363	   8.4244	0.4877	0.4126	0.4873	0.4122	-1	0.2291	0.2220	1	12.3534	  3.4257	   2.3147	0.5916	0.4478	0.5914	0.4488	-1	0.2471	0.2295	1	12.3451	  0.56	  0.74	  8.01	206 Game time (seconds): 10.50642 Stroke: 1
777	  3.4564	MovieFrame	2	103
10	  3.4615	  25.1570	0.4881	0.4097	0.4876	0.4112	-1	0.2307	0.2220	1	12.3786	  3.4595	   2.4560	0.5919	0.4472	0.5916	0.4484	-1	0.2476	0.2289	1	12.3789	  0.57	  0.75	  8.02	207 Game time (seconds): 10.51444 Stroke: 1
10	  3.4697	   8.2359	0.4878	0.4115	0.4877	0.4113	-1	0.2287	0.2193	1	12.3868	  3.4595	   2.4560	0.5919	0.4472	0.5916	0.4484	-1	0.2476	0.2289	1	12.3789	  0.57	  0.75	  8.02	208 Game time (seconds): 10.5386 Stroke: 1
777	  3.4900	MovieFrame	2	104
10	  3.4948	  25.1044	0.4888	0.4085	0.4881	0.4102	-1	0.2315	0.2211	1	12.4119	  3.4925	   1.9346	0.5917	0.4472	0.5916	0.4481	-1	0.2467	0.2298	1	12.4119	  0.57	  0.76	  8.02	209 Game time (seconds): 10.55067 Stroke: 1
10	  3.5032	   8.3637	0.4890	0.4093	0.4885	0.4099	-1	0.2322	0.2228	1	12.4203	  3.4925	   1.9346	0.5917	0.4472	0.5916	0.4481	-1	0.2467	0.2298	1	12.4119	  0.57	  0.76	  8.03	210 Game time (seconds): 10.57222 Stroke: 1
777	  3.5234	MovieFrame	2	105
10	  3.5283	  25.1338	0.4887	0.4064	0.4885	0.4085	-1	0.2325	0.2217	1	12.4454	  3.5260	   2.2082	0.5917	0.4468	0.5916	0.4476	-1	0.2468	0.2295	1	12.4454	  0.57	  0.77	  8.03	211 Game time (seconds): 10.58532 Stroke: 1
10	  3.5364	   8.0815	0.4891	0.4080	0.4887	0.4083	-1	0.2318	0.2215	1	12.4535	  3.5260	   2.2082	0.5917	0.4468	0.5916	0.4476	-1	0.2468	0.2295	1	12.4454	  0.57	  0.77	  8.03	212 Game time (seconds): 10.6083 Stroke: 1
777	  3.5563	MovieFrame	2	106
10	  3.5616	  25.1875	0.4886	0.4046	0.4887	0.4068	-1	0.2294	0.2211	1	12.4787	  3.5592	   2.1179	0.5918	0.4462	0.5916	0.4471	-1	0.2468	0.2297	1	12.4786	  0.57	  0.78	  8.03	213 Game time (seconds): 10.61691 Stroke: 1
10	  3.5698	   8.2598	0.4888	0.4068	0.4887	0.4068	-1	0.2329	0.2217	1	12.4869	  3.5592	   2.1179	0.5918	0.4462	0.5916	0.4471	-1	0.2468	0.2297	1	12.4786	  0.57	  0.78	  8.03	214 Game time (seconds): 10.64163 Stroke: 1
777	  3.5900	MovieFrame	2	107
10	  3.5948	  24.9838	0.4887	0.4052	0.4887	0.4062	-1	0.2282	0.2212	1	12.5119	  3.5925	   2.1528	0.5917	0.4463	0.5917	0.4469	-1	0.2458	0.2300	1	12.5119	  0.57	  0.79	  8.03	215 Game time (seconds): 10.65003 Stroke: 1
10	  3.6031	   8.3114	0.4889	0.4077	0.4888	0.4068	-1	0.2316	0.2210	1	12.5202	  3.5925	   2.1528	0.5917	0.4463	0.5917	0.4469	-1	0.2458	0.2300	1	12.5119	  0.57	  0.78	  8.03	216 Game time (seconds): 10.67226 Stroke: 1
777	  3.6229	MovieFrame	2	108
10	  3.6279	  24.7435	0.4890	0.4050	0.4889	0.4061	-1	0.2324	0.2228	1	12.5450	  3.6256	   2.1681	0.5914	0.4448	0.5915	0.4461	-1	0.2456	0.2293	1	12.5450	  0.57	  0.79	  8.04	217 Game time (seconds): 10.68101 Stroke: 1
10	  3.6366	   8.7045	0.4885	0.4065	0.4887	0.4062	-1	0.2327	0.2212	1	12.5537	  3.6256	   2.1681	0.5914	0.4448	0.5915	0.4461	-1	0.2456	0.2293	1	12.5450	  0.57	  0.79	  8.03	218 Game time (seconds): 10.70658 Stroke: 1
777	  3.6564	MovieFrame	2	109
10	  3.6614	  24.8427	0.4887	0.4049	0.4887	0.4057	-1	0.2325	0.2222	1	12.5785	  3.6591	   2.1442	0.5925	0.4422	0.5919	0.4446	-1	0.2527	0.2309	1	12.5785	  0.58	  0.80	  8.03	219 Game time (seconds): 10.71482 Stroke: 1
10	  3.6699	   8.4899	0.4884	0.4063	0.4886	0.4059	-1	0.2323	0.2219	1	12.5870	  3.6591	   2.1442	0.5925	0.4422	0.5919	0.4446	-1	0.2527	0.2309	1	12.5785	  0.57	  0.80	  8.03	220 Game time (seconds): 10.73992 Stroke: 1
777	  3.6897	MovieFrame	2	110
10	  3.6949	  24.9867	0.4887	0.4040	0.4886	0.4052	-1	0.2308	0.2225	1	12.6120	  3.6927	   2.2626	0.5921	0.4438	0.5920	0.4444	-1	0.2477	0.2286	1	12.6121	  0.58	  0.81	  8.02	221 Game time (seconds): 10.74932 Stroke: 1
10	  3.7032	   8.3341	0.4884	0.4065	0.4885	0.4057	-1	0.2329	0.2200	1	12.6203	  3.6927	   2.2626	0.5921	0.4438	0.5920	0.4444	-1	0.2477	0.2286	1	12.6121	  0.58	  0.80	  8.02	222 Game time (seconds): 10.77372 Stroke: 1
777	  3.7232	MovieFrame	2	111
10	  3.7284	  25.2020	0.4889	0.4048	0.4887	0.4053	-1	0.2321	0.2222	1	12.6455	  3.7261	   2.1784	0.5926	0.4440	0.5924	0.4444	-1	0.2469	0.2294	1	12.6455	  0.58	  0.80	  8.02	223 Game time (seconds): 10.78307 Stroke: 1
10	  3.7366	   8.1618	0.4892	0.4076	0.4889	0.4062	-1	0.2314	0.2202	1	12.6537	  3.7261	   2.1784	0.5926	0.4440	0.5924	0.4444	-1	0.2469	0.2294	1	12.6455	  0.58	  0.80	  8.02	224 Game time (seconds): 10.80647 Stroke: 1
777	  3.7565	MovieFrame	2	112
10	  3.7618	  25.1748	0.4897	0.4043	0.4892	0.4055	-1	0.2329	0.2208	1	12.6789	  3.7594	   2.2626	0.5938	0.4431	0.5931	0.4442	-1	0.2499	0.2310	1	12.6788	  0.59	  0.81	  8.02	225 Game time (seconds): 10.81507 Stroke: 1
10	  3.7701	   8.2911	0.4897	0.4060	0.4894	0.4057	-1	0.2350	0.2211	1	12.6871	  3.7594	   2.2626	0.5938	0.4431	0.5931	0.4442	-1	0.2499	0.2310	1	12.6788	  0.59	  0.80	  8.02	226 Game time (seconds): 10.83983 Stroke: 1
777	  3.7899	MovieFrame	2	113
10	  3.7950	  24.9221	0.4901	0.4044	0.4897	0.4052	-1	0.2329	0.2197	1	12.7121	  3.7927	   2.1883	0.5945	0.4429	0.5939	0.4440	-1	0.2497	0.2304	1	12.7121	  0.60	  0.81	  8.01	227 Game time (seconds): 10.84806 Stroke: 1
10	  3.8034	   8.3777	0.4896	0.4066	0.4896	0.4057	-1	0.2342	0.2214	1	12.7204	  3.7927	   2.1883	0.5945	0.4429	0.5939	0.4440	-1	0.2497	0.2304	1	12.7121	  0.60	  0.81	  8.01	228 Game time (seconds): 10.87537 Stroke: 1
777	  3.8236	MovieFrame	2	114
10	  3.8284	  25.0666	0.4897	0.4052	0.4896	0.4055	-1	0.2326	0.2208	1	12.7455	  3.8261	   2.2436	0.5946	0.4422	0.5940	0.4437	-1	0.2528	0.2289	1	12.7455	  0.60	  0.81	  8.01	229 Game time (seconds): 10.88299 Stroke: 1
10	  3.8367	   8.3273	0.4897	0.4079	0.4897	0.4065	-1	0.2324	0.2222	1	12.7538	  3.8261	   2.2436	0.5946	0.4422	0.5940	0.4437	-1	0.2528	0.2289	1	12.7455	  0.60	  0.80	  8.01	230 Game time (seconds): 10.90555 Stroke: 1
777	  3.8570	MovieFrame	2	115
10	  3.8618	  25.0699	0.4897	0.4044	0.4897	0.4057	-1	0.2306	0.2209	1	12.7789	  3.8596	   2.3787	0.5941	0.4427	0.5943	0.4433	-1	0.2511	0.2302	1	12.7791	  0.60	  0.81	  8.01	231 Game time (seconds): 10.91825 Stroke: 1
10	  3.8701	   8.2969	0.4897	0.4080	0.4897	0.4066	-1	0.2326	0.2221	1	12.7872	  3.8596	   2.3787	0.5941	0.4427	0.5943	0.4433	-1	0.2511	0.2302	1	12.7791	  0.60	  0.80	  8.01	232 Game time (seconds): 10.9416 Stroke: 1
777	  3.8901	MovieFrame	2	116
10	  3.8951	  25.0035	0.4888	0.4060	0.4893	0.4064	-1	0.2328	0.2199	1	12.8122	  3.8929	   2.2288	0.5944	0.4428	0.5945	0.4434	-1	0.2498	0.2310	1	12.8123	  0.60	  0.80	  8.00	233 Game time (seconds): 10.95005 Stroke: 1
10	  3.9035	   8.3469	0.4895	0.4083	0.4894	0.4071	-1	0.2322	0.2211	1	12.8206	  3.8929	   2.2288	0.5944	0.4428	0.5945	0.4434	-1	0.2498	0.2310	1	12.8123	  0.60	  0.80	  8.00	234 Game time (seconds): 10.97582 Stroke: 1
777	  3.9237	MovieFrame	2	117
10	  3.9286	  25.1698	0.4884	0.4059	0.4890	0.4066	-1	0.2319	0.2192	1	12.8457	  3.9263	   2.1438	0.5940	0.4418	0.5945	0.4432	-1	0.2519	0.2301	1	12.8457	  0.60	  0.80	  7.99	235 Game time (seconds): 10.98353 Stroke: 1
10	  3.9369	   8.2458	0.4892	0.4083	0.4891	0.4073	-1	0.2324	0.2221	1	12.8540	  3.9263	   2.1438	0.5940	0.4418	0.5945	0.4432	-1	0.2519	0.2301	1	12.8457	  0.60	  0.80	  7.99	236 Game time (seconds): 11.0064 Stroke: 1
777	  3.9572	MovieFrame	2	118
10	  3.9620	  25.1220	0.4883	0.4064	0.4888	0.4070	-1	0.2324	0.2191	1	12.8791	  3.9597	   2.2559	0.5934	0.4429	0.5941	0.4434	-1	0.2482	0.2316	1	12.8791	  0.59	  0.80	  7.99	237 Game time (seconds): 11.01524 Stroke: 1
10	  3.9703	   8.2563	0.4893	0.4088	0.4890	0.4077	-1	0.2325	0.2221	1	12.8874	  3.9597	   2.2559	0.5934	0.4429	0.5941	0.4434	-1	0.2482	0.2316	1	12.8791	  0.59	  0.80	  8.00	238 Game time (seconds): 11.04001 Stroke: 1
777	  3.9903	MovieFrame	2	119
10	  3.9952	  24.9566	0.4891	0.4065	0.4890	0.4072	-1	0.2338	0.2222	1	12.9123	  3.9929	   2.1507	0.5962	0.4378	0.5951	0.4416	-1	0.2675	0.2315	1	12.9123	  0.60	  0.81	  7.98	239 Game time (seconds): 11.04864 Stroke: 1
10	  4.0035	   8.3074	0.4890	0.4089	0.4890	0.4079	-1	0.2325	0.2203	1	12.9206	  3.9929	   2.1507	0.5962	0.4378	0.5951	0.4416	-1	0.2675	0.2315	1	12.9123	  0.60	  0.81	  7.98	240 Game time (seconds): 11.0734 Stroke: 1
777	  4.0235	MovieFrame	2	120
10	  4.0285	  25.0097	0.4888	0.4059	0.4889	0.4071	-1	0.2338	0.2224	1	12.9456	  4.0262	   2.1998	0.5947	0.4413	0.5949	0.4422	-1	0.2543	0.2332	1	12.9457	  0.60	  0.81	  7.99	241 Game time (seconds): 11.0821 Stroke: 1
10	  4.0370	   8.4792	0.4888	0.4081	0.4889	0.4075	-1	0.2321	0.2213	1	12.9541	  4.0262	   2.1998	0.5947	0.4413	0.5949	0.4422	-1	0.2543	0.2332	1	12.9457	  0.60	  0.81	  7.98	242 Game time (seconds): 11.10715 Stroke: 1
777	  4.0569	MovieFrame	2	121
10	  4.0620	  24.9651	0.4884	0.4058	0.4887	0.4068	-1	0.2341	0.2217	1	12.9791	  4.0598	   2.3775	0.5945	0.4405	0.5947	0.4419	-1	0.2550	0.2347	1	12.9792	  0.60	  0.81	  7.98	243 Game time (seconds): 11.11523 Stroke: 1
10	  4.0703	   8.3329	0.4886	0.4073	0.4887	0.4070	-1	0.2345	0.2238	1	12.9874	  4.0598	   2.3775	0.5945	0.4405	0.5947	0.4419	-1	0.2550	0.2347	1	12.9792	  0.60	  0.81	  7.98	244 Game time (seconds): 11.13961 Stroke: 1
777	  4.0901	MovieFrame	2	122
10	  4.0951	  24.8272	0.4883	0.4058	0.4885	0.4065	-1	0.2343	0.2218	1	13.0122	  4.0929	   2.2033	0.5941	0.4399	0.5943	0.4416	-1	0.2546	0.2334	1	13.0123	  0.59	  0.81	  7.99	245 Game time (seconds): 11.14898 Stroke: 1
10	  4.1036	   8.4536	0.4883	0.4071	0.4884	0.4068	-1	0.2349	0.2242	1	13.0207	  4.0929	   2.2033	0.5941	0.4399	0.5943	0.4416	-1	0.2546	0.2334	1	13.0123	  0.59	  0.81	  7.99	246 Game time (seconds): 11.17361 Stroke: 1
777	  4.1237	MovieFrame	2	123
10	  4.1295	  25.8768	0.4881	0.4057	0.4883	0.4064	-1	0.2343	0.2226	1	13.0466	  4.1271	   2.9978	0.5929	0.4390	0.5938	0.4400	-1	0.2559	0.2331	1	13.0465	  0.59	  0.82	  7.99	247 Game time (seconds): 11.1823 Stroke: 1
10	  4.1370	   7.5280	0.4878	0.4074	0.4881	0.4068	-1	0.2347	0.2244	1	13.0541	  4.1271	   2.9978	0.5929	0.4390	0.5938	0.4400	-1	0.2559	0.2331	1	13.0465	  0.58	  0.82	  7.99	248 Game time (seconds): 11.20793 Stroke: 1
777	  4.1570	MovieFrame	2	124
10	  4.1629	  25.8625	0.4874	0.4059	0.4878	0.4064	-1	0.2346	0.2224	1	13.0800	  4.1605	   2.8894	0.5926	0.4381	0.5932	0.4387	-1	0.2547	0.2335	1	13.0799	  0.58	  0.83	  7.99	249 Game time (seconds): 11.21634 Stroke: 1
10	  4.1704	   7.5607	0.4879	0.4073	0.4878	0.4068	-1	0.2354	0.2251	1	13.0875	  4.1605	   2.8894	0.5926	0.4381	0.5932	0.4387	-1	0.2547	0.2335	1	13.0799	  0.58	  0.83	  7.99	250 Game time (seconds): 11.24039 Stroke: 1
777	  4.1919	MovieFrame	2	125
10	  4.1955	  25.1181	0.4962	0.4081	0.4912	0.4073	-1	0.2354	0.2206	1	13.1126	  4.1933	   2.2462	0.5981	0.4381	0.5955	0.4386	-1	0.2528	0.2298	1	13.1127	  0.62	  0.83	  8.01	251 Game time (seconds): 11.24928 Stroke: 1
10	  4.2037	   8.1802	0.4936	0.4086	0.4922	0.4078	-1	0.2357	0.2222	1	13.1208	  4.1933	   2.2462	0.5981	0.4381	0.5955	0.4386	-1	0.2528	0.2298	1	13.1127	  0.63	  0.82	  8.03	252 Game time (seconds): 11.27533 Stroke: 1
777	  4.2239	MovieFrame	2	126
10	  4.2294	  25.6461	0.4943	0.4076	0.4930	0.4077	-1	0.2378	0.2239	1	13.1465	  4.2271	   2.9484	0.5979	0.4368	0.5969	0.4383	-1	0.2561	0.2331	1	13.1465	  0.64	  0.82	  8.02	253 Game time (seconds): 11.28411 Stroke: 1
10	  4.2371	   7.7190	0.4951	0.4097	0.4938	0.4085	-1	0.2355	0.2238	1	13.1542	  4.2271	   2.9484	0.5979	0.4368	0.5969	0.4383	-1	0.2561	0.2331	1	13.1465	  0.65	  0.82	  8.03	254 Game time (seconds): 11.3093 Stroke: 1
777	  4.2571	MovieFrame	2	127
10	  4.2628	  25.6722	0.4930	0.4062	0.4935	0.4076	-1	0.2371	0.2225	1	13.1798	  4.2604	   2.9223	0.6000	0.4358	0.5985	0.4377	-1	0.2588	0.2361	1	13.1798	  0.66	  0.83	  8.00	255 Game time (seconds): 11.31844 Stroke: 1
10	  4.2706	   7.8054	0.4949	0.4097	0.4941	0.4085	-1	0.2352	0.2250	1	13.1877	  4.2604	   2.9223	0.6000	0.4358	0.5985	0.4377	-1	0.2588	0.2361	1	13.1798	  0.66	  0.82	  8.01	256 Game time (seconds): 11.34104 Stroke: 1
777	  4.2916	MovieFrame	2	128
10	  4.2964	  25.8157	0.4938	0.4065	0.4940	0.4077	-1	0.2361	0.2228	1	13.2135	  4.2940	   2.9828	0.6022	0.4337	0.6001	0.4363	-1	0.2630	0.2376	1	13.2134	  0.67	  0.84	  7.98	257 Game time (seconds): 11.34992 Stroke: 1
10	  4.3040	   7.6658	0.4947	0.4100	0.4943	0.4086	-1	0.2352	0.2228	1	13.2211	  4.2940	   2.9828	0.6022	0.4337	0.6001	0.4363	-1	0.2630	0.2376	1	13.2134	  0.67	  0.83	  7.99	258 Game time (seconds): 11.37433 Stroke: 1
777	  4.3236	MovieFrame	2	129
10	  4.3296	  25.5396	0.4723	0.4502	0.4855	0.4252	1	0.2305	0.2226	1	13.2467	  4.3272	   2.7118	0.5562	0.4945	0.5819	0.4609	-1	0.2566	0.2347	1	13.2466	  0.48	  0.61	  8.13	259 Game time (seconds): 11.38271 Stroke: 1
10	  4.3372	   7.6450	0.4485	0.5153	0.4707	0.4612	1	0.2290	0.2205	1	13.2543	  4.3272	   2.7118	0.5562	0.4945	0.5819	0.4609	-1	0.2566	0.2347	1	13.2466	  0.38	  0.42	  7.91	260 Game time (seconds): 11.41013 Stroke: 1
777	  4.3573	MovieFrame	2	130
10	  4.3629	  25.6702	0.4503	0.5462	0.4625	0.4952	1	0.2324	0.2205	1	13.2800	  4.3607	   2.9166	0.5329	0.5745	0.5499	0.5297	1	0.2509	0.2435	1	13.2801	  0.09	 -0.13	  8.28	261 Game time (seconds): 11.41803 Stroke: 1
10	  4.3706	   7.6683	0.4463	0.5448	0.4560	0.5151	1	0.2336	0.2289	1	13.2877	  4.3607	   2.9166	0.5329	0.5745	0.5499	0.5297	1	0.2509	0.2435	1	13.2801	  0.04	 -0.24	  8.17	262 Game time (seconds): 11.4405 Stroke: 1
777	  4.3912	MovieFrame	2	131
10	  4.3955	  24.8924	0.4464	0.5438	0.4522	0.5266	1	0.2336	0.2291	1	13.3126	  4.3932	   2.2051	0.5358	0.5684	0.5403	0.5557	1	0.2489	0.2431	1	13.3126	 -0.05	 -0.44	  8.27	263 Game time (seconds): 11.45056 Stroke: 1
10	  4.4039	   8.4252	0.4459	0.5439	0.4497	0.5335	1	0.2333	0.2270	1	13.3210	  4.3932	   2.2051	0.5358	0.5684	0.5403	0.5557	1	0.2489	0.2431	1	13.3126	 -0.07	 -0.48	  8.23	264 Game time (seconds): 11.47509 Stroke: 1
777	  4.4247	MovieFrame	2	132
10	  4.4291	  25.2648	0.4435	0.5408	0.4472	0.5364	1	0.2327	0.2292	1	13.3462	  4.4269	   2.2857	0.5376	0.5669	0.5382	0.5636	-1	0.2514	0.2429	1	13.3463	 -0.10	 -0.54	  8.22	265 Game time (seconds): 11.48659 Stroke: 1
10	  4.4372	   8.0939	0.4423	0.5426	0.4452	0.5389	-1	0.2328	0.2298	1	13.3543	  4.4269	   2.2857	0.5376	0.5669	0.5382	0.5636	-1	0.2514	0.2429	1	13.3463	 -0.12	 -0.55	  8.19	266 Game time (seconds): 11.50894 Stroke: 1
777	  4.4578	MovieFrame	2	133
10	  4.4624	  25.1970	0.4407	0.5389	0.4434	0.5389	-1	0.2351	0.2265	1	13.3795	  4.4602	   2.2288	0.5381	0.5663	0.5383	0.5659	-1	0.2505	0.2420	1	13.3796	 -0.13	 -0.56	  8.16	267 Game time (seconds): 11.51809 Stroke: 1
10	  4.4706	   8.1313	0.4404	0.5420	0.4422	0.5401	-1	0.2348	0.2291	1	13.3877	  4.4602	   2.2288	0.5381	0.5663	0.5383	0.5659	-1	0.2505	0.2420	1	13.3796	 -0.14	 -0.57	  8.14	268 Game time (seconds): 11.54269 Stroke: 1
777	  4.4907	MovieFrame	2	134
10	  4.4959	  25.3409	0.4395	0.5394	0.4412	0.5398	-1	0.2350	0.2269	1	13.4130	  4.4935	   2.1402	0.5400	0.5657	0.5391	0.5662	-1	0.2509	0.2448	1	13.4129	 -0.14	 -0.57	  8.11	269 Game time (seconds): 11.55134 Stroke: 1
10	  4.5040	   8.0703	0.4393	0.5420	0.4404	0.5407	-1	0.2354	0.2301	1	13.4211	  4.4935	   2.1402	0.5400	0.5657	0.5391	0.5662	-1	0.2509	0.2448	1	13.4129	 -0.15	 -0.57	  8.10	270 Game time (seconds): 11.57523 Stroke: 1
777	  4.5238	MovieFrame	2	135
10	  4.5289	  24.9507	0.4386	0.5404	0.4397	0.5406	-1	0.2352	0.2277	1	13.4460	  4.5268	   2.2880	0.5400	0.5654	0.5395	0.5662	-1	0.2509	0.2431	1	13.4462	 -0.15	 -0.57	  8.08	271 Game time (seconds): 11.58357 Stroke: 1
10	  4.5374	   8.4621	0.4385	0.5447	0.4392	0.5423	-1	0.2353	0.2279	1	13.4545	  4.5268	   2.2880	0.5400	0.5654	0.5395	0.5662	-1	0.2509	0.2431	1	13.4462	 -0.15	 -0.58	  8.07	272 Game time (seconds): 11.60864 Stroke: 1
777	  4.5577	MovieFrame	2	136
10	  4.5625	  25.0986	0.4489	0.5836	0.4431	0.5588	-1	0.2347	0.2274	1	13.4796	  4.5602	   2.2435	0.5386	0.6065	0.5391	0.5850	-1	0.2460	0.2424	1	13.4796	 -0.13	 -0.77	  8.14	273 Game time (seconds): 11.6167 Stroke: 1
10	  4.5708	   8.2761	0.4465	0.5767	0.4445	0.5660	-1	0.2359	0.2199	1	13.4879	  4.5602	   2.2435	0.5386	0.6065	0.5391	0.5850	-1	0.2460	0.2424	1	13.4796	 -0.12	 -0.81	  8.16	274 Game time (seconds): 11.64261 Stroke: 1
777	  4.5910	MovieFrame	2	137
10	  4.5959	  25.1315	0.4460	0.5771	0.4451	0.5704	-1	0.2351	0.2163	1	13.5130	  4.5936	   2.2457	0.5407	0.6023	0.5401	0.5963	-1	0.2436	0.2407	1	13.5130	 -0.11	 -0.89	  8.15	275 Game time (seconds): 11.65071 Stroke: 1
10	  4.6041	   8.2499	0.4454	0.5801	0.4452	0.5743	-1	0.2333	0.2163	1	13.5212	  4.5936	   2.2457	0.5407	0.6023	0.5401	0.5963	-1	0.2436	0.2407	1	13.5130	 -0.11	 -0.91	  8.16	276 Game time (seconds): 11.67737 Stroke: 1
777	  4.6241	MovieFrame	2	138
10	  4.6289	  24.7198	0.4450	0.5781	0.4451	0.5758	-1	0.2318	0.2137	1	13.5460	  4.6266	   2.2193	0.5415	0.6028	0.5409	0.6009	-1	0.2396	0.2384	1	13.5460	 -0.10	 -0.95	  8.14	277 Game time (seconds): 11.68721 Stroke: 1
10	  4.6375	   8.6230	0.4448	0.5803	0.4450	0.5776	-1	0.2309	0.2150	1	13.5546	  4.6266	   2.2193	0.5415	0.6028	0.5409	0.6009	-1	0.2396	0.2384	1	13.5460	 -0.10	 -0.96	  8.14	278 Game time (seconds): 11.70958 Stroke: 1
777	  4.6575	MovieFrame	2	139
10	  4.6625	  25.0139	0.4446	0.5766	0.4448	0.5772	-1	0.2274	0.2105	1	13.5796	  4.6602	   2.1892	0.5420	0.6028	0.5414	0.6026	-1	0.2366	0.2347	1	13.5796	 -0.10	 -0.96	  8.13	279 Game time (seconds): 11.71925 Stroke: 1
10	  4.6709	   8.3472	0.4451	0.5826	0.4449	0.5794	-1	0.2270	0.2135	1	13.5879	  4.6602	   2.1892	0.5420	0.6028	0.5414	0.6026	-1	0.2366	0.2347	1	13.5796	 -0.10	 -0.97	  8.13	280 Game time (seconds): 11.74194 Stroke: 1
777	  4.6908	MovieFrame	2	140
10	  4.6961	  25.2042	0.4437	0.5772	0.4445	0.5785	-1	0.2262	0.2054	1	13.6132	  4.6937	   2.2471	0.5418	0.6035	0.5417	0.6037	-1	0.2326	0.2274	1	13.6131	 -0.10	 -0.98	  8.12	281 Game time (seconds): 11.75088 Stroke: 1
10	  4.7041	   8.0744	0.4442	0.5815	0.4444	0.5797	-1	0.2234	0.2105	1	13.6212	  4.6937	   2.2471	0.5418	0.6035	0.5417	0.6037	-1	0.2326	0.2274	1	13.6131	 -0.10	 -0.98	  8.12	282 Game time (seconds): 11.77384 Stroke: 1
777	  4.7244	MovieFrame	2	141
10	  4.7294	  25.2458	0.4433	0.5792	0.4439	0.5795	-1	0.2240	0.2074	1	13.6465	  4.7271	   2.1800	0.5416	0.6041	0.5418	0.6040	-1	0.2300	0.2284	1	13.6465	 -0.10	 -0.98	  8.11	283 Game time (seconds): 11.78595 Stroke: 1
10	  4.7376	   8.2234	0.4437	0.5815	0.4438	0.5803	-1	0.2227	0.2106	1	13.6547	  4.7271	   2.1800	0.5416	0.6041	0.5418	0.6040	-1	0.2300	0.2284	1	13.6465	 -0.10	 -0.99	  8.11	284 Game time (seconds): 11.80958 Stroke: 1
777	  4.7578	MovieFrame	2	142
10	  4.7628	  25.1655	0.4431	0.5785	0.4435	0.5796	-1	0.2227	0.2057	1	13.6799	  4.7605	   2.1689	0.5418	0.6035	0.5418	0.6040	-1	0.2279	0.2232	1	13.6799	 -0.10	 -0.98	  8.10	285 Game time (seconds): 11.81789 Stroke: 1
10	  4.7711	   8.3033	0.4424	0.5814	0.4431	0.5803	-1	0.2214	0.2075	1	13.6882	  4.7605	   2.1689	0.5418	0.6035	0.5418	0.6040	-1	0.2279	0.2232	1	13.6799	 -0.11	 -0.99	  8.10	286 Game time (seconds): 11.84098 Stroke: 1
777	  4.7909	MovieFrame	2	143
10	  4.7961	  25.0294	0.4418	0.5776	0.4426	0.5792	-1	0.2216	0.2037	1	13.7132	  4.7938	   2.2461	0.5425	0.6019	0.5421	0.6035	-1	0.2283	0.2208	1	13.7132	 -0.11	 -0.98	  8.09	287 Game time (seconds): 11.84921 Stroke: 1
10	  4.8043	   8.1606	0.4421	0.5814	0.4424	0.5801	-1	0.2211	0.2065	1	13.7214	  4.7938	   2.2461	0.5425	0.6019	0.5421	0.6035	-1	0.2283	0.2208	1	13.7132	 -0.11	 -0.98	  8.08	288 Game time (seconds): 11.87323 Stroke: 1
777	  4.8246	MovieFrame	2	144
10	  4.8293	  25.0595	0.4379	0.5781	0.4406	0.5793	-1	0.2205	0.2044	1	13.7464	  4.8271	   2.1763	0.5375	0.6030	0.5401	0.6038	-1	0.2255	0.2214	1	13.7465	 -0.14	 -0.98	  8.08	289 Game time (seconds): 11.88635 Stroke: 1
10	  4.8377	   8.3501	0.4390	0.5802	0.4400	0.5797	-1	0.2188	0.2077	1	13.7548	  4.8271	   2.1763	0.5375	0.6030	0.5401	0.6038	-1	0.2255	0.2214	1	13.7465	 -0.14	 -0.98	  8.07	290 Game time (seconds): 11.9092 Stroke: 1
777	  4.8577	MovieFrame	2	145
10	  4.8630	  25.3480	0.4381	0.5780	0.4392	0.5790	-1	0.2195	0.2039	1	13.7801	  4.8606	   2.2435	0.5377	0.6037	0.5387	0.6041	-1	0.2251	0.2224	1	13.7800	 -0.16	 -0.98	  8.09	291 Game time (seconds): 11.91763 Stroke: 1
10	  4.8711	   8.0358	0.4382	0.5811	0.4388	0.5799	-1	0.2194	0.2077	1	13.7881	  4.8606	   2.2435	0.5377	0.6037	0.5387	0.6041	-1	0.2251	0.2224	1	13.7800	 -0.16	 -0.99	  8.08	292 Game time (seconds): 11.94106 Stroke: 1
777	  4.8911	MovieFrame	2	146
10	  4.8962	  25.1076	0.4380	0.5777	0.4385	0.5790	-1	0.2201	0.2040	1	13.8133	  4.8939	   2.2446	0.5379	0.6042	0.5384	0.6042	-1	0.2244	0.2228	1	13.8133	 -0.17	 -0.98	  8.08	293 Game time (seconds): 11.94944 Stroke: 1
10	  4.9043	   8.1336	0.4386	0.5804	0.4385	0.5796	-1	0.2187	0.2078	1	13.8214	  4.8939	   2.2446	0.5379	0.6042	0.5384	0.6042	-1	0.2244	0.2228	1	13.8133	 -0.17	 -0.98	  8.08	294 Game time (seconds): 11.97516 Stroke: 1
777	  4.9245	MovieFrame	2	147
10	  4.9295	  25.2480	0.4379	0.5784	0.4383	0.5791	-1	0.2202	0.2097	1	13.8466	  4.9271	   2.2347	0.5383	0.6017	0.5383	0.6034	-1	0.2247	0.2212	1	13.8465	 -0.17	 -0.98	  8.08	295 Game time (seconds): 11.98382 Stroke: 1
10	  4.9377	   8.1297	0.4383	0.5781	0.4383	0.5787	-1	0.2213	0.2045	1	13.8548	  4.9271	   2.2347	0.5383	0.6017	0.5383	0.6034	-1	0.2247	0.2212	1	13.8465	 -0.17	 -0.98	  8.08	296 Game time (seconds): 12.00754 Stroke: 1
777	  4.9576	MovieFrame	2	148
10	  4.9628	  25.1714	0.4378	0.5751	0.4381	0.5773	-1	0.2209	0.2085	1	13.8799	  4.9605	   2.2320	0.5386	0.6003	0.5386	0.6019	-1	0.2255	0.2202	1	13.8799	 -0.17	 -0.96	  8.07	297 Game time (seconds): 12.01605 Stroke: 1
10	  4.9710	   8.2043	0.4382	0.5747	0.4381	0.5762	-1	0.2230	0.2071	1	13.8881	  4.9605	   2.2320	0.5386	0.6003	0.5386	0.6019	-1	0.2255	0.2202	1	13.8799	 -0.17	 -0.95	  8.07	298 Game time (seconds): 12.04069 Stroke: 1
777	  4.9911	MovieFrame	2	149
10	  4.9960	  24.9677	0.4379	0.5692	0.4380	0.5734	-1	0.2251	0.2043	1	13.9131	  4.9939	   2.3563	0.5387	0.5987	0.5388	0.6003	-1	0.2258	0.2192	1	13.9133	 -0.17	 -0.93	  8.06	299 Game time (seconds): 12.0493 Stroke: 1
10	  5.0045	   8.4462	0.4383	0.5702	0.4381	0.5721	-1	0.2252	0.2061	1	13.9216	  4.9939	   2.3563	0.5387	0.5987	0.5388	0.6003	-1	0.2258	0.2192	1	13.9133	 -0.16	 -0.92	  8.07	300 Game time (seconds): 12.07485 Stroke: 1
777	  5.0247	MovieFrame	2	150
10	  5.0296	  25.1744	0.4387	0.5664	0.4384	0.5698	-1	0.2239	0.2056	1	13.9467	  5.0273	   2.1868	0.5373	0.5968	0.5381	0.5990	-1	0.2267	0.2220	1	13.9467	 -0.17	 -0.90	  8.08	301 Game time (seconds): 12.08302 Stroke: 1
10	  5.0378	   8.1639	0.4379	0.5671	0.4382	0.5688	-1	0.2266	0.2058	1	13.9549	  5.0273	   2.1868	0.5373	0.5968	0.5381	0.5990	-1	0.2267	0.2220	1	13.9467	 -0.17	 -0.90	  8.08	302 Game time (seconds): 12.10865 Stroke: 1
777	  5.0578	MovieFrame	2	151
10	  5.0631	  25.2573	0.4385	0.5649	0.4383	0.5672	-1	0.2247	0.2058	1	13.9802	  5.0608	   2.3535	0.5379	0.5959	0.5379	0.5973	-1	0.2264	0.2216	1	13.9803	 -0.17	 -0.88	  8.08	303 Game time (seconds): 12.11714 Stroke: 1
10	  5.0712	   8.1748	0.4383	0.5649	0.4383	0.5663	-1	0.2258	0.2063	1	13.9883	  5.0608	   2.3535	0.5379	0.5959	0.5379	0.5973	-1	0.2264	0.2216	1	13.9803	 -0.17	 -0.88	  8.08	304 Game time (seconds): 12.14033 Stroke: 1
777	  5.0913	MovieFrame	2	152
10	  5.0965	  25.2695	0.4389	0.5601	0.4385	0.5638	-1	0.2263	0.2067	1	14.0136	  5.0942	   2.2601	0.5379	0.5943	0.5378	0.5960	-1	0.2258	0.2223	1	14.0136	 -0.17	 -0.86	  8.09	305 Game time (seconds): 12.14918 Stroke: 1
10	  5.1046	   8.0859	0.4389	0.5609	0.4387	0.5627	-1	0.2273	0.2082	1	14.0217	  5.0942	   2.2601	0.5379	0.5943	0.5378	0.5960	-1	0.2258	0.2223	1	14.0136	 -0.17	 -0.85	  8.09	306 Game time (seconds): 12.17755 Stroke: 1
777	  5.1267	MovieFrame	2	153
10	  5.1298	  25.1863	0.4394	0.5587	0.4390	0.5611	-1	0.2262	0.2104	1	14.0469	  5.1274	   2.2670	0.5381	0.5942	0.5379	0.5954	-1	0.2265	0.2229	1	14.0468	 -0.17	 -0.84	  8.09	307 Game time (seconds): 12.18644 Stroke: 1
10	  5.1380	   8.2507	0.4395	0.5599	0.4392	0.5606	-1	0.2273	0.2108	1	14.0551	  5.1274	   2.2670	0.5381	0.5942	0.5379	0.5954	-1	0.2265	0.2229	1	14.0468	 -0.16	 -0.84	  8.10	308 Game time (seconds): 12.21135 Stroke: 1
777	  5.1580	MovieFrame	2	154
10	  5.1631	  25.0563	0.4392	0.5587	0.4392	0.5599	-1	0.2280	0.2118	1	14.0802	  5.1608	   2.2586	0.5378	0.5963	0.5379	0.5961	-1	0.2283	0.2242	1	14.0802	 -0.16	 -0.84	  8.10	309 Game time (seconds): 12.21622 Stroke: 1
10	  5.1712	   8.1682	0.4390	0.5596	0.4391	0.5598	-1	0.2282	0.2114	1	14.0883	  5.1608	   2.2586	0.5378	0.5963	0.5379	0.5961	-1	0.2283	0.2242	1	14.0802	 -0.16	 -0.84	  8.10	310 Game time (seconds): 12.2414 Stroke: 1
777	  5.1914	MovieFrame	2	155
10	  5.1965	  25.2275	0.4386	0.5582	0.4389	0.5592	-1	0.2273	0.2108	1	14.1136	  5.1941	   2.1246	0.5375	0.5973	0.5377	0.5972	-1	0.2283	0.2237	1	14.1135	 -0.17	 -0.84	  8.10	311 Game time (seconds): 12.25023 Stroke: 1
10	  5.2046	   8.1324	0.4370	0.5600	0.4382	0.5595	-1	0.2299	0.2079	1	14.1217	  5.1941	   2.1246	0.5375	0.5973	0.5377	0.5972	-1	0.2283	0.2237	1	14.1135	 -0.17	 -0.84	  8.08	312 Game time (seconds): 12.27473 Stroke: 1
777	  5.2245	MovieFrame	2	156
10	  5.2296	  24.9974	0.4371	0.5588	0.4377	0.5592	-1	0.2301	0.2124	1	14.1467	  5.2274	   2.2573	0.5376	0.5975	0.5377	0.5978	-1	0.2282	0.2212	1	14.1468	 -0.18	 -0.84	  8.08	313 Game time (seconds): 12.28295 Stroke: 1
10	  5.2380	   8.3974	0.4366	0.5617	0.4373	0.5602	-1	0.2312	0.2093	1	14.1551	  5.2274	   2.2573	0.5376	0.5975	0.5377	0.5978	-1	0.2282	0.2212	1	14.1468	 -0.18	 -0.85	  8.07	314 Game time (seconds): 12.30684 Stroke: 1
777	  5.2581	MovieFrame	2	157
10	  5.2631	  25.1483	0.4363	0.5609	0.4369	0.5605	-1	0.2320	0.2107	1	14.1802	  5.2608	   2.1497	0.5378	0.5999	0.5377	0.5992	-1	0.2274	0.2235	1	14.1802	 -0.18	 -0.86	  8.06	315 Game time (seconds): 12.3194 Stroke: 1
10	  5.2714	   8.2134	0.4360	0.5628	0.4365	0.5614	-1	0.2311	0.2085	1	14.1885	  5.2608	   2.1497	0.5378	0.5999	0.5377	0.5992	-1	0.2274	0.2235	1	14.1802	 -0.18	 -0.86	  8.06	316 Game time (seconds): 12.34321 Stroke: 1
777	  5.2919	MovieFrame	2	158
10	  5.2967	  25.3144	0.4363	0.5617	0.4365	0.5615	-1	0.2319	0.2104	1	14.2138	  5.2944	   2.2352	0.5382	0.6014	0.5382	0.6005	-1	0.2255	0.2230	1	14.2138	 -0.18	 -0.87	  8.05	317 Game time (seconds): 12.35247 Stroke: 1
10	  5.3047	   8.0565	0.4363	0.5643	0.4364	0.5626	-1	0.2317	0.2111	1	14.2218	  5.2944	   2.2352	0.5382	0.6014	0.5382	0.6005	-1	0.2255	0.2230	1	14.2138	 -0.18	 -0.87	  8.05	318 Game time (seconds): 12.37684 Stroke: 1
777	  5.3256	MovieFrame	2	159
10	  5.3301	  25.3454	0.4365	0.5612	0.4364	0.5621	-1	0.2323	0.2104	1	14.2472	  5.3277	   2.1953	0.5384	0.6007	0.5383	0.6009	-1	0.2249	0.2223	1	14.2472	 -0.18	 -0.87	  8.05	319 Game time (seconds): 12.38582 Stroke: 1
10	  5.3381	   8.0258	0.4371	0.5623	0.4367	0.5622	-1	0.2325	0.2115	1	14.2552	  5.3277	   2.1953	0.5384	0.6007	0.5383	0.6009	-1	0.2249	0.2223	1	14.2472	 -0.18	 -0.87	  8.05	320 Game time (seconds): 12.40726 Stroke: 1
777	  5.3581	MovieFrame	2	160
10	  5.3631	  25.0017	0.4378	0.5601	0.4371	0.5614	-1	0.2334	0.2148	1	14.2802	  5.3608	   2.1995	0.5386	0.5989	0.5385	0.6003	-1	0.2281	0.2228	1	14.2802	 -0.17	 -0.87	  8.06	321 Game time (seconds): 12.41914 Stroke: 1
10	  5.3715	   8.4336	0.4382	0.5616	0.4376	0.5615	-1	0.2330	0.2134	1	14.2886	  5.3608	   2.1995	0.5386	0.5989	0.5385	0.6003	-1	0.2281	0.2228	1	14.2802	 -0.17	 -0.87	  8.06	322 Game time (seconds): 12.44109 Stroke: 1
777	  5.3916	MovieFrame	2	161
10	  5.3968	  25.2429	0.4384	0.5600	0.4379	0.5609	-1	0.2343	0.2153	1	14.3139	  5.3945	   2.2821	0.5408	0.6009	0.5400	0.6010	-1	0.2303	0.2235	1	14.3139	 -0.16	 -0.87	  8.04	323 Game time (seconds): 12.44987 Stroke: 1
10	  5.4048	   7.9875	0.4393	0.5611	0.4384	0.5610	-1	0.2351	0.2133	1	14.3219	  5.3945	   2.2821	0.5408	0.6009	0.5400	0.6010	-1	0.2303	0.2235	1	14.3139	 -0.15	 -0.87	  8.05	324 Game time (seconds): 12.47461 Stroke: 1
777	  5.4250	MovieFrame	2	162
10	  5.4302	  25.4191	0.4413	0.5588	0.4396	0.5601	-1	0.2338	0.2162	1	14.3473	  5.4280	   2.3517	0.5423	0.5977	0.5413	0.5998	-1	0.2330	0.2261	1	14.3474	 -0.14	 -0.86	  8.05	325 Game time (seconds): 12.48287 Stroke: 1
10	  5.4381	   7.9417	0.4416	0.5593	0.4404	0.5598	-1	0.2335	0.2150	1	14.3552	  5.4280	   2.3517	0.5423	0.5977	0.5413	0.5998	-1	0.2330	0.2261	1	14.3474	 -0.13	 -0.86	  8.06	326 Game time (seconds): 12.5092 Stroke: 1
777	  5.4581	MovieFrame	2	163
10	  5.4631	  24.9998	0.4420	0.5538	0.4410	0.5574	-1	0.2334	0.2174	1	14.3802	  5.4609	   2.1606	0.5429	0.6008	0.5421	0.5997	-1	0.2330	0.2185	1	14.3803	 -0.12	 -0.84	  8.06	327 Game time (seconds): 12.51797 Stroke: 1
10	  5.4715	   8.3808	0.4457	0.5572	0.4429	0.5573	-1	0.2392	0.1838	1	14.3886	  5.4609	   2.1606	0.5429	0.6008	0.5421	0.5997	-1	0.2330	0.2185	1	14.3803	 -0.11	 -0.84	  8.09	328 Game time (seconds): 12.5426 Stroke: 1
777	  5.4916	MovieFrame	2	164
10	  5.4968	  25.2708	0.4511	0.5734	0.4462	0.5637	-1	0.2038	0.0920	1	14.4139	  5.4944	   2.1489	0.5567	0.6435	0.5480	0.6172	-1	0.2281	0.1059	5	14.4117	 -0.04	 -0.97	  8.05	329 Game time (seconds): 12.55107 Stroke: 1
10	  5.5049	   8.1237	0.4901	0.5522	0.4637	0.5591	1	0.1284	0.0802	1	14.4220	  5.4944	   2.1489	0.5567	0.6435	0.5480	0.6172	-1	0.2281	0.1059	5	14.4117	  0.08	 -0.94	  8.33	330 Game time (seconds): 12.57793 Stroke: 1
777	  5.5260	MovieFrame	2	165
10	  5.5303	  25.3570	0.4680	0.5087	0.4654	0.5389	1	0.1956	0.0959	1	14.4474	  5.5280	   2.2056	0.5591	0.5633	0.5613	0.5971	-1	0.1746	0.0672	1	14.4474	  0.19	 -0.73	  8.14	331 Game time (seconds): 12.58662 Stroke: 1
10	  5.5384	   8.0888	0.4737	0.4656	0.4687	0.5096	1	0.2192	0.1428	1	14.4554	  5.5280	   2.2056	0.5591	0.5633	0.5613	0.5971	-1	0.1746	0.0672	1	14.4474	  0.21	 -0.57	  8.19	332 Game time (seconds): 12.6083 Stroke: 1
777	  5.5588	MovieFrame	2	166
10	  5.5633	  24.9941	0.4709	0.4352	0.4696	0.4798	1	0.2369	0.1880	1	14.4804	  5.5612	   2.2599	0.5502	0.4914	0.5539	0.5357	-1	0.2252	0.1665	1	14.4806	  0.17	 -0.08	  8.33	333 Game time (seconds): 12.61656 Stroke: 1
10	  5.5716	   8.2383	0.4688	0.4324	0.4693	0.4609	1	0.2426	0.1992	1	14.4887	  5.5612	   2.2599	0.5502	0.4914	0.5539	0.5357	-1	0.2252	0.1665	1	14.4806	  0.17	  0.02	  8.32	334 Game time (seconds): 12.64231 Stroke: 1
777	  5.5921	MovieFrame	2	167
10	  5.5971	  25.5011	0.4684	0.4392	0.4689	0.4522	1	0.2379	0.1853	1	14.5142	  5.5948	   2.2304	0.5607	0.5284	0.5574	0.5209	1	0.2005	0.1094	1	14.5142	  0.19	  0.14	  8.26	335 Game time (seconds): 12.65112 Stroke: 1
10	  5.6051	   8.0411	0.4762	0.5051	0.4718	0.4733	1	0.1990	0.0839	1	14.5222	  5.5948	   2.2304	0.5607	0.5284	0.5574	0.5209	1	0.2005	0.1094	1	14.5142	  0.21	  0.03	  8.31	336 Game time (seconds): 12.67535 Stroke: 1
777	  5.6251	MovieFrame	2	168
10	  5.6303	  25.2028	0.4762	0.5051	0.4718	0.4733	1	0.1990	0.0839	5	14.5222	  5.6281	   2.2663	0.5607	0.5284	0.5574	0.5209	1	0.2005	0.1094	5	14.5142	  0.21	  0.03	  8.31	337 Game time (seconds): 12.68377 Stroke: 1
10	  5.6383	   8.0061	0.4781	0.7333	0.4743	0.5773	-1	0.0161	0.0161	1	14.5554	  5.6281	   2.2663	0.5607	0.5284	0.5574	0.5209	1	0.2005	0.1094	5	14.5142	  0.23	 -0.53	  8.35	338 Game time (seconds): 12.70891 Stroke: 1
777	  5.6583	MovieFrame	2	169
10	  5.6635	  25.2117	0.8281	0.5908	0.6159	0.5827	-1	0.0258	0.0139	1	0.0000	  5.6612	   2.2031	0.8500	0.7616	0.6744	0.6172	-1	0.1523	0.0509	1	0.0000	  2.07	 -1.07	  8.78	339 Game time (seconds): 12.71667 Stroke: 1
10	  5.6718	   8.2073	0.5391	0.6925	0.5852	0.6266	-1	0.2750	0.0543	1	0.0082	  5.6612	   2.2031	0.8500	0.7616	0.6744	0.6172	-1	0.1523	0.0509	1	0.0000	  1.85	 -1.31	  8.25	340 Game time (seconds): 12.74251 Stroke: 1
777	  5.6921	MovieFrame	2	170
10	  5.6968	  25.0815	0.4685	0.4843	0.5385	0.5697	-1	0.2196	0.0970	1	0.0333	  5.6949	   2.6634	0.7776	0.6201	0.7499	0.6297	-1	0.1185	0.0600	1	0.0337	  2.06	 -1.07	  6.65	341 Game time (seconds): 12.75135 Stroke: 1
10	  5.7051	   8.2993	0.4652	0.4504	0.5092	0.5220	1	0.2426	0.1692	1	0.0416	  5.6949	   2.6634	0.7776	0.6201	0.7499	0.6297	-1	0.1185	0.0600	1	0.0337	  1.85	 -0.81	  6.36	342 Game time (seconds): 12.77669 Stroke: 1
777	  5.7255	MovieFrame	2	171
10	  5.7305	  25.3671	0.4643	0.4353	0.4912	0.4873	1	0.2465	0.2013	1	0.0670	  5.7281	   2.1647	0.5626	0.4808	0.6290	0.5396	-1	0.2462	0.1824	1	0.0669	  0.86	 -0.14	  7.53	343 Game time (seconds): 12.78617 Stroke: 1
10	  5.7384	   7.9136	0.4634	0.4302	0.4801	0.4645	1	0.2407	0.2262	1	0.0749	  5.7281	   2.1647	0.5626	0.4808	0.6290	0.5396	-1	0.2462	0.1824	1	0.0669	  0.78	 -0.02	  7.38	344 Game time (seconds): 12.81156 Stroke: 1
777	  5.7588	MovieFrame	2	172
10	  5.7636	  25.2215	0.4636	0.4320	0.4735	0.4515	1	0.2414	0.2362	1	0.1001	  5.7613	   2.1750	0.5671	0.4660	0.5895	0.4934	-1	0.2447	0.2275	1	0.1001	  0.45	  0.30	  7.84	345 Game time (seconds): 12.82031 Stroke: 1
10	  5.7718	   8.1756	0.4640	0.4394	0.4697	0.4466	1	0.2408	0.2363	1	0.1083	  5.7613	   2.1750	0.5671	0.4660	0.5895	0.4934	-1	0.2447	0.2275	1	0.1001	  0.42	  0.32	  7.78	346 Game time (seconds): 12.84227 Stroke: 1
777	  5.7920	MovieFrame	2	173
10	  5.7971	  25.2778	0.4647	0.4431	0.4677	0.4452	1	0.2408	0.2345	1	0.1335	  5.7949	   2.3540	0.5709	0.4627	0.5774	0.4739	-1	0.2496	0.2424	1	0.1336	  0.32	  0.43	  7.93	347 Game time (seconds): 12.85072 Stroke: 1
10	  5.8051	   8.0464	0.4662	0.4505	0.4671	0.4473	1	0.2408	0.2344	1	0.1416	  5.7949	   2.3540	0.5709	0.4627	0.5774	0.4739	-1	0.2496	0.2424	1	0.1336	  0.32	  0.42	  7.92	348 Game time (seconds): 12.87523 Stroke: 1
777	  5.8253	MovieFrame	2	174
10	  5.8305	  25.3930	0.4679	0.4536	0.4674	0.4498	1	0.2370	0.2345	1	0.1670	  5.8281	   2.1583	0.5762	0.4707	0.5760	0.4714	-1	0.2537	0.2390	1	0.1669	  0.31	  0.42	  7.95	349 Game time (seconds): 12.88336 Stroke: 1
10	  5.8386	   8.0913	0.4689	0.4598	0.4680	0.4538	1	0.2380	0.2306	1	0.1751	  5.8281	   2.1583	0.5762	0.4707	0.5760	0.4714	-1	0.2537	0.2390	1	0.1669	  0.31	  0.40	  7.96	350 Game time (seconds): 12.91082 Stroke: 1
777	  5.8591	MovieFrame	2	175
10	  5.8637	  25.0971	0.4701	0.4597	0.4689	0.4562	1	0.2378	0.2308	1	0.2002	  5.8614	   2.0747	0.5775	0.4746	0.5768	0.4731	-1	0.2522	0.2377	1	0.2002	  0.33	  0.38	  7.96	351 Game time (seconds): 12.91868 Stroke: 1
10	  5.8719	   8.1602	0.4713	0.4623	0.4698	0.4586	1	0.2375	0.2300	1	0.2083	  5.8614	   2.0747	0.5775	0.4746	0.5768	0.4731	-1	0.2522	0.2377	1	0.2002	  0.33	  0.37	  7.97	352 Game time (seconds): 12.94161 Stroke: 1
777	  5.8921	MovieFrame	2	176
10	  5.8970	  25.1694	0.4721	0.4609	0.4707	0.4595	1	0.2355	0.2296	1	0.2335	  5.8948	   2.2639	0.5793	0.4748	0.5784	0.4747	-1	0.2541	0.2369	1	0.2336	  0.35	  0.35	  7.96	353 Game time (seconds): 12.95025 Stroke: 1
10	  5.9053	   8.2181	0.4725	0.4623	0.4714	0.4607	1	0.2338	0.2269	1	0.2417	  5.8948	   2.2639	0.5793	0.4748	0.5784	0.4747	-1	0.2541	0.2369	1	0.2336	  0.36	  0.35	  7.97	354 Game time (seconds): 12.97657 Stroke: 1
777	  5.9256	MovieFrame	2	177
10	  5.9305	  25.2717	0.4727	0.4583	0.4719	0.4597	1	0.2330	0.2260	1	0.2670	  5.9283	   2.1878	0.5789	0.4746	0.5789	0.4755	-1	0.2544	0.2345	1	0.2671	  0.36	  0.35	  7.97	355 Game time (seconds): 12.98512 Stroke: 1
10	  5.9386	   8.0626	0.4721	0.4586	0.4720	0.4593	1	0.2309	0.2252	1	0.2751	  5.9283	   2.1878	0.5789	0.4746	0.5789	0.4755	-1	0.2544	0.2345	1	0.2671	  0.36	  0.35	  7.97	356 Game time (seconds): 13.00792 Stroke: 1
777	  5.9586	MovieFrame	2	178
10	  5.9637	  25.1016	0.4708	0.4769	0.4715	0.4663	1	0.2260	0.2219	1	0.3002	  5.9614	   2.2840	0.5632	0.5166	0.5727	0.4926	-1	0.2518	0.2291	1	0.3002	  0.32	  0.22	  8.06	357 Game time (seconds): 13.02013 Stroke: 1
10	  5.9720	   8.3230	0.4632	0.5513	0.4682	0.5003	1	0.2258	0.2158	1	0.3085	  5.9614	   2.2840	0.5632	0.5166	0.5727	0.4926	-1	0.2518	0.2291	1	0.3002	  0.29	  0.04	  8.01	358 Game time (seconds): 13.04275 Stroke: 1
777	  5.9920	MovieFrame	2	179
10	  5.9973	  25.2705	0.4742	0.6094	0.4706	0.5439	1	0.2281	0.2058	1	0.3337	  5.9950	   2.2432	0.5462	0.6421	0.5546	0.5770	-1	0.2333	0.2253	1	0.3338	  0.18	 -0.65	  8.33	359 Game time (seconds): 13.05125 Stroke: 1
10	  6.0054	   8.0573	0.4692	0.6168	0.4700	0.5731	-1	0.2275	0.2094	1	0.3418	  5.9950	   2.2432	0.5462	0.6421	0.5546	0.5770	-1	0.2333	0.2253	1	0.3338	  0.18	 -0.80	  8.32	360 Game time (seconds): 13.07493 Stroke: 1
777	  6.0257	MovieFrame	2	180
10	  6.0305	  25.1660	0.4682	0.6162	0.4693	0.5904	-1	0.2269	0.2083	1	0.3670	  6.0282	   2.1327	0.5490	0.6403	0.5509	0.6179	-1	0.2320	0.2276	1	0.3669	  0.14	 -1.12	  8.37	361 Game time (seconds): 13.08365 Stroke: 1
10	  6.0387	   8.1530	0.4652	0.6162	0.4677	0.6007	-1	0.2243	0.2057	1	0.3751	  6.0282	   2.1327	0.5490	0.6403	0.5509	0.6179	-1	0.2320	0.2276	1	0.3669	  0.13	 -1.17	  8.35	362 Game time (seconds): 13.11121 Stroke: 1
777	  6.0598	MovieFrame	2	181
10	  6.0641	  25.4323	0.4631	0.6144	0.4658	0.6062	-1	0.2250	0.2079	1	0.4006	  6.0618	   2.1734	0.5495	0.6403	0.5498	0.6328	-1	0.2305	0.2232	1	0.4006	  0.11	 -1.28	  8.33	363 Game time (seconds): 13.11947 Stroke: 1
10	  6.0721	   8.0055	0.4620	0.6157	0.4643	0.6100	-1	0.2243	0.2074	1	0.4086	  6.0618	   2.1734	0.5495	0.6403	0.5498	0.6328	-1	0.2305	0.2232	1	0.4006	  0.10	 -1.30	  8.31	364 Game time (seconds): 13.14163 Stroke: 1
777	  6.0923	MovieFrame	2	182
10	  6.0974	  25.2482	0.4598	0.6113	0.4625	0.6105	-1	0.2266	0.1999	1	0.4338	  6.0950	   2.2178	0.5505	0.6392	0.5504	0.6377	-1	0.2294	0.2215	1	0.4338	  0.09	 -1.33	  8.27	365 Game time (seconds): 13.15014 Stroke: 1
10	  6.1055	   8.1256	0.4584	0.6123	0.4608	0.6112	-1	0.2261	0.1968	1	0.4419	  6.0950	   2.2178	0.5505	0.6392	0.5504	0.6377	-1	0.2294	0.2215	1	0.4338	  0.08	 -1.33	  8.24	366 Game time (seconds): 13.17486 Stroke: 1
777	  6.1255	MovieFrame	2	183
10	  6.1306	  25.1148	0.4581	0.6107	0.4597	0.6110	-1	0.2269	0.2000	1	0.4671	  6.1283	   2.2520	0.5528	0.6352	0.5516	0.6377	-1	0.2273	0.2145	1	0.4671	  0.08	 -1.33	  8.21	367 Game time (seconds): 13.18379 Stroke: 1
10	  6.1389	   8.2653	0.4559	0.6118	0.4582	0.6114	-1	0.2239	0.1964	1	0.4753	  6.1283	   2.2520	0.5528	0.6352	0.5516	0.6377	-1	0.2273	0.2145	1	0.4671	  0.07	 -1.33	  8.18	368 Game time (seconds): 13.20924 Stroke: 1
777	  6.1590	MovieFrame	2	184
10	  6.1641	  25.1962	0.4560	0.6098	0.4573	0.6108	-1	0.2251	0.1966	1	0.5005	  6.1618	   2.2314	0.5527	0.6351	0.5521	0.6364	-1	0.2262	0.2137	1	0.5006	  0.07	 -1.32	  8.16	369 Game time (seconds): 13.21934 Stroke: 1
10	  6.1722	   8.1853	0.4550	0.6127	0.4564	0.6115	-1	0.2236	0.1997	1	0.5087	  6.1618	   2.2314	0.5527	0.6351	0.5521	0.6364	-1	0.2262	0.2137	1	0.5006	  0.06	 -1.33	  8.14	370 Game time (seconds): 13.24147 Stroke: 1
777	  6.1923	MovieFrame	2	185
10	  6.1974	  25.1540	0.4578	0.6108	0.4569	0.6112	-1	0.2231	0.2057	1	0.5339	  6.1951	   2.2564	0.5570	0.6338	0.5542	0.6352	-1	0.2237	0.2158	1	0.5339	  0.08	 -1.32	  8.12	371 Game time (seconds): 13.251 Stroke: 1
10	  6.2056	   8.2142	0.4649	0.6101	0.4601	0.6108	-1	0.2239	0.2025	1	0.5421	  6.1951	   2.2564	0.5570	0.6338	0.5542	0.6352	-1	0.2237	0.2158	1	0.5339	  0.10	 -1.32	  8.17	372 Game time (seconds): 13.27644 Stroke: 1
777	  6.2259	MovieFrame	2	186
10	  6.2309	  25.2370	0.4621	0.6048	0.4609	0.6084	-1	0.2234	0.1965	1	0.5673	  6.2285	   2.2244	0.5584	0.6322	0.5567	0.6339	-1	0.2233	0.2141	1	0.5673	  0.13	 -1.30	  8.14	373 Game time (seconds): 13.28454 Stroke: 1
10	  6.2389	   8.0114	0.4620	0.6082	0.4613	0.6083	-1	0.2230	0.1986	1	0.5753	  6.2285	   2.2244	0.5584	0.6322	0.5567	0.6339	-1	0.2233	0.2141	1	0.5673	  0.13	 -1.30	  8.15	374 Game time (seconds): 13.30996 Stroke: 1
777	  6.2588	MovieFrame	2	187
10	  6.2640	  25.1417	0.4623	0.6047	0.4617	0.6069	-1	0.2234	0.1977	1	0.6005	  6.2617	   2.2087	0.5583	0.6320	0.5577	0.6332	-1	0.2226	0.2129	1	0.6005	  0.14	 -1.29	  8.14	375 Game time (seconds): 13.31788 Stroke: 1
10	  6.2723	   8.3008	0.4621	0.6063	0.4619	0.6066	-1	0.2218	0.1958	1	0.6088	  6.2617	   2.2087	0.5583	0.6320	0.5577	0.6332	-1	0.2226	0.2129	1	0.6005	  0.14	 -1.28	  8.14	376 Game time (seconds): 13.34116 Stroke: 1
777	  6.2931	MovieFrame	2	188
10	  6.2977	  25.3550	0.4618	0.6031	0.4618	0.6052	-1	0.2219	0.1970	1	0.6341	  6.2954	   2.2437	0.5585	0.6289	0.5582	0.6316	-1	0.2218	0.2132	1	0.6342	  0.14	 -1.27	  8.13	377 Game time (seconds): 13.35422 Stroke: 1
10	  6.3057	   8.0684	0.4620	0.6048	0.4619	0.6051	-1	0.2212	0.1951	1	0.6422	  6.2954	   2.2437	0.5585	0.6289	0.5582	0.6316	-1	0.2218	0.2132	1	0.6342	  0.14	 -1.27	  8.13	378 Game time (seconds): 13.3768 Stroke: 1
777	  6.3259	MovieFrame	2	189
10	  6.3309	  25.1818	0.4612	0.6029	0.4616	0.6042	-1	0.2208	0.1968	1	0.6674	  6.3287	   2.1811	0.5584	0.6290	0.5582	0.6306	-1	0.2208	0.2139	1	0.6674	  0.14	 -1.26	  8.13	379 Game time (seconds): 13.38466 Stroke: 1
10	  6.3391	   8.1791	0.4611	0.6046	0.4614	0.6043	-1	0.2206	0.1944	1	0.6755	  6.3287	   2.1811	0.5584	0.6290	0.5582	0.6306	-1	0.2208	0.2139	1	0.6674	  0.14	 -1.26	  8.13	380 Game time (seconds): 13.41014 Stroke: 1
777	  6.3592	MovieFrame	2	190
10	  6.3640	  24.9416	0.4607	0.6018	0.4611	0.6033	-1	0.2200	0.1948	1	0.7005	  6.3618	   2.1686	0.5567	0.6293	0.5575	0.6301	-1	0.2197	0.2145	1	0.7005	  0.13	 -1.25	  8.13	381 Game time (seconds): 13.41958 Stroke: 1
10	  6.3723	   8.3033	0.4604	0.6029	0.4608	0.6032	-1	0.2188	0.1932	1	0.7088	  6.3618	   2.1686	0.5567	0.6293	0.5575	0.6301	-1	0.2197	0.2145	1	0.7005	  0.13	 -1.25	  8.13	382 Game time (seconds): 13.44314 Stroke: 1
777	  6.3925	MovieFrame	2	191
10	  6.3976	  25.2808	0.4604	0.6009	0.4606	0.6023	-1	0.2192	0.1934	1	0.7341	  6.3954	   2.2439	0.5569	0.6265	0.5571	0.6287	-1	0.2183	0.2122	1	0.7342	  0.13	 -1.24	  8.13	383 Game time (seconds): 13.45178 Stroke: 1
10	  6.4058	   8.1776	0.4601	0.6024	0.4604	0.6023	-1	0.2196	0.1957	1	0.7422	  6.3954	   2.2439	0.5569	0.6265	0.5571	0.6287	-1	0.2183	0.2122	1	0.7342	  0.13	 -1.24	  8.13	384 Game time (seconds): 13.47738 Stroke: 1
777	  6.4258	MovieFrame	2	192
10	  6.4309	  25.1037	0.4595	0.5961	0.4601	0.5998	-1	0.2190	0.1949	1	0.7673	  6.4286	   2.2282	0.5577	0.6240	0.5570	0.6268	-1	0.2181	0.2063	1	0.7674	  0.12	 -1.21	  8.12	385 Game time (seconds): 13.48662 Stroke: 1
10	  6.4390	   8.0929	0.4588	0.5972	0.4595	0.5988	-1	0.2187	0.1961	1	0.7754	  6.4286	   2.2282	0.5577	0.6240	0.5570	0.6268	-1	0.2181	0.2063	1	0.7674	  0.12	 -1.21	  8.12	386 Game time (seconds): 13.51086 Stroke: 1
777	  6.4592	MovieFrame	2	193
10	  6.4645	  25.4612	0.4584	0.5938	0.4591	0.5968	-1	0.2176	0.1941	1	0.8009	  6.4622	   2.2379	0.5559	0.6222	0.5565	0.6246	-1	0.2168	0.2098	1	0.8010	  0.11	 -1.19	  8.12	387 Game time (seconds): 13.51893 Stroke: 1
10	  6.4724	   7.9333	0.4590	0.5951	0.4591	0.5961	-1	0.2193	0.1967	1	0.8088	  6.4622	   2.2379	0.5559	0.6222	0.5565	0.6246	-1	0.2168	0.2098	1	0.8010	  0.11	 -1.18	  8.12	388 Game time (seconds): 13.54471 Stroke: 1
777	  6.4929	MovieFrame	2	194
10	  6.4979	  25.5068	0.4579	0.5911	0.4586	0.5941	-1	0.2182	0.1981	1	0.8343	  6.4956	   2.1951	0.5554	0.6194	0.5558	0.6222	-1	0.2192	0.2137	1	0.8344	  0.10	 -1.16	  8.12	389 Game time (seconds): 13.55321 Stroke: 1
10	  6.5058	   7.9363	0.4572	0.5912	0.4580	0.5929	-1	0.2187	0.1945	1	0.8423	  6.4956	   2.1951	0.5554	0.6194	0.5558	0.6222	-1	0.2192	0.2137	1	0.8344	  0.10	 -1.15	  8.11	390 Game time (seconds): 13.57657 Stroke: 1
777	  6.5262	MovieFrame	2	195
10	  6.5312	  25.4122	0.4575	0.5870	0.4578	0.5906	-1	0.2170	0.1957	1	0.8677	  6.5288	   2.2166	0.5543	0.6156	0.5549	0.6190	-1	0.2179	0.2161	1	0.8676	  0.09	 -1.12	  8.12	391 Game time (seconds): 13.58488 Stroke: 1
10	  6.5391	   7.8990	0.4568	0.5873	0.4574	0.5893	-1	0.2200	0.1957	1	0.8756	  6.5288	   2.2166	0.5543	0.6156	0.5549	0.6190	-1	0.2179	0.2161	1	0.8676	  0.09	 -1.12	  8.12	392 Game time (seconds): 13.61205 Stroke: 1
777	  6.5595	MovieFrame	2	196
10	  6.5646	  25.4165	0.4562	0.5847	0.4569	0.5874	-1	0.2195	0.1996	1	0.9010	  6.5623	   2.2242	0.5539	0.6138	0.5544	0.6164	-1	0.2191	0.2168	1	0.9011	  0.08	 -1.09	  8.12	393 Game time (seconds): 13.62057 Stroke: 1
10	  6.5726	   8.0226	0.4562	0.5863	0.4566	0.5870	-1	0.2201	0.1990	1	0.9090	  6.5623	   2.2242	0.5539	0.6138	0.5544	0.6164	-1	0.2191	0.2168	1	0.9011	  0.08	 -1.09	  8.11	394 Game time (seconds): 13.64274 Stroke: 1
777	  6.5936	MovieFrame	2	197
10	  6.5979	  25.3531	0.4555	0.5853	0.4562	0.5863	-1	0.2214	0.1991	1	0.9344	  6.5956	   2.2402	0.5545	0.6167	0.5543	0.6168	-1	0.2196	0.2169	1	0.9344	  0.07	 -1.09	  8.11	395 Game time (seconds): 13.65105 Stroke: 1
10	  6.6059	   7.9549	0.4554	0.5884	0.4559	0.5871	-1	0.2222	0.2014	1	0.9423	  6.5956	   2.2402	0.5545	0.6167	0.5543	0.6168	-1	0.2196	0.2169	1	0.9344	  0.07	 -1.09	  8.10	396 Game time (seconds): 13.67663 Stroke: 1
777	  6.6266	MovieFrame	2	198
10	  6.6312	  25.2939	0.4552	0.5871	0.4556	0.5871	-1	0.2224	0.1993	1	0.9676	  6.6289	   2.1967	0.5536	0.6211	0.5540	0.6195	-1	0.2244	0.2191	1	0.9677	  0.07	 -1.11	  8.10	397 Game time (seconds): 13.68553 Stroke: 1
10	  6.6392	   8.0561	0.4548	0.5905	0.4553	0.5885	-1	0.2245	0.1978	1	0.9757	  6.6289	   2.1967	0.5536	0.6211	0.5540	0.6195	-1	0.2244	0.2191	1	0.9677	  0.07	 -1.11	  8.10	398 Game time (seconds): 13.71091 Stroke: 1
777	  6.6601	MovieFrame	2	199
10	  6.6648	  25.5203	0.4552	0.5899	0.4552	0.5891	-1	0.2244	0.1989	1	1.0012	  6.6624	   2.2729	0.5545	0.6240	0.5543	0.6224	-1	0.2236	0.2196	1	1.0012	  0.07	 -1.13	  8.09	399 Game time (seconds): 13.7202 Stroke: 1
10	  6.6726	   7.8783	0.4560	0.5945	0.4556	0.5912	-1	0.2271	0.2037	1	1.0091	  6.6624	   2.2729	0.5545	0.6240	0.5543	0.6224	-1	0.2236	0.2196	1	1.0012	  0.07	 -1.14	  8.10	400 Game time (seconds): 13.74355 Stroke: 1
777	  6.6930	MovieFrame	2	200
10	  6.6982	  25.5495	0.4558	0.5938	0.4557	0.5923	-1	0.2274	0.2051	1	1.0346	  6.6958	   2.2331	0.5552	0.6256	0.5548	0.6248	-1	0.2245	0.2186	1	1.0346	  0.07	 -1.16	  8.09	401 Game time (seconds): 13.75293 Stroke: 1
10	  6.7061	   7.9024	0.4559	0.5955	0.4558	0.5936	-1	0.2272	0.2047	1	1.0425	  6.6958	   2.2331	0.5552	0.6256	0.5548	0.6248	-1	0.2245	0.2186	1	1.0346	  0.08	 -1.17	  8.09	402 Game time (seconds): 13.77826 Stroke: 1
777	  6.7261	MovieFrame	2	201
10	  6.7312	  25.0661	0.4555	0.5946	0.4557	0.5940	-1	0.2284	0.2055	1	1.0676	  6.7288	   2.2164	0.5544	0.6273	0.5547	0.6268	-1	0.2251	0.2181	1	1.0676	  0.07	 -1.18	  8.09	403 Game time (seconds): 13.78826 Stroke: 1
10	  6.7394	   8.2356	0.4546	0.5968	0.4552	0.5951	-1	0.2282	0.2030	1	1.0758	  6.7288	   2.2164	0.5544	0.6273	0.5547	0.6268	-1	0.2251	0.2181	1	1.0676	  0.07	 -1.19	  8.09	404 Game time (seconds): 13.81072 Stroke: 1
777	  6.7596	MovieFrame	2	202
10	  6.7647	  25.3421	0.4547	0.5956	0.4550	0.5953	-1	0.2293	0.2064	1	1.1012	  6.7624	   2.1443	0.5536	0.6281	0.5541	0.6280	-1	0.2283	0.2191	1	1.1012	  0.06	 -1.20	  8.09	405 Game time (seconds): 13.81823 Stroke: 1
10	  6.7727	   7.9977	0.4542	0.5974	0.4547	0.5962	-1	0.2287	0.2042	1	1.1092	  6.7624	   2.1443	0.5536	0.6281	0.5541	0.6280	-1	0.2283	0.2191	1	1.1012	  0.06	 -1.20	  8.09	406 Game time (seconds): 13.84171 Stroke: 1
777	  6.7931	MovieFrame	2	203
10	  6.7981	  25.3480	0.4545	0.5953	0.4546	0.5958	-1	0.2307	0.2060	1	1.1345	  6.7957	   1.9883	0.5539	0.6277	0.5539	0.6281	-1	0.2297	0.2217	1	1.1345	  0.06	 -1.20	  8.09	407 Game time (seconds): 13.85426 Stroke: 1
10	  6.8061	   8.0288	0.4538	0.5982	0.4543	0.5968	-1	0.2312	0.2049	1	1.1426	  6.7957	   1.9883	0.5539	0.6277	0.5539	0.6281	-1	0.2297	0.2217	1	1.1345	  0.06	 -1.20	  8.08	408 Game time (seconds): 13.87604 Stroke: 1
777	  6.8264	MovieFrame	2	204
10	  6.8314	  25.2981	0.4537	0.5952	0.4541	0.5961	-1	0.2304	0.2086	1	1.1679	  6.8291	   2.1691	0.5543	0.6261	0.5539	0.6274	-1	0.2296	0.2209	1	1.1679	  0.06	 -1.20	  8.08	409 Game time (seconds): 13.88524 Stroke: 1
10	  6.8395	   8.1469	0.4540	0.5977	0.4540	0.5968	-1	0.2316	0.2101	1	1.1760	  6.8291	   2.1691	0.5543	0.6261	0.5539	0.6274	-1	0.2296	0.2209	1	1.1679	  0.06	 -1.20	  8.08	410 Game time (seconds): 13.91124 Stroke: 1
777	  6.8600	MovieFrame	2	205
10	  6.8648	  25.2616	0.4537	0.5944	0.4539	0.5958	-1	0.2308	0.2095	1	1.2013	  6.8624	   2.3064	0.5548	0.6235	0.5543	0.6258	-1	0.2280	0.2210	1	1.2012	  0.06	 -1.19	  8.07	411 Game time (seconds): 13.92021 Stroke: 1
10	  6.8728	   8.0277	0.4537	0.5971	0.4538	0.5963	-1	0.2309	0.2128	1	1.2093	  6.8624	   2.3064	0.5548	0.6235	0.5543	0.6258	-1	0.2280	0.2210	1	1.2012	  0.06	 -1.19	  8.07	412 Game time (seconds): 13.94181 Stroke: 1
777	  6.8932	MovieFrame	2	206
10	  6.8983	  25.4132	0.4544	0.5936	0.4541	0.5952	-1	0.2317	0.2103	1	1.2347	  6.8959	   2.1004	0.5544	0.6228	0.5544	0.6245	-1	0.2274	0.2231	1	1.2347	  0.06	 -1.18	  8.07	413 Game time (seconds): 13.95114 Stroke: 1
10	  6.9061	   7.8723	0.4544	0.5938	0.4542	0.5947	-1	0.2331	0.2109	1	1.2426	  6.8959	   2.1004	0.5544	0.6228	0.5544	0.6245	-1	0.2274	0.2231	1	1.2347	  0.06	 -1.17	  8.07	414 Game time (seconds): 13.97731 Stroke: 1
777	  6.9266	MovieFrame	2	207
10	  6.9313	  25.1562	0.4550	0.5919	0.4545	0.5936	-1	0.2335	0.2134	1	1.2677	  6.9289	   2.1813	0.5537	0.6218	0.5541	0.6232	-1	0.2271	0.2245	1	1.2677	  0.06	 -1.16	  8.08	415 Game time (seconds): 13.98578 Stroke: 1
10	  6.9395	   8.2363	0.4551	0.5927	0.4548	0.5932	-1	0.2337	0.2121	1	1.2760	  6.9289	   2.1813	0.5537	0.6218	0.5541	0.6232	-1	0.2271	0.2245	1	1.2677	  0.06	 -1.16	  8.09	416 Game time (seconds): 14.00929 Stroke: 1
777	  6.9598	MovieFrame	2	208
10	  6.9648	  25.2380	0.4554	0.5912	0.4550	0.5924	-1	0.2347	0.2118	1	1.3012	  6.9624	   2.2544	0.5533	0.6187	0.5538	0.6211	-1	0.2309	0.2274	1	1.3012	  0.06	 -1.14	  8.10	417 Game time (seconds): 14.01829 Stroke: 1
10	  6.9729	   8.1180	0.4557	0.5914	0.4553	0.5920	-1	0.2337	0.2122	1	1.3093	  6.9624	   2.2544	0.5533	0.6187	0.5538	0.6211	-1	0.2309	0.2274	1	1.3012	  0.06	 -1.14	  8.10	418 Game time (seconds): 14.04259 Stroke: 1
777	  6.9932	MovieFrame	2	209
10	  6.9981	  25.2477	0.4563	0.5887	0.4557	0.5907	-1	0.2341	0.2166	1	1.3346	  6.9958	   2.0972	0.5532	0.6158	0.5535	0.6183	-1	0.2319	0.2272	1	1.3346	  0.07	 -1.12	  8.11	419 Game time (seconds): 14.05093 Stroke: 1
10	  7.0062	   8.1252	0.4567	0.5894	0.4561	0.5902	-1	0.2345	0.2138	1	1.3427	  6.9958	   2.0972	0.5532	0.6158	0.5535	0.6183	-1	0.2319	0.2272	1	1.3346	  0.07	 -1.12	  8.12	420 Game time (seconds): 14.07867 Stroke: 1
777	  7.0267	MovieFrame	2	210
10	  7.0317	  25.4928	0.4559	0.5877	0.4560	0.5892	-1	0.2340	0.2163	1	1.3682	  7.0294	   2.1552	0.5545	0.6148	0.5542	0.6164	-1	0.2331	0.2306	1	1.3682	  0.07	 -1.10	  8.11	421 Game time (seconds): 14.08338 Stroke: 1
10	  7.0396	   7.8461	0.4561	0.5884	0.4561	0.5889	-1	0.2354	0.2140	1	1.3760	  7.0294	   2.1552	0.5545	0.6148	0.5542	0.6164	-1	0.2331	0.2306	1	1.3682	  0.07	 -1.10	  8.11	422 Game time (seconds): 14.11379 Stroke: 1
777	  7.0600	MovieFrame	2	211
10	  7.0650	  25.4365	0.4562	0.5862	0.4561	0.5878	-1	0.2353	0.2172	1	1.4015	  7.0627	   2.1441	0.5538	0.6153	0.5543	0.6159	-1	0.2388	0.2362	1	1.4015	  0.07	 -1.09	  8.11	423 Game time (seconds): 14.1182 Stroke: 1
10	  7.0729	   7.9246	0.4558	0.5878	0.4560	0.5878	-1	0.2358	0.2160	1	1.4094	  7.0627	   2.1441	0.5538	0.6153	0.5543	0.6159	-1	0.2388	0.2362	1	1.4015	  0.07	 -1.09	  8.10	424 Game time (seconds): 14.14362 Stroke: 1
777	  7.0932	MovieFrame	2	212
10	  7.0984	  25.4654	0.4559	0.5861	0.4559	0.5871	-1	0.2362	0.2176	1	1.4349	  7.0961	   2.1781	0.5538	0.6157	0.5543	0.6161	-1	0.2391	0.2366	1	1.4349	  0.07	 -1.09	  8.10	425 Game time (seconds): 14.15198 Stroke: 1
10	  7.1063	   7.9364	0.4556	0.5881	0.4558	0.5875	-1	0.2362	0.2162	1	1.4428	  7.0961	   2.1781	0.5538	0.6157	0.5543	0.6161	-1	0.2391	0.2366	1	1.4349	  0.07	 -1.09	  8.10	426 Game time (seconds): 14.17577 Stroke: 1
777	  7.1266	MovieFrame	2	213
10	  7.1317	  25.3866	0.4555	0.5868	0.4557	0.5872	-1	0.2365	0.2175	1	1.4682	  7.1294	   2.2507	0.5543	0.6175	0.5546	0.6170	-1	0.2382	0.2361	1	1.4682	  0.07	 -1.09	  8.09	427 Game time (seconds): 14.18451 Stroke: 1
10	  7.1396	   7.9110	0.4555	0.5886	0.4556	0.5878	-1	0.2365	0.2162	1	1.4761	  7.1294	   2.2507	0.5543	0.6175	0.5546	0.6170	-1	0.2382	0.2361	1	1.4682	  0.07	 -1.10	  8.09	428 Game time (seconds): 14.21298 Stroke: 1
777	  7.1602	MovieFrame	2	214
10	  7.1653	  25.6255	0.4546	0.5878	0.4552	0.5878	-1	0.2384	0.2178	1	1.5017	  7.1629	   2.2004	0.5533	0.6178	0.5542	0.6175	-1	0.2403	0.2392	1	1.5017	  0.07	 -1.10	  8.09	429 Game time (seconds): 14.22169 Stroke: 1
10	  7.1731	   7.8253	0.4546	0.5895	0.4549	0.5885	-1	0.2384	0.2172	1	1.5095	  7.1629	   2.2004	0.5533	0.6178	0.5542	0.6175	-1	0.2403	0.2392	1	1.5017	  0.06	 -1.10	  8.09	430 Game time (seconds): 14.24302 Stroke: 1
777	  7.1933	MovieFrame	2	215
10	  7.1983	  25.1867	0.4541	0.5882	0.4546	0.5884	-1	0.2387	0.2177	1	1.5347	  7.1960	   2.2309	0.5530	0.6175	0.5537	0.6178	-1	0.2400	0.2388	1	1.5348	  0.06	 -1.10	  8.09	431 Game time (seconds): 14.25125 Stroke: 1
10	  7.2065	   8.1830	0.4542	0.5900	0.4544	0.5890	-1	0.2389	0.2171	1	1.5429	  7.1960	   2.2309	0.5530	0.6175	0.5537	0.6178	-1	0.2400	0.2388	1	1.5348	  0.06	 -1.11	  8.09	432 Game time (seconds): 14.27565 Stroke: 1
777	  7.2270	MovieFrame	2	216
10	  7.2317	  25.2521	0.4539	0.5884	0.4542	0.5888	-1	0.2388	0.2182	1	1.5682	  7.2295	   2.1741	0.5532	0.6180	0.5537	0.6180	-1	0.2404	0.2394	1	1.5683	  0.06	 -1.11	  8.08	433 Game time (seconds): 14.28864 Stroke: 1
10	  7.2397	   8.0032	0.4533	0.5916	0.4538	0.5899	-1	0.2402	0.2218	1	1.5762	  7.2295	   2.1741	0.5532	0.6180	0.5537	0.6180	-1	0.2404	0.2394	1	1.5683	  0.05	 -1.11	  8.08	434 Game time (seconds): 14.31105 Stroke: 1
777	  7.2602	MovieFrame	2	217
10	  7.2653	  25.5962	0.4539	0.5884	0.4539	0.5893	-1	0.2390	0.2184	1	1.6018	  7.2630	   2.2170	0.5535	0.6191	0.5537	0.6195	-1	0.2407	0.2386	1	1.6018	  0.05	 -1.12	  8.08	435 Game time (seconds): 14.31978 Stroke: 1
10	  7.2732	   7.9124	0.4537	0.5910	0.4538	0.5900	-1	0.2395	0.2222	1	1.6097	  7.2630	   2.2170	0.5535	0.6191	0.5537	0.6195	-1	0.2407	0.2386	1	1.6018	  0.05	 -1.12	  8.08	436		
777	  7.2936	MovieFrame	2	218
10	  7.2987	  25.4215	0.4537	0.5866	0.4537	0.5886	-1	0.2389	0.2203	1	1.6351	  7.2963	   2.0938	0.5544	0.6211	0.5541	0.6209	-1	0.2407	0.2367	1	1.6350	  0.06	 -1.12	  8.07	437		
10	  7.3066	   7.9398	0.4534	0.5872	0.4536	0.5880	-1	0.2404	0.2193	1	1.6430	  7.2963	   2.0938	0.5544	0.6211	0.5541	0.6209	-1	0.2407	0.2367	1	1.6350	  0.06	 -1.12	  8.07	438		
777	  7.3270	MovieFrame	2	219
10	  7.3320	  25.4366	0.4535	0.5852	0.4536	0.5869	-1	0.2404	0.2185	1	1.6685	  7.3298	   2.2252	0.5547	0.6206	0.5544	0.6213	-1	0.2449	0.2434	1	1.6686	  0.06	 -1.12	  8.06	439		
10	  7.3399	   7.8381	0.4530	0.5865	0.4533	0.5867	-1	0.2411	0.2193	1	1.6763	  7.3298	   2.2252	0.5547	0.6206	0.5544	0.6213	-1	0.2449	0.2434	1	1.6686	  0.06	 -1.11	  8.06	440		
777	  7.3599	MovieFrame	2	220
10	  7.3654	  25.5762	0.4537	0.5842	0.4535	0.5857	-1	0.2403	0.2193	1	1.7019	  7.3632	   2.2418	0.5536	0.6218	0.5540	0.6216	-1	0.2411	0.2381	1	1.7020	  0.05	 -1.11	  8.07	441		
10	  7.3733	   7.8228	0.4522	0.5890	0.4530	0.5870	-1	0.2398	0.2249	1	1.7097	  7.3632	   2.2418	0.5536	0.6218	0.5540	0.6216	-1	0.2411	0.2381	1	1.7020	  0.05	 -1.12	  8.06	442		
777	  7.3936	MovieFrame	2	221
10	  7.3986	  25.3587	0.4526	0.5849	0.4528	0.5862	-1	0.2416	0.2199	1	1.7351	  7.3963	   2.2427	0.5526	0.6222	0.5530	0.6224	-1	0.2429	0.2332	1	1.7351	  0.04	 -1.12	  8.07	443		
10	  7.4067	   8.1063	0.4518	0.5897	0.4524	0.5876	-1	0.2405	0.2249	1	1.7432	  7.3963	   2.2427	0.5526	0.6222	0.5530	0.6224	-1	0.2429	0.2332	1	1.7351	  0.04	 -1.12	  8.07	444		
777	  7.4273	MovieFrame	2	222
10	  7.4322	  25.4976	0.4521	0.5870	0.4523	0.5874	-1	0.2427	0.2200	1	1.7687	  7.4299	   2.1877	0.5516	0.6229	0.5525	0.6228	-1	0.2432	0.2371	1	1.7687	  0.03	 -1.13	  8.07	445		
10	  7.4400	   7.7460	0.4521	0.5885	0.4522	0.5878	-1	0.2426	0.2194	1	1.7764	  7.4299	   2.1877	0.5516	0.6229	0.5525	0.6228	-1	0.2432	0.2371	1	1.7687	  0.03	 -1.13	  8.07	446		
777	  7.4600	MovieFrame	2	223
10	  7.4654	  25.4200	0.4517	0.5875	0.4520	0.5877	-1	0.2425	0.2179	1	1.8018	  7.4630	   2.2278	0.5510	0.6233	0.5516	0.6232	-1	0.2436	0.2377	1	1.8018	  0.03	 -1.13	  8.08	447		
10	  7.4734	   7.9698	0.4504	0.5901	0.4514	0.5886	-1	0.2412	0.2158	1	1.8098	  7.4630	   2.2278	0.5510	0.6233	0.5516	0.6232	-1	0.2436	0.2377	1	1.8018	  0.02	 -1.13	  8.07	448		
777	  7.4935	MovieFrame	2	224
10	  7.4987	  25.2994	0.4498	0.5891	0.4507	0.5888	-1	0.2430	0.2204	1	1.8351	  7.4964	   2.2144	0.5513	0.6217	0.5511	0.6230	-1	0.2447	0.2431	1	1.8352	  0.01	 -1.13	  8.07	449		
