# Blender v2.93.5 OBJ File: ''
# www.blender.org
mtllib altclub.mtl
o 10509_Golf_Club_-_Putter_L3
v -7.173700 -0.525200 -0.000000
v -7.173700 -0.262600 -0.000000
v -6.526300 -0.404000 -0.000000
v -6.526300 -0.808100 -0.000000
v -7.173700 0.000000 0.000000
v -6.526300 0.000000 0.000000
v -5.888800 -0.536600 -0.000000
v -5.888800 -1.073200 -0.000000
v -5.887600 0.002200 0.000000
v -7.173700 0.262600 0.000000
v -7.173700 0.525200 0.000000
v -6.526300 0.808100 0.000000
v -6.526300 0.404000 0.000000
v -5.878900 1.090900 0.000000
v -5.883900 0.545500 0.000000
v -4.584100 1.656600 0.000000
v -4.653300 0.792900 0.000000
v -5.251300 0.686900 0.000000
v -5.231500 1.373700 0.000000
v -4.675500 0.013300 0.000000
v -5.266100 0.008800 0.000000
v -4.682900 -0.739900 -0.000000
v -4.682900 -1.479800 -0.000000
v -5.271000 -1.303000 -0.000000
v -5.271000 -0.651500 -0.000000
v -7.173700 -0.525200 1.404300
v -6.526300 -0.808100 1.404300
v -7.173700 -0.262600 1.404300
v -5.888800 -1.073200 1.404300
v -7.173700 -0.000000 1.404300
v -5.271000 -1.303000 1.404300
v -4.682900 -1.479800 1.404300
v -4.584100 1.656600 1.404300
v -5.231500 1.373700 1.404300
v -5.878900 1.090900 1.404300
v -6.526300 0.808100 1.404300
v -7.173700 0.525200 1.404300
v -7.173700 0.262600 1.404300
v -6.526300 -0.808100 0.351100
v -7.173700 -0.525200 0.351100
v -5.888800 -1.073200 0.351100
v -6.526300 -0.808100 0.702100
v -7.173700 -0.525200 0.702100
v -5.888800 -1.073200 0.702100
v -4.682900 -1.479800 0.351100
v -5.271000 -1.303000 0.351100
v -4.682900 -1.479800 0.702100
v -5.271000 -1.303000 0.702100
v -5.271000 -1.303000 1.053200
v -4.682900 -1.479800 1.053200
v -5.888800 -1.073200 1.053200
v -7.173700 -0.525200 1.053200
v -6.526300 -0.808100 1.053200
v 6.498900 -0.187000 -0.000000
v 6.498900 0.137700 0.000000
v 6.498900 0.137700 0.351100
v 6.498900 -0.187000 0.351100
v 6.498900 0.462400 0.000000
v 6.498900 0.462400 0.351100
v 6.498900 0.137700 0.702100
v 6.498900 -0.187000 0.702100
v 6.498900 0.462400 0.702100
v 6.498900 0.787100 0.000000
v 6.498900 1.111800 0.000000
v 6.498900 1.111800 0.351100
v 6.498900 0.787100 0.351100
v 6.498900 1.111800 0.702100
v 6.498900 0.787100 0.702100
v 6.498900 1.111800 1.404300
v 6.498900 0.787100 1.404300
v 6.498900 0.787100 1.053200
v 6.498900 1.111800 1.053200
v 6.498900 0.462400 1.404300
v 6.498900 0.462400 1.053200
v 6.498900 0.137700 1.404300
v 6.498900 -0.187000 1.404300
v 6.498900 -0.187000 1.053200
v 6.498900 0.137700 1.053200
v 5.954100 1.656600 0.000000
v 3.808800 1.656600 0.000000
v 3.808800 1.656600 0.351100
v 5.954100 1.656600 0.351100
v 1.663600 1.656600 0.000000
v 1.663600 1.656600 0.351100
v 3.808800 1.656600 0.702100
v 5.954100 1.656600 0.702100
v 1.663600 1.656600 0.702100
v -0.481700 1.656600 0.000000
v -2.626900 1.656600 0.000000
v -2.626900 1.656600 0.351100
v -0.481700 1.656600 0.351100
v -2.626900 1.656600 0.702100
v -0.481700 1.656600 0.702100
v -2.626900 1.656600 1.404300
v -0.481700 1.656600 1.404300
v -0.481700 1.656600 1.053200
v -2.626900 1.656600 1.053200
v 1.663600 1.656600 1.404300
v 1.663600 1.656600 1.053200
v 3.808800 1.656600 1.404300
v 5.954100 1.656600 1.404300
v 5.954100 1.656600 1.053200
v 3.808800 1.656600 1.053200
v -7.173700 0.262600 0.351100
v -7.173700 0.525200 0.351100
v -7.173700 -0.000000 0.351100
v -7.173700 0.262600 0.702100
v -7.173700 0.525200 0.702100
v -7.173700 -0.000000 0.702100
v -7.173700 -0.262600 0.351100
v -7.173700 -0.262600 0.702100
v -7.173700 -0.262600 1.053200
v -7.173700 -0.000000 1.053200
v -7.173700 0.525200 1.053200
v -7.173700 0.262600 1.053200
v -4.094800 1.656600 0.000000
v -4.114600 0.828300 0.000000
v -3.605500 1.656600 0.000000
v -3.556600 0.839100 0.000000
v -4.129400 0.008800 0.000000
v -3.522200 0.018400 0.000000
v -3.116200 1.656600 0.000000
v -1.881100 0.936400 0.000000
v -2.900700 0.871500 0.000000
v -1.637300 0.186300 0.000000
v -2.748400 0.064900 0.000000
v -1.736400 -1.656600 -0.000000
v -2.760000 -1.656600 -0.000000
v -2.722600 -0.785000 -0.000000
v -1.569200 -0.623600 -0.000000
v -3.526300 -1.638900 -0.000000
v -3.517000 -0.808600 -0.000000
v -4.134300 -1.585900 -0.000000
v -4.134300 -0.792900 -0.000000
v -4.134300 -1.585900 1.404300
v -3.526300 -1.638900 1.404300
v -2.760000 -1.656600 1.404300
v -1.736400 -1.656600 1.404300
v -3.116200 1.656600 1.404300
v -3.605500 1.656600 1.404300
v -4.094800 1.656600 1.404300
v -4.134300 -1.585900 0.351100
v -3.526300 -1.638900 0.351100
v -4.134300 -1.585900 0.702100
v -3.526300 -1.638900 0.702100
v -1.736400 -1.656600 0.351100
v -2.760000 -1.656600 0.351100
v -1.736400 -1.656600 0.702100
v -2.760000 -1.656600 0.702100
v -2.760000 -1.656600 1.053200
v -1.736400 -1.656600 1.053200
v -3.526300 -1.638900 1.053200
v -4.134300 -1.585900 1.053200
v -5.231500 1.373700 0.351100
v -4.584100 1.656600 0.351100
v -5.878900 1.090900 0.351100
v -5.231500 1.373700 0.702100
v -4.584100 1.656600 0.702100
v -5.878900 1.090900 0.702100
v -6.526300 0.808100 0.351100
v -6.526300 0.808100 0.702100
v -6.526300 0.808100 1.053200
v -5.878900 1.090900 1.053200
v -4.584100 1.656600 1.053200
v -5.231500 1.373700 1.053200
v 6.362700 1.248000 0.000000
v 6.362700 1.248000 0.351100
v 6.226500 1.384200 0.000000
v 6.226500 1.384200 0.351100
v 6.362700 1.248000 0.702100
v 6.226500 1.384200 0.702100
v 6.090300 1.520400 0.000000
v 6.090300 1.520400 0.351100
v 6.090300 1.520400 0.702100
v 6.090300 1.520400 1.404300
v 6.090300 1.520400 1.053200
v 6.226500 1.384200 1.404300
v 6.226500 1.384200 1.053200
v 6.362700 1.248000 1.404300
v 6.362700 1.248000 1.053200
v 5.029300 -1.656600 -0.000000
v 5.396700 -1.289200 -0.000000
v 5.396700 -1.289200 0.351100
v 5.029300 -1.656600 0.351100
v 5.764100 -0.921800 -0.000000
v 5.764100 -0.921800 0.351100
v 5.396700 -1.289200 0.702100
v 5.029300 -1.656600 0.702100
v 5.764100 -0.921800 0.702100
v 6.131500 -0.554400 -0.000000
v 6.131500 -0.554400 0.351100
v 6.131500 -0.554400 0.702100
v 6.131500 -0.554400 1.404300
v 6.131500 -0.554400 1.053200
v 5.764100 -0.921800 1.404300
v 5.764100 -0.921800 1.053200
v 5.396700 -1.289200 1.404300
v 5.029300 -1.656600 1.404300
v 5.029300 -1.656600 1.053200
v 5.396700 -1.289200 1.053200
v -0.232100 1.044600 0.000000
v 1.785600 1.185100 0.000000
v -0.018000 0.420900 0.000000
v 1.933400 0.723300 0.000000
v 3.911000 1.347400 0.000000
v 4.040900 1.048100 0.000000
v 4.478200 0.496100 0.000000
v 4.226400 0.768900 0.000000
v 2.488500 -0.099800 -0.000000
v 2.133000 0.280600 0.000000
v 0.492600 -0.750200 -0.000000
v 0.125200 -0.226000 -0.000000
v -0.356700 -1.656600 1.404300
v 1.290300 -1.656600 1.404300
v 3.115300 -1.656600 1.404300
v -0.356700 -1.656600 -0.000000
v -0.356700 -1.656600 0.351100
v 1.290300 -1.656600 -0.000000
v 1.290300 -1.656600 0.351100
v -0.356700 -1.656600 0.702100
v 1.290300 -1.656600 0.702100
v 3.115300 -1.656600 -0.000000
v 3.115300 -1.656600 0.351100
v 3.115300 -1.656600 0.702100
v 3.115300 -1.656600 1.053200
v 1.290300 -1.656600 1.053200
v -0.356700 -1.656600 1.053200
v -3.856000 8.771200 0.709501
v -3.879700 8.764800 0.539901
v -8.535100 26.139000 0.539904
v -8.511400 26.145399 0.709504
v -3.944700 8.747400 0.380801
v -8.600100 26.121599 0.380804
v -13.004300 42.853100 0.537507
v -12.980300 42.859501 0.709507
v -13.070300 42.835400 0.376207
v -4.045200 8.720500 0.243001
v -4.175300 8.685600 0.137001
v -8.830700 26.059799 0.137004
v -8.700700 26.094700 0.243004
v -13.304100 42.772701 0.128907
v -13.172200 42.808102 0.236407
v -20.976700 71.569397 0.056112
v -20.828199 71.609200 0.177112
v -17.275999 58.199902 0.216609
v -17.413401 58.162998 0.104609
v -20.713499 71.639900 0.334412
v -17.169800 58.228298 0.362309
v -20.639299 71.659798 0.515912
v -20.612301 71.667000 0.709512
v -17.076099 58.253399 0.709509
v -17.101101 58.246700 0.530309
v -4.329100 8.644400 0.073301
v -8.984500 26.018600 0.073304
v -4.494600 8.600000 0.052101
v -9.150000 25.974300 0.052104
v -13.460000 42.730999 0.064407
v -13.627900 42.686001 0.042907
v -4.660200 8.555700 0.073301
v -4.813900 8.514500 0.137001
v -9.469400 25.888700 0.137004
v -9.315600 25.929899 0.073304
v -13.951800 42.599201 0.128907
v -13.795800 42.640999 0.064407
v -21.705500 71.374100 0.056112
v -21.530001 71.421097 -0.016488
v -17.925699 58.025799 0.037409
v -18.088100 57.982201 0.104609
v -21.341101 71.471703 -0.040688
v -17.750799 58.072601 0.015009
v -21.152100 71.522400 -0.016488
v -17.575899 58.119499 0.037409
v -4.944000 8.479600 0.243001
v -9.599400 25.853800 0.243004
v -5.044600 8.452700 0.380801
v -9.700000 25.826900 0.380804
v -14.083700 42.563900 0.236407
v -14.185600 42.536499 0.376207
v -5.109600 8.435300 0.539901
v -5.133300 8.428900 0.709501
v -9.788700 25.803101 0.709504
v -9.765000 25.809500 0.539904
v -14.275600 42.512402 0.709507
v -14.251600 42.518902 0.537507
v -22.069901 71.276497 0.709512
v -22.042900 71.283699 0.515912
v -18.400499 57.898602 0.530309
v -18.425501 57.891899 0.709509
v -21.968599 71.303596 0.334412
v -18.331800 57.917000 0.362309
v -21.853901 71.334297 0.177112
v -18.225599 57.945400 0.216609
v -5.109600 8.435300 0.879201
v -9.765000 25.809500 0.879204
v -5.044600 8.452700 1.038201
v -9.700000 25.826900 1.038204
v -14.251600 42.518902 0.881607
v -14.185600 42.536499 1.042907
v -4.944000 8.479600 1.176101
v -4.813900 8.514500 1.282101
v -9.469400 25.888700 1.282104
v -9.599400 25.853800 1.176104
v -13.951800 42.599201 1.290207
v -14.083700 42.563900 1.182607
v -21.705500 71.374100 1.362912
v -21.853901 71.334297 1.241912
v -18.225599 57.945400 1.202409
v -18.088100 57.982201 1.314409
v -21.968599 71.303596 1.084612
v -18.331800 57.917000 1.056809
v -22.042900 71.283699 0.903112
v -18.400499 57.898602 0.888809
v -4.660200 8.555700 1.345701
v -9.315600 25.929899 1.345704
v -4.494600 8.600000 1.366901
v -9.150000 25.974300 1.366904
v -13.795800 42.640999 1.354707
v -13.627900 42.686001 1.376207
v -4.329100 8.644400 1.345701
v -4.175300 8.685600 1.282101
v -8.830700 26.059799 1.282104
v -8.984500 26.018600 1.345704
v -13.304100 42.772701 1.290207
v -13.460000 42.730999 1.354707
v -20.976700 71.569397 1.362912
v -21.152100 71.522400 1.435512
v -17.575899 58.119499 1.381609
v -17.413401 58.162998 1.314409
v -21.341101 71.471703 1.459812
v -17.750799 58.072601 1.404009
v -21.530001 71.421097 1.435512
v -17.925699 58.025799 1.381609
v -4.045200 8.720500 1.176101
v -8.700700 26.094700 1.176104
v -3.944700 8.747400 1.038201
v -8.600100 26.121599 1.038204
v -13.172200 42.808102 1.182607
v -13.070300 42.835400 1.042907
v -3.879700 8.764800 0.879201
v -8.535100 26.139000 0.879204
v -13.004300 42.853100 0.881607
v -20.639299 71.659798 0.903112
v -17.101101 58.246700 0.888810
v -20.713499 71.639900 1.084612
v -17.169800 58.228298 1.056810
v -20.828199 71.609200 1.241912
v -17.275999 58.199902 1.202410
v -29.160801 105.518402 0.709517
v -29.768600 105.355499 0.709517
v -29.791201 105.349503 1.032517
v -29.205799 105.506302 1.032517
v -30.376499 105.192596 0.709517
v -30.376499 105.192596 1.032517
v -29.853100 105.332901 1.345417
v -29.329599 105.473099 1.335317
v -30.376499 105.192596 1.350417
v -30.984400 105.029701 0.709517
v -31.592300 104.866798 0.709517
v -31.547300 104.878899 1.032517
v -30.961901 105.035797 1.032517
v -31.423500 104.912102 1.335317
v -30.900000 105.052399 1.345417
v -30.984400 105.029701 1.799617
v -30.691700 105.108200 1.920717
v -30.804300 105.078003 1.638117
v -31.232100 104.963402 1.597717
v -30.376499 105.192596 1.961117
v -30.376499 105.192596 1.658317
v -30.061300 105.277100 1.920717
v -29.768600 105.355499 1.799617
v -29.521000 105.421898 1.597717
v -29.948799 105.307297 1.638117
v -23.811800 82.330498 -0.024787
v -23.644899 82.375198 0.111213
v -26.100800 91.107697 -0.129885
v -25.910101 91.158798 0.025615
v -23.516001 82.409798 0.288013
v -25.762699 91.198303 0.227715
v -28.025700 98.562302 -0.251184
v -29.768600 105.355499 -0.380483
v -29.521000 105.421898 -0.178683
v -27.807501 98.620697 -0.073184
v -29.329599 105.473099 0.083817
v -27.638800 98.665901 0.158016
v -27.490000 98.705803 0.709516
v -27.529699 98.695198 0.424916
v -29.205799 105.506302 0.386517
v -25.632700 91.233101 0.709515
v -25.667299 91.223801 0.460815
v -23.402300 82.440201 0.709513
v -23.432600 82.432098 0.492013
v -24.630699 82.111099 -0.024787
v -24.433599 82.163902 -0.106287
v -27.037001 90.856796 -0.129885
v -26.811600 90.917198 -0.223085
v -24.221300 82.220802 -0.133487
v -26.568899 90.982300 -0.254185
v -29.097200 98.275200 -0.251184
v -30.984400 105.029701 -0.380483
v -30.691700 105.108200 -0.501583
v -28.839300 98.344299 -0.357884
v -30.376499 105.192596 -0.541983
v -28.561501 98.418701 -0.393484
v -28.283701 98.493103 -0.357884
v -30.061300 105.277100 -0.501583
v -26.326200 91.047302 -0.223085
v -24.008900 82.277702 -0.106287
v -25.040199 82.001297 0.709513
v -25.009899 82.009499 0.492013
v -27.505100 90.731400 0.709515
v -27.470400 90.740700 0.460815
v -24.926500 82.031799 0.288013
v -27.375099 90.766197 0.227715
v -29.632999 98.131599 0.709516
v -31.547300 104.878899 0.386517
v -29.593300 98.142197 0.424916
v -31.423500 104.912102 0.083817
v -29.484200 98.171501 0.158016
v -29.315500 98.216698 -0.073184
v -31.232100 104.963402 -0.178683
v -27.227699 90.805702 0.025615
v -24.797600 82.066399 0.111213
v -24.630699 82.111099 1.443813
v -24.797600 82.066399 1.307813
v -27.037001 90.856796 1.548915
v -27.227699 90.805702 1.393515
v -24.926500 82.031799 1.131113
v -27.375099 90.766197 1.191415
v -29.097200 98.275200 1.670216
v -29.315500 98.216698 1.492316
v -29.484200 98.171501 1.261016
v -29.593300 98.142197 0.994216
v -27.470400 90.740700 0.958215
v -25.009899 82.009499 0.927113
v -23.811800 82.330498 1.443813
v -24.008900 82.277702 1.525413
v -26.100800 91.107697 1.548915
v -26.326200 91.047302 1.642215
v -24.221300 82.220802 1.552613
v -26.568899 90.982300 1.673315
v -28.025700 98.562302 1.670216
v -28.283701 98.493103 1.776916
v -28.561501 98.418701 1.812516
v -28.839300 98.344299 1.776916
v -26.811600 90.917198 1.642215
v -24.433599 82.163902 1.525413
v -23.432600 82.432098 0.927113
v -25.667299 91.223801 0.958215
v -23.516001 82.409798 1.131114
v -25.762699 91.198303 1.191415
v -27.529699 98.695198 0.994216
v -27.638800 98.665901 1.261016
v -27.807501 98.620697 1.492316
v -25.910101 91.158798 1.393515
v -23.644899 82.375198 1.307814
v -4.014500 8.728700 0.211101
v -4.153500 8.691400 0.097801
v -3.907100 8.757500 0.358301
v -3.983800 8.736900 0.179201
v -4.131600 8.697300 0.058601
v -3.869500 8.767500 0.335901
v -3.812300 8.782900 0.709501
v -3.837600 8.776100 0.528301
v -3.768700 8.794600 0.709501
v -3.795500 8.787400 0.516701
v -3.681300 8.818000 0.709501
v -3.711400 8.809900 0.493501
v -3.753500 8.798600 0.505101
v -3.725000 8.806300 0.709501
v -3.794300 8.787700 0.290901
v -3.831900 8.777600 0.313401
v -3.922300 8.753400 0.115301
v -4.088000 8.709000 -0.019699
v -4.109800 8.703100 0.019501
v -3.953000 8.745200 0.147301
v -3.837600 8.776100 0.890801
v -3.907100 8.757500 1.060701
v -3.795500 8.787400 0.902401
v -3.869500 8.767500 1.083201
v -4.153500 8.691400 1.321301
v -4.014500 8.728700 1.208001
v -4.131600 8.697300 1.360401
v -3.983800 8.736900 1.239901
v -4.088000 8.709000 1.438701
v -3.922300 8.753400 1.303701
v -3.953000 8.745200 1.271801
v -4.109800 8.703100 1.399601
v -3.794300 8.787700 1.128201
v -3.831900 8.777600 1.105701
v -3.711400 8.809900 0.925601
v -3.753500 8.798600 0.914001
v -4.317700 8.647400 1.389201
v -4.494600 8.600000 1.411901
v -4.306400 8.650500 1.432701
v -4.494600 8.600000 1.456801
v -4.835800 8.508600 1.321301
v -4.671500 8.552600 1.389201
v -4.857600 8.502800 1.360401
v -4.682900 8.549600 1.432701
v -4.901300 8.491100 1.438701
v -4.705500 8.543500 1.519801
v -4.694200 8.546600 1.476301
v -4.879500 8.496900 1.399601
v -4.494600 8.600000 1.546801
v -4.494600 8.600000 1.501801
v -4.283800 8.656500 1.519801
v -4.295100 8.653500 1.476301
v -4.974800 8.471400 1.208001
v -5.082200 8.442600 1.060701
v -5.005500 8.463100 1.239901
v -5.119800 8.432500 1.083201
v -5.176900 8.417200 0.709501
v -5.151700 8.424000 0.890801
v -5.220600 8.405500 0.709501
v -5.193700 8.412700 0.902401
v -5.308000 8.382100 0.709501
v -5.277900 8.390200 0.925601
v -5.235800 8.401400 0.914001
v -5.264300 8.393800 0.709501
v -5.195000 8.412400 1.128201
v -5.157400 8.422400 1.105701
v -5.067000 8.446700 1.303701
v -5.036300 8.454900 1.271801
v -5.151700 8.424000 0.528301
v -5.082200 8.442600 0.358301
v -5.193700 8.412700 0.516701
v -5.119800 8.432500 0.335901
v -4.835800 8.508600 0.097801
v -4.974800 8.471400 0.211101
v -4.857600 8.502800 0.058601
v -5.005500 8.463100 0.179201
v -4.901300 8.491100 -0.019699
v -5.067000 8.446700 0.115301
v -5.036300 8.454900 0.147301
v -4.879500 8.496900 0.019501
v -5.195000 8.412400 0.290901
v -5.157400 8.422400 0.313401
v -5.277900 8.390200 0.493501
v -5.235800 8.401400 0.505101
v -4.671500 8.552600 0.029801
v -4.494600 8.600000 0.007201
v -4.682900 8.549600 -0.013699
v -4.494600 8.600000 -0.037799
v -4.317700 8.647400 0.029801
v -4.306400 8.650500 -0.013699
v -4.283800 8.656500 -0.100699
v -4.295100 8.653500 -0.057199
v -4.494600 8.600000 -0.127699
v -4.494600 8.600000 -0.082799
v -4.705500 8.543500 -0.100699
v -4.694200 8.546600 -0.057199
v -3.721100 8.002400 0.115301
v -3.886700 7.958000 -0.019699
v -3.593000 8.036700 0.290901
v -3.519800 7.251400 0.115301
v -3.685500 7.207000 -0.019699
v -3.391800 7.285700 0.290901
v -3.480100 8.067000 0.709501
v -3.510200 8.058900 0.493501
v -3.278800 7.315900 0.709501
v -3.309000 7.307900 0.493501
v -2.876400 5.813900 0.709501
v -2.906500 5.805800 0.493501
v -3.107700 6.556800 0.493501
v -3.077600 6.564900 0.709501
v -2.989300 5.783600 0.290901
v -3.190600 6.534600 0.290901
v -3.117300 5.749300 0.115301
v -3.283000 5.704900 -0.019699
v -3.484300 6.455900 -0.019699
v -3.318600 6.500300 0.115301
v -3.510200 8.058900 0.925601
v -3.593000 8.036700 1.128201
v -3.309000 7.307900 0.925601
v -3.391800 7.285700 1.128201
v -3.886700 7.958000 1.438701
v -3.721100 8.002400 1.303701
v -3.685500 7.207000 1.438701
v -3.519800 7.251400 1.303701
v -3.283000 5.704900 1.438701
v -3.117300 5.749300 1.303701
v -3.318600 6.500300 1.303701
v -3.484300 6.455900 1.438701
v -2.989300 5.783600 1.128201
v -3.190600 6.534600 1.128201
v -2.906500 5.805800 0.925601
v -3.107700 6.556800 0.925601
v -4.082500 7.905499 1.519801
v -4.293400 7.849000 1.546801
v -3.881300 7.154500 1.519801
v -4.092200 7.098000 1.546801
v -4.700100 7.740100 1.438701
v -4.504300 7.792500 1.519801
v -4.498800 6.989000 1.438701
v -4.303000 7.041500 1.519801
v -4.096400 5.487000 1.438701
v -3.900600 5.539500 1.519801
v -4.101800 6.290500 1.519801
v -4.297600 6.238000 1.438701
v -3.689700 5.596000 1.546801
v -3.890900 6.347000 1.546801
v -3.478800 5.652500 1.519801
v -3.680100 6.403500 1.519801
v -4.865800 7.695700 1.303701
v -4.993800 7.661400 1.128201
v -4.664500 6.944600 1.303701
v -4.792500 6.910300 1.128201
v -5.106700 7.631100 0.709501
v -5.076600 7.639200 0.925601
v -4.905500 6.880100 0.709501
v -4.875400 6.888100 0.925601
v -4.503000 5.378000 0.709501
v -4.472900 5.386100 0.925601
v -4.674200 6.137100 0.925601
v -4.704300 6.129000 0.709501
v -4.390100 5.408300 1.128201
v -4.591300 6.159300 1.128201
v -4.262000 5.442600 1.303701
v -4.463300 6.193600 1.303701
v -5.076600 7.639200 0.493501
v -4.993800 7.661400 0.290901
v -4.875400 6.888100 0.493501
v -4.792500 6.910300 0.290901
v -4.700100 7.740100 -0.019699
v -4.865800 7.695700 0.115301
v -4.498800 6.989000 -0.019699
v -4.664500 6.944600 0.115301
v -4.096400 5.487000 -0.019699
v -4.262000 5.442600 0.115301
v -4.463300 6.193600 0.115301
v -4.297600 6.238000 -0.019699
v -4.390100 5.408300 0.290901
v -4.591300 6.159300 0.290901
v -4.472900 5.386100 0.493501
v -4.674200 6.137100 0.493501
v -4.504300 7.792500 -0.100699
v -4.293400 7.849000 -0.127699
v -4.303000 7.041500 -0.100699
v -4.092200 7.098000 -0.127699
v -4.082500 7.905500 -0.100699
v -3.881300 7.154500 -0.100699
v -3.478800 5.652500 -0.100699
v -3.680100 6.403500 -0.100699
v -3.689700 5.596000 -0.127699
v -3.890900 6.347000 -0.127699
v -3.900600 5.539500 -0.100699
v -4.101800 6.290500 -0.100699
v -3.123700 5.591600 0.162401
v -3.276200 5.550700 0.038101
v -3.005800 5.623200 0.324101
v -3.130000 5.433800 0.209501
v -3.269400 5.396500 0.095801
v -3.022200 5.462700 0.357201
v -2.901800 5.651000 0.709501
v -2.929500 5.643600 0.510601
v -2.927200 5.488200 0.709501
v -2.952500 5.481400 0.527701
v -2.978000 5.162400 0.709501
v -2.998600 5.156900 0.561901
v -2.975500 5.319100 0.544801
v -2.952600 5.325300 0.709501
v -3.055200 5.141700 0.423501
v -3.038700 5.302200 0.390401
v -3.142600 5.118300 0.303601
v -3.255800 5.088000 0.211301
v -3.262600 5.242200 0.153601
v -3.136300 5.276100 0.256501
v -2.929500 5.643600 0.908501
v -3.005800 5.623200 1.095001
v -2.952500 5.481400 0.891401
v -3.022200 5.462700 1.061801
v -3.276200 5.550700 1.381001
v -3.123700 5.591600 1.256601
v -3.269400 5.396500 1.323201
v -3.130000 5.433800 1.209601
v -3.255800 5.088000 1.207701
v -3.142600 5.118300 1.115501
v -3.136300 5.276100 1.162501
v -3.262600 5.242200 1.265501
v -3.055200 5.141700 0.995501
v -3.038700 5.302200 1.028701
v -2.998600 5.156900 0.857101
v -2.975500 5.319100 0.874301
v -3.456500 5.502400 1.455601
v -3.650700 5.450399 1.480501
v -3.434200 5.352300 1.391401
v -3.611700 5.304800 1.414101
v -4.025100 5.350000 1.381001
v -3.844800 5.398300 1.455601
v -3.953900 5.213000 1.323201
v -3.789100 5.257200 1.391401
v -3.811500 4.939100 1.207701
v -3.677700 4.974900 1.263101
v -3.733400 5.116100 1.327201
v -3.882700 5.076100 1.265501
v -3.533600 5.013500 1.281501
v -3.572700 5.159100 1.347801
v -3.389600 5.052100 1.263101
v -3.411900 5.202200 1.327201
v -4.177700 5.309100 1.256601
v -4.295600 5.277600 1.095001
v -4.093400 5.175700 1.209601
v -4.201100 5.146800 1.061801
v -4.399600 5.249700 0.709501
v -4.371900 5.257100 0.908501
v -4.296200 5.121300 0.709501
v -4.270800 5.128100 0.891401
v -4.089300 4.864700 0.709501
v -4.068700 4.870200 0.857101
v -4.169800 4.999100 0.874301
v -4.192700 4.993000 0.709501
v -4.012100 4.885300 0.995501
v -4.106600 5.016100 1.028701
v -3.924700 4.908800 1.115501
v -4.009000 5.042200 1.162501
v -4.371900 5.257100 0.510601
v -4.295600 5.277600 0.324101
v -4.270800 5.128100 0.527701
v -4.201100 5.146800 0.357201
v -4.025100 5.350000 0.038101
v -4.177700 5.309100 0.162401
v -3.953900 5.213000 0.095801
v -4.093400 5.175700 0.209501
v -3.811500 4.939100 0.211301
v -3.924700 4.908800 0.303601
v -4.009000 5.042200 0.256501
v -3.882700 5.076100 0.153601
v -4.012100 4.885300 0.423501
v -4.106600 5.016100 0.390401
v -4.068700 4.870200 0.561901
v -4.169800 4.999100 0.544801
v -3.844800 5.398300 -0.036499
v -3.650700 5.450400 -0.061399
v -3.789100 5.257200 0.027601
v -3.611700 5.304800 0.004901
v -3.456500 5.502400 -0.036499
v -3.434200 5.352300 0.027601
v -3.389600 5.052100 0.156001
v -3.411900 5.202200 0.091801
v -3.533600 5.013500 0.137501
v -3.572700 5.159100 0.071201
v -3.677700 4.974900 0.156001
v -3.733400 5.116100 0.091801
v -3.137700 4.253000 0.303601
v -3.251000 4.230200 0.211301
v -3.050200 4.270600 0.423501
v -3.132900 3.387700 0.303601
v -3.246100 3.372500 0.211301
v -3.045300 3.399400 0.423501
v -2.973000 4.286100 0.709501
v -2.993600 4.281900 0.561901
v -2.968100 3.409700 0.709501
v -2.988700 3.407000 0.561901
v -2.958200 1.657000 0.709500
v -2.978800 1.657000 0.561900
v -2.983800 2.532000 0.561900
v -2.963200 2.533400 0.709500
v -3.035500 1.657000 0.423500
v -3.040400 2.528200 0.423500
v -3.123100 1.657000 0.303600
v -3.236500 1.657000 0.211300
v -3.241300 2.514800 0.211300
v -3.128000 2.522300 0.303600
v -2.993600 4.281900 0.857101
v -3.050200 4.270600 0.995501
v -2.988700 3.407000 0.857101
v -3.045300 3.399400 0.995501
v -3.251000 4.230200 1.207701
v -3.137700 4.253000 1.115501
v -3.246100 3.372500 1.207701
v -3.132900 3.387700 1.115501
v -3.236500 1.657000 1.207700
v -3.123100 1.657000 1.115500
v -3.128000 2.522400 1.115500
v -3.241300 2.514800 1.207700
v -3.035500 1.657000 0.995500
v -3.040400 2.528200 0.995500
v -2.978800 1.657000 0.857100
v -2.983800 2.532000 0.857100
v -3.384800 4.203400 1.263101
v -3.528900 4.174400 1.281501
v -3.380000 3.354600 1.263101
v -3.524200 3.335300 1.281501
v -3.806800 4.118600 1.207701
v -3.673000 4.145500 1.263101
v -3.802200 3.298100 1.207701
v -3.668300 3.316000 1.263101
v -3.793000 1.657000 1.207700
v -3.659000 1.657000 1.263100
v -3.663700 2.486500 1.263100
v -3.797600 2.477500 1.207700
v -3.514700 1.657000 1.281500
v -3.519400 2.496200 1.281500
v -3.370400 1.657000 1.263100
v -3.375200 2.505800 1.263100
v -3.920100 4.095800 1.115501
v -4.007600 4.078300 0.995501
v -3.915500 3.282900 1.115500
v -4.003000 3.271200 0.995501
v -4.084800 4.062700 0.709501
v -4.064200 4.066900 0.857101
v -4.080300 3.260800 0.709501
v -4.059700 3.263600 0.857101
v -4.071200 1.657000 0.709500
v -4.050600 1.657000 0.857100
v -4.055100 2.460300 0.857100
v -4.075700 2.458900 0.709500
v -3.993900 1.657000 0.995500
v -3.998500 2.464100 0.995500
v -3.906300 1.657000 1.115500
v -3.910900 2.470000 1.115500
v -4.064200 4.066900 0.561901
v -4.007600 4.078300 0.423501
v -4.059700 3.263600 0.561901
v -4.003000 3.271200 0.423501
v -3.806800 4.118600 0.211301
v -3.920100 4.095800 0.303601
v -3.802200 3.298100 0.211301
v -3.915500 3.282900 0.303601
v -3.793000 1.657000 0.211300
v -3.906300 1.657000 0.303600
v -3.910900 2.470000 0.303600
v -3.797600 2.477500 0.211300
v -3.993900 1.657000 0.423500
v -3.998500 2.464100 0.423500
v -4.050600 1.657000 0.561900
v -4.055100 2.460300 0.561900
v -3.673000 4.145500 0.156001
v -3.528900 4.174400 0.137501
v -3.668300 3.316000 0.156001
v -3.524200 3.335300 0.137501
v -3.384800 4.203400 0.156001
v -3.380000 3.354600 0.156001
v -3.370400 1.657000 0.156000
v -3.375200 2.505800 0.156000
v -3.514700 1.657000 0.137500
v -3.519400 2.496200 0.137500
v -3.659000 1.657000 0.156000
v -3.663700 2.486500 0.156000
v -2.681300 1.656700 0.950000
v -2.728500 1.656700 1.137700
v -2.673100 1.656700 0.703500
v -2.736800 1.656800 0.837500
v -2.782600 1.656800 0.980800
v -2.714400 1.656700 0.704600
v -2.728500 1.656700 0.270800
v -2.681300 1.656700 0.457300
v -2.782600 1.656800 0.430800
v -2.736800 1.656800 0.572700
v -2.851100 1.656900 0.841300
v -2.794400 1.656800 0.706400
v -2.851100 1.656900 0.573600
v -3.214400 1.656700 0.043300
v -2.936000 1.656700 0.090000
v -3.582300 1.656700 0.036500
v -3.295300 1.656800 0.084500
v -3.079200 1.656800 0.128500
v -3.559400 1.656800 0.072000
v -4.219200 1.656700 0.090000
v -3.949300 1.656700 0.043300
v -4.032500 1.656800 0.128500
v -3.822000 1.656800 0.084500
v -3.731400 1.656900 0.121300
v -3.899300 1.656900 0.169300
v -3.536900 1.656900 0.105300
v -3.170800 1.656900 0.169300
v -3.341600 1.656900 0.121300
v -3.949300 1.656700 1.364800
v -4.219200 1.656700 1.318800
v -3.582300 1.656700 1.371500
v -3.822000 1.656800 1.327400
v -4.032500 1.656800 1.283900
v -3.559400 1.656800 1.339800
v -2.936000 1.656700 1.318800
v -3.214400 1.656700 1.364800
v -3.079200 1.656800 1.283900
v -3.295300 1.656800 1.327400
v -3.341600 1.656900 1.294200
v -3.170800 1.656900 1.246400
v -3.536900 1.656900 1.310100
v -3.899300 1.656900 1.246400
v -3.731400 1.656900 1.294200
v -4.015300 1.656900 1.166900
v -4.097300 1.656900 1.067500
v -4.139900 1.656900 1.202700
v -4.165100 1.656900 1.115600
v -4.229400 1.656900 0.841300
v -4.163500 1.656900 0.960300
v -4.337500 1.656800 0.980800
v -4.253000 1.656800 1.073700
v -4.296000 1.656800 1.207500
v -4.430900 1.656700 1.137700
v -4.229400 1.656900 0.573600
v -4.310700 1.656800 0.706400
v -4.337500 1.656800 0.430800
v -4.400400 1.656800 0.572700
v -4.400400 1.656800 0.837500
v -4.436000 1.656700 0.704600
v -4.430900 1.656700 0.270800
v -4.491900 1.656700 0.457300
v -4.503800 1.656700 0.703500
v -4.491900 1.656700 0.950000
v -4.163500 1.656900 0.455700
v -4.097300 1.656900 0.348900
v -4.253000 1.656800 0.339400
v -4.165100 1.656900 0.298600
v -4.015300 1.656900 0.249300
v -4.139900 1.656900 0.210600
v -4.296000 1.656800 0.203100
v -3.050100 1.656900 0.249300
v -2.965700 1.656900 0.348900
v -2.960400 1.656900 0.210600
v -2.923600 1.656900 0.298600
v -2.903800 1.656900 0.455700
v -2.849700 1.656800 0.339400
v -2.837400 1.656800 0.203100
v -2.903800 1.656900 0.960300
v -2.965700 1.656900 1.067500
v -2.849700 1.656800 1.073700
v -2.923600 1.656900 1.115600
v -3.050100 1.656900 1.166900
v -2.960400 1.656900 1.202700
v -2.837400 1.656800 1.207500
v 4.807100 0.216100 0.000000
v 5.202200 -0.057400 -0.000000
v 3.104200 -0.374800 -0.000000
v 3.902800 -0.582100 -0.000000
v 5.653000 -0.310900 -0.000000
v 4.807100 -0.759500 -0.000000
v 3.961200 -1.208000 -0.000000
v 2.597900 -1.116800 -0.000000
v 1.379300 -1.005700 -0.000000
v -29.791201 105.349503 0.386517
v -29.853100 105.332901 0.073717
v -30.376499 105.192596 0.386517
v -30.376499 105.192596 0.068617
v -29.948799 105.307198 -0.218983
v -30.376499 105.192596 -0.239183
v -30.804300 105.078003 -0.218983
v -30.900000 105.052399 0.073717
v -30.961901 105.035797 0.386517
v -6.985459 -0.402029 2.033990
v -6.452467 -0.634936 2.089811
v -6.526300 -0.404000 2.657686
v -6.985459 -0.262600 2.033990
v -5.819823 -0.898016 2.089811
v -5.888800 -0.536600 2.657686
v -6.526300 -0.000000 2.657686
v -6.985459 -0.000000 2.033990
v -5.887600 0.002200 2.657686
v -5.211028 -1.124467 2.089811
v -4.637816 -1.296791 2.089811
v -4.682900 -0.739900 2.657686
v -5.271000 -0.651500 2.657686
v -4.675500 0.013300 2.657686
v -5.266100 0.008800 2.657686
v -5.251300 0.686900 2.403591
v -4.653300 0.792900 2.403591
v -5.883900 0.545500 2.403591
v -6.985459 0.262600 2.205049
v -6.526300 0.404000 2.403591
v -4.108184 -1.399222 2.089811
v -4.134300 -0.792900 2.657686
v -3.515942 -1.450849 2.089811
v -3.517000 -0.808600 2.657686
v -4.129400 0.008800 2.657686
v -3.522200 0.018400 2.657686
v -2.757826 -1.468360 2.089811
v -1.736400 -1.468360 2.089811
v -1.569200 -0.623600 2.657686
v -2.722600 -0.785000 2.657686
v -1.637300 0.186300 2.657686
v -2.748400 0.064900 2.657686
v -2.900700 0.871500 2.403591
v -1.893642 0.935188 2.362063
v -3.556600 0.839100 2.403591
v -4.114600 0.828300 2.403591
v 5.998394 -0.421294 2.033771
v 5.630994 -0.788694 2.033771
v 5.263594 -1.156094 2.033771
v -0.356700 -1.468360 2.089811
v 1.379300 -1.005700 2.547889
v 0.492600 -0.750200 2.657686
v 1.290300 -1.468360 2.089811
v 2.597900 -1.116800 2.418158
v 3.104200 -0.374800 2.547889
v 2.488500 -0.099800 2.657686
v 3.902800 -0.582100 2.418158
v 3.115300 -1.468360 2.089811
v 3.961200 -1.208000 2.234643
v 4.807100 -0.759500 2.234643
v 5.653000 -0.310900 2.234644
v 5.202200 -0.057400 2.418158
v 4.478200 0.496100 2.657686
v 4.807100 0.216100 2.547889
v 4.226400 0.768900 2.657687
v 4.040900 1.048100 2.657687
v 2.133000 0.280600 2.657686
v 1.933400 0.723300 2.657686
v 1.810661 1.162513 2.352204
v -0.200517 1.046552 2.289845
v -0.018000 0.420900 2.634192
v 0.125200 -0.226000 2.657686
v 4.763392 0.990976 2.273519
v 5.487392 0.437475 2.033990
v 5.158492 0.842333 2.205049
v 5.739192 0.164675 2.033989
v 5.924692 -0.114525 2.033990
vt 0.664300 0.742100
vt 0.664300 0.754700
vt 0.633200 0.747900
vt 0.633200 0.728500
vt 0.664300 0.767300
vt 0.633200 0.767300
vt 0.602400 0.741100
vt 0.602100 0.714900
vt 0.602500 0.767300
vt 0.664300 0.779900
vt 0.664300 0.792500
vt 0.633200 0.806100
vt 0.633200 0.786700
vt 0.602100 0.819700
vt 0.602400 0.793500
vt 0.540000 0.846800
vt 0.543300 0.805400
vt 0.572000 0.800300
vt 0.571000 0.833200
vt 0.544000 0.767300
vt 0.572500 0.767300
vt 0.543300 0.729200
vt 0.540000 0.687800
vt 0.571000 0.701400
vt 0.572000 0.734300
vt 0.066800 0.853600
vt 0.096100 0.853600
vt 0.096100 0.868200
vt 0.066800 0.868200
vt 0.125400 0.853600
vt 0.125100 0.868200
vt 0.096100 0.882800
vt 0.066800 0.882800
vt 0.125000 0.882800
vt 0.154700 0.853600
vt 0.184000 0.853600
vt 0.180000 0.868200
vt 0.153600 0.868200
vt 0.179200 0.882800
vt 0.153000 0.882800
vt 0.184000 0.911900
vt 0.154700 0.911900
vt 0.153600 0.897300
vt 0.180000 0.897300
vt 0.125400 0.911900
vt 0.125100 0.897300
vt 0.096100 0.911900
vt 0.066800 0.911900
vt 0.066800 0.897300
vt 0.096100 0.897300
vt 0.023600 0.923000
vt 0.037000 0.923000
vt 0.037000 0.937500
vt 0.023600 0.937500
vt 0.050500 0.923000
vt 0.050500 0.937500
vt 0.037000 0.952100
vt 0.023600 0.952100
vt 0.050500 0.952100
vt 0.064000 0.923000
vt 0.077400 0.923000
vt 0.077400 0.937500
vt 0.064000 0.937500
vt 0.077400 0.952100
vt 0.064000 0.952100
vt 0.077400 0.981200
vt 0.064000 0.981200
vt 0.064000 0.966600
vt 0.077400 0.966600
vt 0.050500 0.981200
vt 0.050500 0.966600
vt 0.037000 0.981200
vt 0.023600 0.981200
vt 0.023600 0.966600
vt 0.037000 0.966600
vt 0.109400 0.923000
vt 0.198400 0.923000
vt 0.198400 0.937500
vt 0.109400 0.937500
vt 0.287300 0.923000
vt 0.287300 0.937500
vt 0.198400 0.952100
vt 0.109400 0.952100
vt 0.287300 0.952100
vt 0.376300 0.923000
vt 0.465300 0.923000
vt 0.465300 0.937500
vt 0.376300 0.937500
vt 0.465300 0.952100
vt 0.376300 0.952100
vt 0.465300 0.981200
vt 0.376300 0.981200
vt 0.376300 0.966600
vt 0.465300 0.966600
vt 0.287300 0.981200
vt 0.287300 0.966600
vt 0.198400 0.981200
vt 0.109400 0.981200
vt 0.109400 0.966600
vt 0.198400 0.966600
vt 0.023200 0.853600
vt 0.034100 0.853600
vt 0.034100 0.868200
vt 0.023200 0.868200
vt 0.045000 0.853600
vt 0.045000 0.868200
vt 0.034100 0.882800
vt 0.023200 0.882800
vt 0.045000 0.882800
vt 0.055900 0.853600
vt 0.055900 0.868200
vt 0.055900 0.882800
vt 0.055900 0.911900
vt 0.055900 0.897300
vt 0.045000 0.911900
vt 0.045000 0.897300
vt 0.034100 0.911900
vt 0.023200 0.911900
vt 0.023200 0.897300
vt 0.034100 0.897300
vt 0.516500 0.846800
vt 0.517400 0.807100
vt 0.493000 0.846800
vt 0.490600 0.807600
vt 0.517900 0.767300
vt 0.489500 0.768100
vt 0.469500 0.846800
vt 0.446000 0.846800
vt 0.410200 0.812300
vt 0.459200 0.809100
vt 0.401700 0.776200
vt 0.454000 0.770400
vt 0.446000 0.687800
vt 0.469500 0.687800
vt 0.459200 0.729600
vt 0.408100 0.737400
vt 0.493000 0.687800
vt 0.490600 0.728100
vt 0.516500 0.687800
vt 0.517400 0.727500
vt 0.204300 0.853600
vt 0.203100 0.868200
vt 0.224600 0.853600
vt 0.226100 0.868200
vt 0.202600 0.882800
vt 0.226900 0.882800
vt 0.244900 0.853600
vt 0.265100 0.853600
vt 0.291000 0.868200
vt 0.252200 0.868200
vt 0.296500 0.882800
vt 0.255900 0.882800
vt 0.265100 0.911900
vt 0.244900 0.911900
vt 0.252200 0.897300
vt 0.291000 0.897300
vt 0.224600 0.911900
vt 0.226100 0.897300
vt 0.204300 0.911900
vt 0.203100 0.897300
vt 0.546400 0.923000
vt 0.575700 0.923000
vt 0.575700 0.937500
vt 0.546400 0.937500
vt 0.605000 0.923000
vt 0.605000 0.937500
vt 0.575700 0.952100
vt 0.546400 0.952100
vt 0.605000 0.952100
vt 0.634300 0.923000
vt 0.663600 0.923000
vt 0.663600 0.937500
vt 0.634300 0.937500
vt 0.663600 0.952100
vt 0.634300 0.952100
vt 0.663600 0.981200
vt 0.634300 0.981200
vt 0.634300 0.966600
vt 0.663600 0.966600
vt 0.605000 0.981200
vt 0.605000 0.966600
vt 0.575700 0.981200
vt 0.546400 0.981200
vt 0.546400 0.966600
vt 0.575700 0.966600
vt 0.085400 0.923000
vt 0.085400 0.937500
vt 0.093400 0.923000
vt 0.093400 0.937500
vt 0.085400 0.952100
vt 0.093400 0.952100
vt 0.101400 0.923000
vt 0.101400 0.937500
vt 0.101400 0.952100
vt 0.101400 0.981200
vt 0.101400 0.966600
vt 0.093400 0.981200
vt 0.093400 0.966600
vt 0.085400 0.981200
vt 0.085400 0.966600
vt 0.582700 0.853600
vt 0.604200 0.853600
vt 0.604200 0.868200
vt 0.582700 0.868200
vt 0.625700 0.853600
vt 0.625700 0.868200
vt 0.604200 0.882800
vt 0.582700 0.882800
vt 0.625700 0.882800
vt 0.647300 0.853600
vt 0.668800 0.853600
vt 0.668800 0.868200
vt 0.647300 0.868200
vt 0.668800 0.882800
vt 0.647300 0.882800
vt 0.668800 0.911900
vt 0.647300 0.911900
vt 0.647300 0.897300
vt 0.668800 0.897300
vt 0.625700 0.911900
vt 0.625700 0.897300
vt 0.604200 0.911900
vt 0.582700 0.911900
vt 0.582700 0.897300
vt 0.604200 0.897300
vt 0.343000 0.846800
vt 0.331100 0.817400
vt 0.240100 0.846800
vt 0.234200 0.824200
vt 0.322900 0.787500
vt 0.227600 0.802000
vt 0.137100 0.846800
vt 0.034100 0.846800
vt 0.027600 0.840300
vt 0.132200 0.832000
vt 0.021000 0.833700
vt 0.125900 0.817600
vt 0.007900 0.820700
vt 0.104900 0.791100
vt 0.117000 0.804200
vt 0.014500 0.827200
vt 0.203700 0.762500
vt 0.219700 0.780800
vt 0.309100 0.731300
vt 0.322500 0.756500
vt 0.344500 0.853600
vt 0.351900 0.868200
vt 0.423900 0.853600
vt 0.425700 0.868200
vt 0.355600 0.882800
vt 0.426700 0.882800
vt 0.503300 0.853600
vt 0.503300 0.868200
vt 0.503300 0.882800
vt 0.503300 0.911900
vt 0.503300 0.897300
vt 0.423900 0.911900
vt 0.425700 0.897300
vt 0.344500 0.911900
vt 0.351900 0.897300
vt 0.012300 0.042200
vt 0.012300 0.035500
vt 0.257200 0.035500
vt 0.257200 0.042200
vt 0.012300 0.028800
vt 0.257200 0.028800
vt 0.502200 0.035500
vt 0.502200 0.042200
vt 0.502200 0.028800
vt 0.012300 0.022000
vt 0.012300 0.015300
vt 0.257200 0.015300
vt 0.257200 0.022000
vt 0.502200 0.015300
vt 0.502200 0.022000
vt 0.992000 0.015300
vt 0.992000 0.022000
vt 0.747100 0.022000
vt 0.747100 0.015300
vt 0.992000 0.028800
vt 0.747100 0.028800
vt 0.992000 0.035500
vt 0.992000 0.042200
vt 0.747100 0.042200
vt 0.747100 0.035500
vt 0.012300 0.176700
vt 0.012300 0.169900
vt 0.257200 0.169900
vt 0.257200 0.176700
vt 0.012300 0.163200
vt 0.257200 0.163200
vt 0.502200 0.169900
vt 0.502200 0.176700
vt 0.502200 0.163200
vt 0.012300 0.156500
vt 0.012300 0.149800
vt 0.257200 0.149800
vt 0.257200 0.156500
vt 0.502200 0.149800
vt 0.502200 0.156500
vt 0.992000 0.149800
vt 0.992000 0.156500
vt 0.747100 0.156500
vt 0.747100 0.149800
vt 0.992000 0.163200
vt 0.747100 0.163200
vt 0.992000 0.169900
vt 0.992000 0.176700
vt 0.747100 0.176700
vt 0.747100 0.169900
vt 0.012300 0.143000
vt 0.257200 0.143000
vt 0.012300 0.136300
vt 0.257200 0.136300
vt 0.502200 0.143000
vt 0.502200 0.136300
vt 0.012300 0.129600
vt 0.012300 0.122900
vt 0.257200 0.122900
vt 0.257200 0.129600
vt 0.502200 0.122900
vt 0.502200 0.129600
vt 0.992000 0.122900
vt 0.992000 0.129600
vt 0.747100 0.129600
vt 0.747100 0.122900
vt 0.992000 0.136300
vt 0.747100 0.136300
vt 0.992000 0.143000
vt 0.747100 0.143000
vt 0.012300 0.116200
vt 0.257200 0.116200
vt 0.012300 0.109400
vt 0.257200 0.109400
vt 0.502200 0.116200
vt 0.502200 0.109400
vt 0.012300 0.102700
vt 0.012300 0.096000
vt 0.257200 0.096000
vt 0.257200 0.102700
vt 0.502200 0.096000
vt 0.502200 0.102700
vt 0.992000 0.096000
vt 0.992000 0.102700
vt 0.747100 0.102700
vt 0.747100 0.096000
vt 0.992000 0.109400
vt 0.747100 0.109400
vt 0.992000 0.116200
vt 0.747100 0.116200
vt 0.012300 0.089300
vt 0.257200 0.089300
vt 0.012300 0.082500
vt 0.257200 0.082500
vt 0.502200 0.089300
vt 0.502200 0.082500
vt 0.012300 0.075800
vt 0.012300 0.069100
vt 0.257200 0.069100
vt 0.257200 0.075800
vt 0.502200 0.069100
vt 0.502200 0.075800
vt 0.992000 0.069100
vt 0.992000 0.075800
vt 0.747100 0.075800
vt 0.747100 0.069100
vt 0.992000 0.082500
vt 0.747100 0.082500
vt 0.992000 0.089300
vt 0.747100 0.089300
vt 0.012300 0.062400
vt 0.257200 0.062400
vt 0.012300 0.055700
vt 0.257200 0.055700
vt 0.502200 0.062400
vt 0.502200 0.055700
vt 0.012300 0.048900
vt 0.257200 0.048900
vt 0.502200 0.048900
vt 0.992000 0.048900
vt 0.747100 0.048900
vt 0.992000 0.055700
vt 0.747100 0.055700
vt 0.992000 0.062400
vt 0.747100 0.062400
vt 0.798500 0.760600
vt 0.798500 0.822200
vt 0.773500 0.825800
vt 0.773500 0.775100
vt 0.798500 0.876500
vt 0.773500 0.876500
vt 0.748400 0.833100
vt 0.748400 0.789600
vt 0.748400 0.876500
vt 0.798500 0.930800
vt 0.798500 0.992400
vt 0.773400 0.977900
vt 0.773400 0.927200
vt 0.748400 0.963400
vt 0.748400 0.920000
vt 0.698200 0.934500
vt 0.698200 0.905500
vt 0.723300 0.912700
vt 0.723300 0.948900
vt 0.698200 0.876500
vt 0.723300 0.876500
vt 0.698200 0.847500
vt 0.698200 0.818600
vt 0.723300 0.804100
vt 0.723300 0.840300
vt 0.021700 0.320400
vt 0.263200 0.314300
vt 0.263400 0.322500
vt 0.021800 0.327100
vt 0.504800 0.308200
vt 0.505000 0.318000
vt 0.263500 0.330800
vt 0.021900 0.333900
vt 0.505200 0.327800
vt 0.746400 0.302100
vt 0.988100 0.296000
vt 0.988300 0.308800
vt 0.746700 0.313400
vt 0.988500 0.321700
vt 0.746800 0.324700
vt 0.988800 0.347400
vt 0.747000 0.347400
vt 0.746900 0.336000
vt 0.988600 0.334500
vt 0.505300 0.347400
vt 0.505300 0.337600
vt 0.263700 0.347400
vt 0.022100 0.347400
vt 0.022000 0.340600
vt 0.263600 0.339100
vt 0.020700 0.293400
vt 0.262000 0.281200
vt 0.262400 0.289500
vt 0.021000 0.300100
vt 0.503300 0.269000
vt 0.503800 0.278800
vt 0.262700 0.297700
vt 0.021200 0.306900
vt 0.504200 0.288600
vt 0.744700 0.256800
vt 0.986200 0.244600
vt 0.986700 0.257500
vt 0.745200 0.268100
vt 0.987200 0.270300
vt 0.745700 0.279400
vt 0.746100 0.290800
vt 0.987600 0.283100
vt 0.504500 0.298400
vt 0.021500 0.313600
vt 0.263000 0.306000
vt 0.019000 0.266500
vt 0.260000 0.248200
vt 0.260500 0.256400
vt 0.019400 0.273200
vt 0.501000 0.229900
vt 0.501600 0.239700
vt 0.261000 0.264700
vt 0.019900 0.279900
vt 0.502200 0.249400
vt 0.742000 0.211600
vt 0.982900 0.193300
vt 0.983800 0.206200
vt 0.742700 0.222900
vt 0.984600 0.219000
vt 0.743400 0.234200
vt 0.744100 0.245500
vt 0.985400 0.231800
vt 0.502800 0.259200
vt 0.020300 0.286700
vt 0.261500 0.272900
vt 0.020700 0.401300
vt 0.262000 0.413500
vt 0.261500 0.421800
vt 0.020300 0.408100
vt 0.503300 0.425700
vt 0.502800 0.435500
vt 0.261000 0.430000
vt 0.019900 0.414800
vt 0.502200 0.445300
vt 0.744700 0.437900
vt 0.986200 0.450100
vt 0.985400 0.462900
vt 0.744100 0.449200
vt 0.984600 0.475700
vt 0.743400 0.460500
vt 0.983000 0.501400
vt 0.742000 0.483100
vt 0.742700 0.471800
vt 0.983800 0.488600
vt 0.501000 0.464800
vt 0.501600 0.455100
vt 0.260000 0.446600
vt 0.019000 0.428300
vt 0.019400 0.421500
vt 0.260500 0.438300
vt 0.021700 0.374400
vt 0.263200 0.380500
vt 0.263000 0.388700
vt 0.021500 0.381100
vt 0.504800 0.386500
vt 0.504500 0.396300
vt 0.262700 0.397000
vt 0.021200 0.387800
vt 0.504200 0.406100
vt 0.746400 0.392600
vt 0.988100 0.398700
vt 0.987700 0.411600
vt 0.746100 0.404000
vt 0.987200 0.424400
vt 0.745700 0.415300
vt 0.745200 0.426600
vt 0.986700 0.437300
vt 0.503800 0.415900
vt 0.021000 0.394600
vt 0.262400 0.405300
vt 0.263600 0.355600
vt 0.022000 0.354100
vt 0.505300 0.357200
vt 0.263500 0.363900
vt 0.021900 0.360900
vt 0.505200 0.367000
vt 0.988600 0.360200
vt 0.746900 0.358700
vt 0.988500 0.373100
vt 0.746800 0.370000
vt 0.746700 0.381300
vt 0.988300 0.385900
vt 0.505000 0.376800
vt 0.021800 0.367600
vt 0.263400 0.372200
vt 0.700800 0.687600
vt 0.695200 0.684400
vt 0.695600 0.683700
vt 0.699600 0.688200
vt 0.689700 0.681200
vt 0.690200 0.680200
vt 0.696300 0.682900
vt 0.700500 0.687800
vt 0.690900 0.679100
vt 0.684100 0.678000
vt 0.678600 0.674800
vt 0.678600 0.676100
vt 0.684500 0.677300
vt 0.678600 0.675100
vt 0.684900 0.676300
vt 0.678600 0.667700
vt 0.685600 0.671800
vt 0.685300 0.674300
vt 0.678600 0.672800
vt 0.692700 0.675900
vt 0.691700 0.677600
vt 0.699800 0.680000
vt 0.706800 0.684100
vt 0.702500 0.686600
vt 0.697800 0.681500
vt 0.673000 0.678000
vt 0.672600 0.677300
vt 0.667500 0.681200
vt 0.666900 0.680200
vt 0.672300 0.676300
vt 0.666200 0.679100
vt 0.661900 0.684400
vt 0.656400 0.687600
vt 0.657500 0.688200
vt 0.661600 0.683700
vt 0.656700 0.687800
vt 0.660800 0.682900
vt 0.650300 0.684100
vt 0.657400 0.680000
vt 0.659300 0.681500
vt 0.654700 0.686600
vt 0.664400 0.675900
vt 0.665400 0.677600
vt 0.671500 0.671800
vt 0.671900 0.674300
vt 0.656400 0.694000
vt 0.655600 0.694000
vt 0.656400 0.700400
vt 0.655200 0.700400
vt 0.654500 0.693800
vt 0.653900 0.700400
vt 0.656400 0.706800
vt 0.656400 0.713200
vt 0.657500 0.712500
vt 0.655600 0.706800
vt 0.656700 0.713000
vt 0.654500 0.707000
vt 0.650300 0.716700
vt 0.650300 0.708600
vt 0.652600 0.707700
vt 0.654700 0.714200
vt 0.650300 0.700400
vt 0.652200 0.700400
vt 0.650300 0.692200
vt 0.652600 0.693100
vt 0.661900 0.716400
vt 0.661600 0.717100
vt 0.667500 0.719600
vt 0.666900 0.720600
vt 0.660800 0.717900
vt 0.666200 0.721700
vt 0.673000 0.722800
vt 0.678600 0.726000
vt 0.678600 0.724700
vt 0.672600 0.723400
vt 0.678600 0.725700
vt 0.672300 0.724500
vt 0.678600 0.733000
vt 0.671500 0.729000
vt 0.671900 0.726500
vt 0.678600 0.728000
vt 0.664400 0.724900
vt 0.665400 0.723200
vt 0.657400 0.720800
vt 0.659300 0.719200
vt 0.684100 0.722800
vt 0.684500 0.723400
vt 0.689700 0.719600
vt 0.690200 0.720600
vt 0.684900 0.724500
vt 0.690900 0.721700
vt 0.695200 0.716400
vt 0.700800 0.713200
vt 0.699600 0.712500
vt 0.695600 0.717100
vt 0.700400 0.713000
vt 0.696300 0.717900
vt 0.706800 0.716700
vt 0.699800 0.720800
vt 0.697800 0.719200
vt 0.702500 0.714200
vt 0.692700 0.724900
vt 0.691700 0.723200
vt 0.685600 0.729000
vt 0.685300 0.726500
vt 0.700800 0.706800
vt 0.701500 0.706800
vt 0.700800 0.700400
vt 0.701900 0.700400
vt 0.702600 0.707000
vt 0.703200 0.700400
vt 0.700800 0.694000
vt 0.701500 0.694000
vt 0.702600 0.693800
vt 0.706800 0.692200
vt 0.704500 0.693100
vt 0.706800 0.700400
vt 0.704900 0.700400
vt 0.706800 0.708600
vt 0.704500 0.707700
vt 0.717700 0.712600
vt 0.717700 0.703100
vt 0.747400 0.703100
vt 0.747400 0.712600
vt 0.717700 0.693500
vt 0.747400 0.693500
vt 0.777200 0.703100
vt 0.777200 0.712600
vt 0.777200 0.693500
vt 0.717700 0.684000
vt 0.717700 0.674400
vt 0.747400 0.674400
vt 0.747400 0.684000
vt 0.777200 0.674400
vt 0.777200 0.684000
vt 0.836700 0.674400
vt 0.836700 0.684000
vt 0.806900 0.684000
vt 0.806900 0.674400
vt 0.836700 0.693500
vt 0.806900 0.693500
vt 0.836700 0.703100
vt 0.836700 0.712600
vt 0.806900 0.712600
vt 0.806900 0.703100
vt 0.717700 0.664900
vt 0.747400 0.664900
vt 0.717700 0.655300
vt 0.747400 0.655300
vt 0.777200 0.664900
vt 0.777200 0.655300
vt 0.717700 0.645800
vt 0.717700 0.636200
vt 0.747400 0.636200
vt 0.747400 0.645800
vt 0.777200 0.636200
vt 0.777200 0.645800
vt 0.836700 0.636200
vt 0.836700 0.645800
vt 0.806900 0.645800
vt 0.806900 0.636200
vt 0.836700 0.655300
vt 0.806900 0.655300
vt 0.836700 0.664900
vt 0.806900 0.664900
vt 0.717700 0.626700
vt 0.747400 0.626700
vt 0.717700 0.617100
vt 0.747400 0.617100
vt 0.777200 0.626700
vt 0.777200 0.617100
vt 0.717700 0.607600
vt 0.717700 0.598000
vt 0.747400 0.598000
vt 0.747400 0.607600
vt 0.777200 0.598000
vt 0.777200 0.607600
vt 0.836700 0.598000
vt 0.836700 0.607600
vt 0.806900 0.607600
vt 0.806900 0.598000
vt 0.836700 0.617100
vt 0.806900 0.617100
vt 0.836700 0.626700
vt 0.806900 0.626700
vt 0.717700 0.588500
vt 0.747400 0.588500
vt 0.717700 0.578900
vt 0.747400 0.578900
vt 0.777200 0.588500
vt 0.777200 0.578900
vt 0.717700 0.569400
vt 0.717700 0.559900
vt 0.747400 0.559900
vt 0.747400 0.569400
vt 0.777200 0.559900
vt 0.777200 0.569400
vt 0.836700 0.559900
vt 0.836700 0.569400
vt 0.806900 0.569400
vt 0.806900 0.559900
vt 0.836700 0.578900
vt 0.806900 0.578900
vt 0.836700 0.588500
vt 0.806900 0.588500
vt 0.717700 0.550300
vt 0.747400 0.550300
vt 0.717700 0.540800
vt 0.747400 0.540800
vt 0.777200 0.550300
vt 0.777200 0.540800
vt 0.717700 0.531200
vt 0.717700 0.521700
vt 0.747400 0.521700
vt 0.747400 0.531200
vt 0.777200 0.521700
vt 0.777200 0.531200
vt 0.836700 0.521700
vt 0.836700 0.531200
vt 0.806900 0.531200
vt 0.806900 0.521700
vt 0.836700 0.540800
vt 0.806900 0.540800
vt 0.836700 0.550300
vt 0.806900 0.550300
vt 0.717700 0.750800
vt 0.717700 0.741300
vt 0.747400 0.741300
vt 0.747400 0.750800
vt 0.717700 0.731700
vt 0.747400 0.731700
vt 0.777200 0.741300
vt 0.777200 0.750800
vt 0.777200 0.731700
vt 0.717700 0.722200
vt 0.747400 0.722200
vt 0.777200 0.722200
vt 0.836700 0.722200
vt 0.806900 0.722200
vt 0.836700 0.731700
vt 0.806900 0.731700
vt 0.836700 0.741300
vt 0.836700 0.750800
vt 0.806900 0.750800
vt 0.806900 0.741300
vt 0.899100 0.799000
vt 0.896900 0.789700
vt 0.903300 0.787300
vt 0.906500 0.795300
vt 0.894700 0.780500
vt 0.901100 0.778900
vt 0.909500 0.785000
vt 0.912500 0.792300
vt 0.907400 0.777400
vt 0.892500 0.771200
vt 0.890300 0.761900
vt 0.898500 0.761900
vt 0.899300 0.770400
vt 0.905300 0.761900
vt 0.905900 0.769700
vt 0.916300 0.761900
vt 0.917800 0.768200
vt 0.912000 0.769000
vt 0.911400 0.761900
vt 0.919400 0.774600
vt 0.913400 0.776000
vt 0.920900 0.780900
vt 0.922400 0.787300
vt 0.917900 0.789500
vt 0.915300 0.782900
vt 0.892500 0.752600
vt 0.899300 0.753300
vt 0.894700 0.743300
vt 0.901100 0.744800
vt 0.905900 0.754100
vt 0.907400 0.746300
vt 0.896900 0.734000
vt 0.899100 0.724700
vt 0.906500 0.728500
vt 0.903300 0.736400
vt 0.912500 0.731500
vt 0.909500 0.738800
vt 0.922400 0.736500
vt 0.920900 0.742800
vt 0.915300 0.740900
vt 0.917900 0.734300
vt 0.919400 0.749200
vt 0.913400 0.747800
vt 0.917800 0.755500
vt 0.912000 0.754800
vt 0.905300 0.717400
vt 0.911000 0.721200
vt 0.911500 0.710200
vt 0.916500 0.714400
vt 0.916600 0.724800
vt 0.921400 0.718600
vt 0.917700 0.702900
vt 0.923800 0.695600
vt 0.928700 0.702200
vt 0.922300 0.707900
vt 0.932700 0.707700
vt 0.926800 0.712800
vt 0.939300 0.716600
vt 0.935000 0.721600
vt 0.931000 0.717300
vt 0.936300 0.712600
vt 0.930800 0.726500
vt 0.926200 0.722600
vt 0.926600 0.731500
vt 0.921700 0.728200
vt 0.932600 0.691900
vt 0.936100 0.697800
vt 0.941400 0.688200
vt 0.944000 0.694100
vt 0.939400 0.703500
vt 0.946500 0.700000
vt 0.950200 0.684500
vt 0.959000 0.680800
vt 0.960100 0.687200
vt 0.952000 0.690600
vt 0.961200 0.693600
vt 0.953800 0.696700
vt 0.963300 0.706500
vt 0.957300 0.709000
vt 0.955500 0.702900
vt 0.962200 0.700000
vt 0.951300 0.711500
vt 0.948900 0.705800
vt 0.945300 0.714100
vt 0.942400 0.708900
vt 0.959000 0.843000
vt 0.950200 0.839300
vt 0.952000 0.833200
vt 0.960100 0.836600
vt 0.941400 0.835600
vt 0.944000 0.829700
vt 0.953800 0.827000
vt 0.961200 0.830200
vt 0.946500 0.823800
vt 0.932600 0.831900
vt 0.923800 0.828200
vt 0.928700 0.821500
vt 0.936100 0.826000
vt 0.932700 0.816100
vt 0.939400 0.820200
vt 0.939300 0.807200
vt 0.945300 0.809700
vt 0.942400 0.814900
vt 0.936300 0.811200
vt 0.951300 0.812200
vt 0.948900 0.818000
vt 0.957300 0.814800
vt 0.963300 0.817300
vt 0.962200 0.823700
vt 0.955500 0.820900
vt 0.917700 0.820900
vt 0.922300 0.815800
vt 0.911500 0.813600
vt 0.916500 0.809400
vt 0.926800 0.811000
vt 0.921400 0.805200
vt 0.905300 0.806300
vt 0.911000 0.802600
vt 0.916600 0.799000
vt 0.926600 0.792200
vt 0.921700 0.795600
vt 0.930800 0.797200
vt 0.926200 0.801200
vt 0.935000 0.802200
vt 0.931000 0.806500
vt 0.848300 0.650400
vt 0.847500 0.644000
vt 0.880700 0.643900
vt 0.881500 0.650400
vt 0.846700 0.637500
vt 0.880100 0.637500
vt 0.913900 0.643900
vt 0.914500 0.650300
vt 0.913500 0.637500
vt 0.845800 0.631000
vt 0.845000 0.624600
vt 0.879300 0.624600
vt 0.879500 0.631000
vt 0.913100 0.624600
vt 0.913200 0.631000
vt 0.980200 0.624600
vt 0.980200 0.631000
vt 0.946700 0.631000
vt 0.946700 0.624600
vt 0.980200 0.637500
vt 0.946900 0.637500
vt 0.980200 0.644000
vt 0.980200 0.650400
vt 0.947300 0.650400
vt 0.947100 0.643900
vt 0.845800 0.618100
vt 0.879500 0.618100
vt 0.846700 0.611600
vt 0.880100 0.611600
vt 0.913200 0.618100
vt 0.913500 0.611600
vt 0.847500 0.605100
vt 0.848300 0.598700
vt 0.881500 0.598700
vt 0.880700 0.605200
vt 0.914500 0.598800
vt 0.913900 0.605200
vt 0.980200 0.598700
vt 0.980200 0.605100
vt 0.947100 0.605200
vt 0.947300 0.598700
vt 0.980200 0.611600
vt 0.946900 0.611600
vt 0.980200 0.618100
vt 0.946700 0.618100
vt 0.850000 0.592400
vt 0.882600 0.592400
vt 0.851600 0.586000
vt 0.883700 0.586000
vt 0.915100 0.592400
vt 0.915900 0.586000
vt 0.853300 0.579700
vt 0.854900 0.573400
vt 0.886000 0.573400
vt 0.884900 0.579700
vt 0.917300 0.573300
vt 0.916600 0.579700
vt 0.980000 0.573400
vt 0.980100 0.579700
vt 0.948300 0.579700
vt 0.948600 0.573400
vt 0.980100 0.586000
vt 0.948000 0.586000
vt 0.980100 0.592400
vt 0.947600 0.592400
vt 0.855800 0.567000
vt 0.886800 0.566900
vt 0.856600 0.560500
vt 0.887400 0.560500
vt 0.917800 0.566900
vt 0.918200 0.560500
vt 0.857400 0.554000
vt 0.858200 0.547500
vt 0.888200 0.547500
vt 0.888000 0.554000
vt 0.918700 0.547500
vt 0.918500 0.554000
vt 0.980000 0.547500
vt 0.980000 0.554000
vt 0.949200 0.554000
vt 0.949300 0.547500
vt 0.980000 0.560500
vt 0.949100 0.560500
vt 0.980000 0.567000
vt 0.948900 0.566900
vt 0.857400 0.541100
vt 0.888000 0.541100
vt 0.856600 0.534600
vt 0.887400 0.534600
vt 0.918500 0.541100
vt 0.918200 0.534600
vt 0.855800 0.528100
vt 0.854900 0.521700
vt 0.886200 0.521700
vt 0.886800 0.528100
vt 0.917500 0.521700
vt 0.917900 0.528100
vt 0.980000 0.521700
vt 0.980000 0.528100
vt 0.948900 0.528100
vt 0.948700 0.521700
vt 0.980000 0.534600
vt 0.949100 0.534600
vt 0.980000 0.541100
vt 0.949200 0.541100
vt 0.854900 0.675700
vt 0.853300 0.669400
vt 0.885000 0.669400
vt 0.886200 0.675700
vt 0.851600 0.663100
vt 0.883800 0.663100
vt 0.916700 0.669400
vt 0.917500 0.675700
vt 0.915900 0.663000
vt 0.850000 0.656700
vt 0.882600 0.656700
vt 0.915100 0.656700
vt 0.980100 0.656700
vt 0.947600 0.656700
vt 0.980100 0.663100
vt 0.948000 0.663100
vt 0.980100 0.669400
vt 0.980000 0.675700
vt 0.948700 0.675700
vt 0.948400 0.669400
vt 0.467500 0.962400
vt 0.469500 0.970200
vt 0.467200 0.952100
vt 0.469600 0.957700
vt 0.471400 0.963600
vt 0.468800 0.952200
vt 0.469500 0.934200
vt 0.467500 0.941900
vt 0.471400 0.940800
vt 0.469600 0.946700
vt 0.474700 0.952400
vt 0.473300 0.957900
vt 0.471300 0.952300
vt 0.473300 0.946800
vt 0.485500 0.923000
vt 0.489600 0.924800
vt 0.478100 0.926700
vt 0.505800 0.923000
vt 0.504900 0.924500
vt 0.492900 0.926300
vt 0.483800 0.928000
vt 0.503900 0.925900
vt 0.526100 0.923000
vt 0.531300 0.926700
vt 0.520100 0.924800
vt 0.523700 0.928000
vt 0.514900 0.926300
vt 0.515700 0.927900
vt 0.508900 0.927900
vt 0.511500 0.927200
vt 0.518700 0.928800
vt 0.502100 0.927900
vt 0.503000 0.927000
vt 0.495200 0.927900
vt 0.488400 0.927900
vt 0.487200 0.928800
vt 0.494500 0.927200
vt 0.526100 0.981200
vt 0.520100 0.979600
vt 0.531300 0.977700
vt 0.505800 0.981200
vt 0.504900 0.979800
vt 0.514900 0.978200
vt 0.523700 0.976500
vt 0.503900 0.978600
vt 0.485500 0.981200
vt 0.478100 0.977700
vt 0.489600 0.979600
vt 0.483800 0.976500
vt 0.492900 0.978200
vt 0.488400 0.976900
vt 0.495200 0.976900
vt 0.494500 0.977400
vt 0.487200 0.975800
vt 0.502100 0.976900
vt 0.503000 0.977700
vt 0.508900 0.976900
vt 0.515700 0.976900
vt 0.518700 0.975800
vt 0.511500 0.977400
vt 0.519200 0.970800
vt 0.523300 0.972100
vt 0.522600 0.964600
vt 0.526500 0.967400
vt 0.528100 0.973000
vt 0.529200 0.969300
vt 0.526000 0.958500
vt 0.529400 0.952400
vt 0.533000 0.957900
vt 0.529800 0.962800
vt 0.536500 0.963600
vt 0.532900 0.967500
vt 0.534500 0.973000
vt 0.540100 0.970200
vt 0.533000 0.946800
vt 0.535900 0.952300
vt 0.536500 0.940800
vt 0.539000 0.946700
vt 0.539000 0.957700
vt 0.540400 0.952200
vt 0.540100 0.934200
vt 0.542600 0.941900
vt 0.543100 0.952100
vt 0.542600 0.962400
vt 0.526000 0.946300
vt 0.529800 0.941900
vt 0.522600 0.940200
vt 0.526500 0.937200
vt 0.532900 0.937000
vt 0.529200 0.935300
vt 0.519200 0.934000
vt 0.523300 0.932500
vt 0.528100 0.931500
vt 0.534500 0.931400
vt 0.485000 0.934000
vt 0.482400 0.932500
vt 0.481600 0.940200
vt 0.479000 0.937200
vt 0.479000 0.931500
vt 0.477400 0.935300
vt 0.478100 0.946300
vt 0.475900 0.941900
vt 0.474300 0.937000
vt 0.474000 0.931400
vt 0.478100 0.958500
vt 0.475900 0.962800
vt 0.481600 0.964600
vt 0.479000 0.967400
vt 0.474300 0.967500
vt 0.477400 0.969300
vt 0.485000 0.970800
vt 0.482400 0.972100
vt 0.479000 0.973000
vt 0.474000 0.973000
vt 0.007900 0.805100
vt 0.089200 0.777700
vt 0.007900 0.789500
vt 0.070200 0.764500
vt 0.173000 0.749300
vt 0.133100 0.739400
vt 0.007900 0.773900
vt 0.007900 0.758300
vt 0.025600 0.740700
vt 0.048600 0.752400
vt 0.043200 0.723100
vt 0.089200 0.730800
vt 0.078500 0.687800
vt 0.170400 0.687800
vt 0.129800 0.709300
vt 0.060900 0.705400
vt 0.262300 0.687800
vt 0.197300 0.713700
vt 0.354100 0.687800
vt 0.262300 0.719000
vt 0.823600 0.775100
vt 0.823600 0.825800
vt 0.848700 0.789600
vt 0.848700 0.833100
vt 0.823600 0.876500
vt 0.848700 0.876500
vt 0.873800 0.804100
vt 0.898900 0.818600
vt 0.898900 0.847500
vt 0.873800 0.840300
vt 0.898900 0.876500
vt 0.873800 0.876500
vt 0.898900 0.934500
vt 0.873800 0.948900
vt 0.873800 0.912700
vt 0.898900 0.905500
vt 0.848700 0.963400
vt 0.848700 0.920000
vt 0.823600 0.977900
vt 0.823600 0.927200
vt 0.032443 0.566234
vt 0.058080 0.555044
vt 0.054500 0.566200
vt 0.032443 0.572934
vt 0.088917 0.541559
vt 0.085300 0.559400
vt 0.054500 0.585600
vt 0.032443 0.585600
vt 0.085200 0.585600
vt 0.119318 0.528484
vt 0.148862 0.516601
vt 0.144400 0.547500
vt 0.115700 0.552600
vt 0.143700 0.585600
vt 0.115200 0.585600
vt 0.054500 0.604900
vt 0.085300 0.611700
vt 0.115700 0.618500
vt 0.144400 0.623600
vt 0.170300 0.625300
vt 0.032443 0.598175
vt 0.172138 0.515558
vt 0.170300 0.545800
vt 0.195501 0.515135
vt 0.197000 0.546300
vt 0.169800 0.585600
vt 0.198200 0.586300
vt 0.220246 0.515049
vt 0.239788 0.515032
vt 0.279600 0.555600
vt 0.228500 0.547900
vt 0.286000 0.594500
vt 0.233700 0.588700
vt 0.277500 0.630500
vt 0.228500 0.627400
vt 0.197000 0.625800
vt 0.356600 0.635700
vt 0.453500 0.642400
vt 0.332178 0.515054
vt 0.425400 0.537300
vt 0.378600 0.549500
vt 0.425104 0.515030
vt 0.490300 0.531900
vt 0.514600 0.567600
vt 0.484000 0.580800
vt 0.554600 0.557600
vt 0.557900 0.527600
vt 0.620402 0.530110
vt 0.638108 0.547683
vt 0.598500 0.549100
vt 0.516741 0.515046
vt 0.655696 0.565290
vt 0.639100 0.570600
vt 0.617500 0.582800
vt 0.598500 0.595900
vt 0.582700 0.609400
vt 0.570600 0.622500
vt 0.468000 0.599000
vt 0.561700 0.635900
vt 0.460000 0.620300
vt 0.364800 0.605800
vt 0.365200 0.574700
vt 0.000000 0.000000
vt 0.000000 0.000000
vt 0.000000 0.000000
vt 0.000000 0.000000
vt 0.000000 0.000000
vt 0.000000 0.000000
vt 0.000000 0.000000
vn -0.0000 0.0000 -1.0000
vn -0.4004 -0.9163 -0.0000
vn -0.3922 -0.9199 -0.0000
vn -0.3664 -0.9305 0.0000
vn -0.3184 -0.9479 0.0000
vn -0.2392 -0.9710 0.0000
vn 1.0000 0.0000 0.0000
vn 0.0000 1.0000 0.0000
vn 0.0003 1.0000 -0.0003
vn 0.0006 1.0000 -0.0000
vn 0.0010 1.0000 -0.0000
vn 0.0003 1.0000 0.0003
vn 0.0015 1.0000 -0.0001
vn -1.0000 0.0000 0.0000
vn -0.1385 -0.9904 0.0000
vn -0.0550 -0.9985 0.0000
vn -0.0115 -0.9999 0.0000
vn 0.0000 -1.0000 0.0000
vn -0.4004 0.9163 0.0000
vn -0.4004 0.9164 0.0000
vn -0.4003 0.9164 0.0000
vn -0.4000 0.9165 -0.0000
vn 0.7071 0.7071 0.0000
vn 0.7071 -0.7071 0.0000
vn 0.9659 0.2588 -0.0000
vn 0.9304 0.2493 -0.2686
vn 0.9305 0.2490 -0.2686
vn 0.9660 0.2586 -0.0000
vn 0.8366 0.2242 -0.4999
vn 0.8366 0.2239 -0.5000
vn 0.9307 0.2482 -0.2687
vn 0.9662 0.2577 -0.0000
vn 0.8368 0.2230 -0.5000
vn 0.6900 0.1850 -0.6998
vn 0.4831 0.1294 -0.8660
vn 0.4831 0.1292 -0.8660
vn 0.6899 0.1846 -0.7000
vn 0.4833 0.1283 -0.8660
vn 0.6902 0.1838 -0.6999
vn 0.4845 0.1234 -0.8661
vn 0.6915 0.1789 -0.6999
vn 0.6907 0.1821 -0.6998
vn 0.4836 0.1266 -0.8661
vn 0.8382 0.2182 -0.4999
vn 0.8373 0.2214 -0.4999
vn 0.9320 0.2433 -0.2685
vn 0.9675 0.2528 -0.0000
vn 0.9667 0.2560 -0.0000
vn 0.9312 0.2465 -0.2686
vn 0.2407 0.0645 -0.9685
vn 0.2407 0.0642 -0.9685
vn 0.0001 -0.0002 -1.0000
vn 0.2408 0.0633 -0.9685
vn 0.0003 -0.0011 -1.0000
vn -0.2407 -0.0645 -0.9685
vn -0.4829 -0.1293 -0.8661
vn -0.4830 -0.1297 -0.8660
vn -0.2405 -0.0647 -0.9685
vn -0.4826 -0.1305 -0.8661
vn -0.2402 -0.0655 -0.9685
vn -0.4813 -0.1354 -0.8660
vn -0.2389 -0.0704 -0.9685
vn -0.2397 -0.0672 -0.9685
vn -0.4821 -0.1322 -0.8661
vn 0.0016 -0.0060 -1.0000
vn 0.0007 -0.0028 -1.0000
vn 0.2421 0.0585 -0.9685
vn 0.2412 0.0616 -0.9685
vn -0.6902 -0.1851 -0.6996
vn -0.6897 -0.1851 -0.7000
vn -0.8365 -0.2241 -0.5000
vn -0.8364 -0.2244 -0.5000
vn -0.6896 -0.1860 -0.6999
vn -0.8362 -0.2253 -0.5000
vn -0.9304 -0.2493 -0.2686
vn -0.9659 -0.2588 -0.0000
vn -0.9659 -0.2591 -0.0000
vn -0.9304 -0.2496 -0.2686
vn -0.9656 -0.2599 -0.0000
vn -0.9301 -0.2504 -0.2687
vn -0.9643 -0.2648 -0.0000
vn -0.9288 -0.2553 -0.2686
vn -0.9297 -0.2521 -0.2687
vn -0.9652 -0.2616 -0.0000
vn -0.8349 -0.2301 -0.5000
vn -0.8358 -0.2269 -0.4999
vn -0.6883 -0.1908 -0.6999
vn -0.6892 -0.1877 -0.6999
vn -0.9304 -0.2493 0.2687
vn -0.9303 -0.2496 0.2687
vn -0.8365 -0.2241 0.5000
vn -0.8364 -0.2244 0.5000
vn -0.9301 -0.2504 0.2687
vn -0.8362 -0.2252 0.5000
vn -0.6898 -0.1848 0.7000
vn -0.4829 -0.1294 0.8661
vn -0.4829 -0.1297 0.8660
vn -0.6898 -0.1851 0.6999
vn -0.4827 -0.1305 0.8660
vn -0.6896 -0.1860 0.6999
vn -0.4813 -0.1354 0.8660
vn -0.6883 -0.1908 0.6999
vn -0.6891 -0.1876 0.6999
vn -0.4822 -0.1322 0.8660
vn -0.8349 -0.2301 0.5000
vn -0.8357 -0.2269 0.5000
vn -0.9288 -0.2553 0.2686
vn -0.9297 -0.2521 0.2686
vn -0.2404 -0.0644 0.9685
vn -0.2404 -0.0647 0.9685
vn 0.0000 0.0000 1.0000
vn 0.0001 -0.0003 1.0000
vn -0.2401 -0.0655 0.9685
vn 0.0003 -0.0011 1.0000
vn 0.2404 0.0644 0.9685
vn 0.4828 0.1294 0.8661
vn 0.4830 0.1291 0.8660
vn 0.2405 0.0642 0.9685
vn 0.4833 0.1283 0.8660
vn 0.2408 0.0633 0.9685
vn 0.4845 0.1234 0.8660
vn 0.2423 0.0585 0.9684
vn 0.2413 0.0617 0.9685
vn 0.4837 0.1266 0.8660
vn 0.0016 -0.0060 1.0000
vn 0.0007 -0.0028 1.0000
vn -0.2390 -0.0705 0.9684
vn -0.2398 -0.0672 0.9685
vn 0.6899 0.1849 0.6999
vn 0.6900 0.1846 0.6999
vn 0.8366 0.2242 0.4999
vn 0.8366 0.2239 0.5000
vn 0.6902 0.1838 0.6999
vn 0.8368 0.2230 0.5001
vn 0.9304 0.2493 0.2687
vn 0.9305 0.2490 0.2687
vn 0.9307 0.2482 0.2687
vn 0.9320 0.2433 0.2685
vn 0.9312 0.2465 0.2686
vn 0.8381 0.2182 0.4999
vn 0.8373 0.2214 0.5000
vn 0.6914 0.1789 0.6999
vn 0.6906 0.1821 0.6999
vn -0.2588 0.9659 0.0000
vn -0.2588 0.9659 -0.0001
vn -0.2587 0.9660 0.0000
vn -0.2589 0.9659 -0.0000
vn -0.2589 0.9659 -0.0001
vn -0.2589 0.9659 0.0002
vn -0.2588 0.9659 0.0001
vn -0.2589 0.9659 0.0001
vn -0.2587 0.9660 0.0003
vn -0.2587 0.9660 -0.0001
vn 0.4857 0.1189 -0.8660
vn 0.6927 0.1744 -0.6999
vn 0.4870 0.1141 -0.8659
vn 0.6939 0.1697 -0.6998
vn 0.8393 0.2137 -0.4999
vn 0.8404 0.2089 -0.5000
vn 0.4880 0.1103 -0.8658
vn 0.4884 0.1088 -0.8658
vn 0.6953 0.1643 -0.6997
vn 0.6949 0.1658 -0.6997
vn 0.8418 0.2036 -0.4999
vn 0.8414 0.2051 -0.5000
vn 0.9712 0.2382 -0.0000
vn 0.9708 0.2397 -0.0000
vn 0.9354 0.2303 -0.2685
vn 0.9357 0.2288 -0.2685
vn 0.9699 0.2435 -0.0000
vn 0.9344 0.2341 -0.2685
vn 0.9687 0.2483 -0.0000
vn 0.9332 0.2388 -0.2685
vn -0.4800 -0.1399 -0.8660
vn -0.2376 -0.0749 -0.9685
vn -0.4788 -0.1446 -0.8659
vn -0.2364 -0.0796 -0.9684
vn 0.0028 -0.0105 -0.9999
vn 0.0041 -0.0152 -0.9999
vn -0.4777 -0.1485 -0.8659
vn -0.4773 -0.1499 -0.8658
vn -0.2350 -0.0849 -0.9683
vn -0.2354 -0.0834 -0.9683
vn 0.0055 -0.0204 -0.9998
vn 0.0051 -0.0190 -0.9998
vn 0.2455 0.0454 -0.9683
vn 0.2460 0.0439 -0.9683
vn 0.2452 0.0492 -0.9682
vn 0.2432 0.0539 -0.9685
vn -0.9631 -0.2693 -0.0000
vn -0.9276 -0.2598 -0.2686
vn -0.9617 -0.2740 -0.0000
vn -0.9263 -0.2645 -0.2685
vn -0.8337 -0.2346 -0.4999
vn -0.8324 -0.2393 -0.4999
vn -0.9606 -0.2778 -0.0000
vn -0.9602 -0.2793 -0.0000
vn -0.9247 -0.2698 -0.2685
vn -0.9252 -0.2683 -0.2685
vn -0.8308 -0.2445 -0.4999
vn -0.8313 -0.2431 -0.4999
vn -0.6847 -0.2038 -0.6998
vn -0.6842 -0.2053 -0.6998
vn -0.6858 -0.2000 -0.6998
vn -0.6871 -0.1953 -0.6998
vn -0.4801 -0.1399 0.8660
vn -0.6870 -0.1953 0.6999
vn -0.4788 -0.1446 0.8659
vn -0.6857 -0.2000 0.6999
vn -0.8337 -0.2346 0.5000
vn -0.8324 -0.2393 0.4999
vn -0.4777 -0.1484 0.8659
vn -0.4773 -0.1499 0.8658
vn -0.6842 -0.2053 0.6998
vn -0.6846 -0.2038 0.6998
vn -0.8308 -0.2445 0.4999
vn -0.8313 -0.2431 0.4999
vn -0.9252 -0.2683 0.2685
vn -0.9247 -0.2698 0.2685
vn -0.9263 -0.2645 0.2685
vn -0.9276 -0.2598 0.2685
vn 0.4858 0.1189 0.8660
vn 0.2434 0.0540 0.9684
vn 0.4870 0.1141 0.8659
vn 0.2446 0.0493 0.9684
vn 0.0028 -0.0105 0.9999
vn 0.0041 -0.0152 0.9999
vn 0.4880 0.1103 0.8659
vn 0.4884 0.1088 0.8658
vn 0.2460 0.0439 0.9683
vn 0.2456 0.0454 0.9683
vn 0.0055 -0.0205 0.9998
vn 0.0051 -0.0190 0.9998
vn -0.2354 -0.0834 0.9683
vn -0.2350 -0.0849 0.9683
vn -0.2365 -0.0797 0.9684
vn -0.2378 -0.0750 0.9684
vn 0.9332 0.2388 0.2685
vn 0.9344 0.2341 0.2685
vn 0.8393 0.2137 0.5000
vn 0.8405 0.2090 0.5000
vn 0.9357 0.2288 0.2685
vn 0.9354 0.2303 0.2685
vn 0.8418 0.2036 0.4999
vn 0.8414 0.2051 0.4999
vn 0.6949 0.1658 0.6998
vn 0.6953 0.1643 0.6997
vn 0.6938 0.1696 0.6999
vn 0.6926 0.1743 0.6999
vn -0.2585 0.9660 -0.0009
vn -0.2587 0.9660 -0.0004
vn -0.2586 0.9660 -0.0003
vn -0.2590 0.9659 0.0001
vn -0.2586 0.9660 -0.0001
vn -0.2591 0.9659 0.0001
vn -0.2591 0.9659 0.0000
vn -0.2586 0.9660 -0.0002
vn -0.2586 0.9660 -0.0000
vn -0.2590 0.9659 0.0002
vn -0.2591 0.9659 0.0002
vn -0.2591 0.9659 -0.0001
vn -0.2590 0.9659 -0.0001
vn -0.2585 0.9660 0.0002
vn -0.2586 0.9660 0.0002
vn -0.2586 0.9660 0.0001
vn -0.2587 0.9660 0.0004
vn -0.2585 0.9660 0.0009
vn -0.2586 0.9660 0.0004
vn -0.2590 0.9659 -0.0002
vn -0.2591 0.9659 -0.0002
vn -0.2587 0.9660 0.0008
vn -0.2588 0.9659 0.0002
vn -0.2589 0.9659 -0.0002
vn -0.2588 0.9659 -0.0003
vn -0.2590 0.9659 0.0009
vn -0.2589 0.9659 0.0004
vn -0.2588 0.9659 -0.0002
vn -0.2586 0.9660 -0.0004
vn -0.2587 0.9659 -0.0001
vn -0.2588 0.9659 0.0006
vn -0.2588 0.9659 0.0003
vn -0.2592 0.9658 0.0003
vn -0.2592 0.9658 0.0002
vn -0.2592 0.9658 0.0000
vn -0.2593 0.9658 0.0001
vn -0.2590 0.9659 -0.0000
vn -0.2583 0.9661 -0.0001
vn -0.2584 0.9661 0.0000
vn -0.2583 0.9661 -0.0004
vn -0.2584 0.9660 -0.0005
vn -0.2593 0.9658 -0.0001
vn -0.2592 0.9658 -0.0003
vn -0.2592 0.9658 -0.0002
vn -0.2589 0.9659 -0.0004
vn -0.2584 0.9660 0.0005
vn -0.2587 0.9659 0.0001
vn -0.2583 0.9661 0.0004
vn -0.2583 0.9661 0.0001
vn -0.2588 0.9659 -0.0007
vn 0.4829 0.1294 -0.8661
vn 0.6899 0.1849 -0.6999
vn 0.8365 0.2242 -0.5000
vn 0.6899 0.1848 -0.6999
vn 0.8366 0.2241 -0.4999
vn 0.4828 0.1294 -0.8661
vn 0.9305 0.2493 0.2685
vn 0.8365 0.2242 0.5001
vn 0.8365 0.2241 0.5000
vn 0.9304 0.2493 0.2686
vn 0.6901 0.1850 0.6997
vn 0.4831 0.1295 0.8660
vn 0.4831 0.1294 0.8660
vn 0.6901 0.1851 0.6997
vn 0.4830 0.1294 0.8660
vn 0.6898 0.1848 0.7000
vn 0.4830 0.1295 0.8660
vn 0.6898 0.1849 0.7000
vn 0.8365 0.2242 0.5000
vn 0.9304 0.2493 0.2685
vn 0.2407 0.0645 0.9685
vn -0.2407 -0.0645 0.9685
vn -0.4830 -0.1294 0.8660
vn -0.4831 -0.1294 0.8660
vn -0.6902 -0.1852 0.6995
vn -0.6900 -0.1850 0.6998
vn -0.8365 -0.2241 0.5001
vn -0.9304 -0.2494 0.2685
vn -0.9659 -0.2589 -0.0000
vn -0.9304 -0.2493 0.2685
vn -0.9305 -0.2493 0.2686
vn -0.9304 -0.2493 0.2686
vn -0.8365 -0.2242 0.5001
vn -0.9304 -0.2494 -0.2686
vn -0.9304 -0.2493 -0.2685
vn -0.8366 -0.2242 -0.4999
vn -0.8366 -0.2241 -0.4999
vn -0.6899 -0.1848 -0.6999
vn -0.4829 -0.1294 -0.8661
vn -0.4828 -0.1294 -0.8661
vn -0.6899 -0.1849 -0.6999
vn -0.4833 -0.1294 -0.8658
vn -0.8365 -0.2242 -0.5000
vn -0.2405 -0.0644 -0.9685
vn 0.2405 0.0645 -0.9685
vn 0.2405 0.0644 -0.9685
vn 0.5463 -0.2728 -0.7919
vn 0.7355 -0.2210 -0.6405
vn 0.7357 -0.2207 -0.6404
vn 0.5464 -0.2725 -0.7920
vn 0.8699 -0.1841 -0.4575
vn 0.8699 -0.1838 -0.4576
vn 0.7357 -0.2204 -0.6404
vn 0.5464 -0.2724 -0.7920
vn 0.8699 -0.1837 -0.4578
vn 0.9559 -0.1616 -0.2454
vn 0.9881 -0.1540 -0.0000
vn 0.9881 -0.1541 -0.0000
vn 0.9558 -0.1615 -0.2457
vn 0.9557 -0.1618 -0.2460
vn 0.9880 -0.1543 -0.0000
vn 0.9556 -0.1618 -0.2461
vn 0.9558 -0.1616 -0.2457
vn 0.9880 -0.1542 -0.0000
vn 0.8699 -0.1839 -0.4577
vn 0.7360 -0.2204 -0.6401
vn 0.5463 -0.2724 -0.7920
vn 0.7357 -0.2205 -0.6404
vn 0.9559 -0.1615 0.2453
vn 0.9558 -0.1615 0.2457
vn 0.8699 -0.1841 0.4576
vn 0.8699 -0.1839 0.4577
vn 0.8699 -0.1837 0.4578
vn 0.7354 -0.2209 0.6406
vn 0.5465 -0.2725 0.7919
vn 0.5464 -0.2725 0.7919
vn 0.7357 -0.2206 0.6404
vn 0.5464 -0.2724 0.7920
vn 0.7357 -0.2204 0.6405
vn 0.7360 -0.2204 0.6401
vn 0.7357 -0.2205 0.6404
vn 0.5463 -0.2724 0.7920
vn 0.8699 -0.1840 0.4576
vn 0.9556 -0.1619 0.2460
vn 0.9558 -0.1617 0.2457
vn 0.3248 -0.3306 0.8861
vn 0.3245 -0.3308 0.8862
vn 0.1042 -0.3889 0.9153
vn 0.1043 -0.3891 0.9153
vn 0.3244 -0.3308 0.8862
vn 0.1042 -0.3891 0.9153
vn -0.1161 -0.4487 0.8861
vn -0.3371 -0.5091 0.7920
vn -0.3370 -0.5091 0.7920
vn -0.1156 -0.4487 0.8862
vn -0.3369 -0.5092 0.7920
vn -0.1155 -0.4487 0.8862
vn -0.3370 -0.5090 0.7921
vn -0.1154 -0.4483 0.8864
vn -0.1156 -0.4485 0.8863
vn -0.3369 -0.5091 0.7921
vn 0.1041 -0.3887 0.9155
vn 0.1041 -0.3888 0.9154
vn 0.3240 -0.3307 0.8864
vn 0.3244 -0.3306 0.8863
vn -0.5266 -0.5587 0.6407
vn -0.5269 -0.5588 0.6404
vn -0.6614 -0.5941 0.4577
vn -0.6615 -0.5941 0.4577
vn -0.7471 -0.6178 0.2454
vn -0.7787 -0.6274 -0.0000
vn -0.7470 -0.6177 0.2458
vn -0.7786 -0.6275 -0.0000
vn -0.7469 -0.6178 0.2459
vn -0.7784 -0.6277 -0.0000
vn -0.7467 -0.6180 0.2460
vn -0.7468 -0.6179 0.2458
vn -0.7785 -0.6276 -0.0000
vn -0.6614 -0.5942 0.4576
vn -0.5272 -0.5588 0.6402
vn -0.7471 -0.6178 -0.2454
vn -0.7470 -0.6177 -0.2458
vn -0.6615 -0.5942 -0.4576
vn -0.6615 -0.5941 -0.4576
vn -0.7469 -0.6178 -0.2459
vn -0.6615 -0.5941 -0.4577
vn -0.5266 -0.5588 -0.6407
vn -0.3368 -0.5092 -0.7920
vn -0.3369 -0.5091 -0.7920
vn -0.5269 -0.5588 -0.6404
vn -0.3370 -0.5090 -0.7921
vn -0.5272 -0.5588 -0.6401
vn -0.3369 -0.5092 -0.7920
vn -0.7467 -0.6179 -0.2461
vn -0.7469 -0.6179 -0.2458
vn -0.1159 -0.4488 -0.8861
vn -0.1156 -0.4485 -0.8863
vn 0.1042 -0.3889 -0.9153
vn 0.1042 -0.3889 -0.9154
vn -0.1156 -0.4485 -0.8862
vn 0.1042 -0.3888 -0.9154
vn 0.3248 -0.3307 -0.8861
vn 0.3244 -0.3306 -0.8862
vn 0.3244 -0.3306 -0.8863
vn 0.3242 -0.3307 -0.8863
vn 0.3245 -0.3307 -0.8862
vn 0.1041 -0.3889 -0.9154
vn -0.1155 -0.4484 -0.8863
vn -0.1157 -0.4486 -0.8862
vn 0.5295 0.0030 -0.8483
vn 0.7354 0.0042 -0.6776
vn 0.7253 0.0041 -0.6884
vn 0.5119 0.0029 -0.8591
vn 0.8777 0.0050 -0.4792
vn 0.8728 0.0049 -0.4880
vn 0.5120 0.0029 -0.8590
vn 0.9668 0.0055 -0.2554
vn 1.0000 0.0057 0.0000
vn 0.9654 0.0055 -0.2607
vn 1.0000 0.0056 0.0000
vn 0.9654 0.0054 -0.2606
vn 0.9655 0.0055 -0.2605
vn 0.9654 0.0055 -0.2606
vn 0.8729 0.0049 -0.4878
vn 0.7255 0.0041 -0.6882
vn 0.5123 0.0029 -0.8588
vn 0.9668 0.0055 0.2554
vn 0.9654 0.0055 0.2607
vn 0.8778 0.0050 0.4791
vn 0.8729 0.0049 0.4878
vn 0.9654 0.0054 0.2606
vn 0.8729 0.0049 0.4879
vn 0.7354 0.0042 0.6776
vn 0.5295 0.0030 0.8483
vn 0.5119 0.0029 0.8590
vn 0.7253 0.0041 0.6884
vn 0.5120 0.0029 0.8590
vn 0.5124 0.0029 0.8588
vn 0.7255 0.0041 0.6882
vn 0.8730 0.0049 0.4877
vn 0.9655 0.0055 0.2605
vn 0.9654 0.0055 0.2606
vn 0.2768 0.0016 0.9609
vn 0.2566 0.0014 0.9665
vn 0.0207 0.0001 0.9998
vn 0.2566 0.0015 0.9665
vn -0.2365 -0.0013 0.9716
vn -0.4945 -0.0028 0.8692
vn -0.5119 -0.0029 0.8591
vn -0.2566 -0.0015 0.9665
vn -0.5119 -0.0029 0.8590
vn -0.2566 -0.0014 0.9665
vn -0.5116 -0.0029 0.8592
vn -0.2561 -0.0014 0.9666
vn -0.5120 -0.0029 0.8590
vn 0.0005 0.0000 1.0000
vn 0.2571 0.0014 0.9664
vn -0.7154 -0.0040 0.6987
vn -0.7253 -0.0041 0.6884
vn -0.8683 -0.0049 0.4961
vn -0.8729 -0.0049 0.4878
vn -0.8729 -0.0049 0.4879
vn -0.9640 -0.0054 0.2658
vn -1.0000 -0.0056 0.0000
vn -0.9654 -0.0054 0.2607
vn -1.0000 -0.0057 -0.0000
vn -0.9654 -0.0055 0.2607
vn -0.9654 -0.0055 0.2606
vn -0.8728 -0.0049 0.4880
vn -0.7251 -0.0041 0.6886
vn -0.9640 -0.0054 -0.2658
vn -0.9654 -0.0054 -0.2607
vn -0.8681 -0.0049 -0.4963
vn -0.8728 -0.0049 -0.4880
vn -0.9654 -0.0055 -0.2607
vn -0.7154 -0.0040 -0.6987
vn -0.4944 -0.0028 -0.8692
vn -0.5118 -0.0029 -0.8591
vn -0.7254 -0.0041 -0.6884
vn -0.5119 -0.0029 -0.8591
vn -0.5116 -0.0029 -0.8592
vn -0.7252 -0.0041 -0.6885
vn -0.7254 -0.0041 -0.6883
vn -0.5119 -0.0029 -0.8590
vn -0.8727 -0.0049 -0.4882
vn -0.9654 -0.0055 -0.2606
vn -0.2366 -0.0013 -0.9716
vn -0.2566 -0.0015 -0.9665
vn 0.0208 0.0001 -0.9998
vn -0.2566 -0.0014 -0.9665
vn 0.2767 0.0016 -0.9609
vn 0.2566 0.0015 -0.9665
vn 0.2571 0.0014 -0.9664
vn 0.2566 0.0014 -0.9665
vn 0.0005 0.0000 -1.0000
vn -0.2561 -0.0014 -0.9666
vn 0.0015 1.0000 0.0001
vn 0.0008 1.0000 0.0002
vn 0.0016 1.0000 0.0000
vn 0.0011 1.0000 -0.0000
vn 0.0009 1.0000 0.0003
vn 0.0012 1.0000 -0.0000
vn 0.0008 1.0000 -0.0002
vn 0.0009 1.0000 -0.0003
vn 0.0009 1.0000 0.0001
vn 0.0009 1.0000 -0.0001
vn 0.0000 1.0000 -0.0025
vn 0.0001 1.0000 -0.0020
vn 0.0003 1.0000 -0.0013
vn 0.0002 1.0000 -0.0022
vn 0.0003 1.0000 -0.0014
vn -0.0000 1.0000 -0.0026
vn -0.0001 1.0000 -0.0013
vn -0.0004 1.0000 -0.0004
vn -0.0002 1.0000 -0.0011
vn -0.0001 1.0000 -0.0019
vn -0.0002 1.0000 -0.0012
vn -0.0002 1.0000 -0.0020
vn -0.0005 1.0000 -0.0012
vn -0.0003 1.0000 -0.0023
vn -0.0003 1.0000 -0.0020
vn -0.0004 1.0000 -0.0012
vn 0.0001 1.0000 -0.0028
vn -0.0000 1.0000 -0.0027
vn 0.0004 1.0000 -0.0025
vn 0.0007 1.0000 -0.0015
vn 0.0005 1.0000 -0.0014
vn 0.0004 1.0000 -0.0024
vn -0.0004 1.0000 0.0004
vn -0.0001 1.0000 0.0014
vn -0.0002 1.0000 0.0024
vn -0.0003 1.0000 0.0012
vn -0.0000 1.0000 0.0027
vn -0.0002 1.0000 0.0022
vn -0.0003 1.0000 0.0013
vn -0.0000 1.0000 0.0029
vn 0.0002 1.0000 0.0020
vn 0.0003 1.0000 0.0013
vn 0.0002 1.0000 0.0022
vn 0.0003 1.0000 0.0015
vn 0.0003 1.0000 0.0024
vn 0.0007 1.0000 0.0016
vn 0.0005 1.0000 0.0032
vn 0.0004 1.0000 0.0026
vn 0.0005 1.0000 0.0015
vn 0.0001 1.0000 0.0032
vn -0.0000 1.0000 0.0030
vn -0.0003 1.0000 0.0026
vn -0.0005 1.0000 0.0013
vn -0.0004 1.0000 0.0012
vn -0.0003 1.0000 0.0022
vn -0.0006 1.0000 0.0007
vn -0.0003 1.0000 0.0006
vn -0.0007 1.0000 0.0004
vn -0.0005 1.0000 0.0002
vn -0.0004 1.0000 0.0007
vn -0.0005 1.0000 -0.0000
vn -0.0006 1.0000 0.0002
vn -0.0007 1.0000 0.0000
vn -0.0006 1.0000 0.0001
vn -0.0005 1.0000 0.0004
vn -0.0006 1.0000 -0.0001
vn -0.0006 1.0000 -0.0002
vn -0.0008 1.0000 -0.0000
vn -0.0012 1.0000 0.0002
vn -0.0009 1.0000 -0.0001
vn -0.0010 1.0000 0.0000
vn -0.0009 1.0000 0.0001
vn -0.0008 1.0000 0.0001
vn -0.0006 1.0000 -0.0004
vn -0.0005 1.0000 -0.0002
vn -0.0006 1.0000 -0.0007
vn -0.0003 1.0000 -0.0006
vn -0.0003 1.0000 -0.0007
vn -0.0005 1.0000 -0.0004
vn 0.0008 1.0000 -0.0008
vn 0.0004 1.0000 -0.0007
vn 0.0008 1.0000 -0.0005
vn 0.0007 1.0000 -0.0003
vn 0.0004 1.0000 -0.0008
vn 0.0006 1.0000 -0.0001
vn 0.0008 1.0000 -0.0003
vn 0.0006 1.0000 -0.0005
vn 0.0008 1.0000 0.0003
vn 0.0009 1.0000 0.0005
vn 0.0007 1.0000 0.0003
vn 0.0007 1.0000 0.0001
vn 0.0008 1.0000 0.0009
vn 0.0004 1.0000 0.0007
vn 0.0004 1.0000 0.0008
vn 0.0006 1.0000 0.0005
vn -0.5519 -0.7295 0.4040
vn -0.3972 -0.8174 0.4172
vn -0.4470 -0.4178 0.7910
vn -0.7545 -0.3514 0.5543
vn -0.2423 -0.8286 0.5047
vn -0.1457 -0.4895 0.8598
vn -0.4026 0.1613 0.9011
vn -0.7542 0.0382 0.6555
vn -0.0252 0.2194 0.9753
vn -0.1891 -0.7639 0.6170
vn -0.1286 -0.7160 0.6861
vn -0.0754 -0.3986 0.9140
vn -0.1112 -0.4351 0.8935
vn -0.0101 0.1612 0.9869
vn -0.0194 0.1820 0.9831
vn -0.3328 0.8602 0.3864
vn -0.3787 0.6188 0.6883
vn -0.1736 0.6720 0.7199
vn -0.2780 0.8416 0.4630
vn -0.1568 0.6101 0.7766
vn -0.2544 0.7936 0.5527
vn -0.0862 0.5743 0.8141
vn -0.0170 0.7678 0.6405
vn -0.1207 0.7719 0.6241
vn -0.0127 0.5589 0.8292
vn -0.7377 0.3966 0.5463
vn -0.0664 -0.6849 0.7256
vn -0.0388 -0.3769 0.9254
vn -0.0169 -0.6617 0.7496
vn -0.0095 -0.3593 0.9332
vn -0.0035 0.1504 0.9886
vn -0.0054 0.1477 0.9890
vn 0.0231 -0.6262 0.7794
vn 0.0134 -0.5342 0.8453
vn 0.0029 -0.2472 0.9690
vn 0.0136 -0.3407 0.9401
vn -0.0062 0.1955 0.9807
vn -0.0066 0.1570 0.9876
vn -0.4829 0.5033 0.7166
vn -0.0170 0.5697 0.8217
vn -0.0135 0.5577 0.8299
vn -0.7679 0.5381 0.3476
vn -0.0204 0.8272 0.5616
vn 0.4850 0.5948 0.6411
vn -0.0659 0.8453 0.5303
vn -0.0297 0.8838 0.4669
vn -0.0249 -0.6115 0.7908
vn 0.0350 -0.4769 0.8782
vn -0.0097 -0.3491 0.9370
vn 0.0070 -0.6996 0.7145
vn 0.0591 -0.4677 0.8819
vn 0.0839 -0.2370 0.9679
vn 0.0362 -0.1071 0.9936
vn 0.1127 -0.2705 0.9561
vn -0.1207 -0.4676 0.8756
vn 0.0275 -0.6877 0.7255
vn 0.2383 -0.3544 0.9042
vn 0.1694 -0.3030 0.9378
vn 0.0919 -0.8506 0.5177
vn -0.4776 -0.8460 0.2369
vn 0.1820 -0.1690 0.9687
vn 0.3626 -0.5714 0.7363
vn -0.3765 0.4818 0.7913
vn 0.6625 -0.6325 0.4012
vn 0.4763 -0.2504 0.8429
vn -0.0022 0.0041 1.0000
vn -0.0411 0.5070 0.8610
vn -0.0440 0.2811 0.9587
vn -0.0151 0.7947 0.6069
vn -0.0148 0.7752 0.6316
vn -0.0196 0.7830 0.6217
vn -0.0253 0.2477 0.9685
vn -0.0089 -0.1132 0.9935
vn 0.6775 -0.6775 0.2865
vn 0.9685 -0.1822 0.1695
vn 0.4274 -0.8127 0.3960
vn 0.0695 -0.9264 0.3700
vn 0.1377 -0.8725 0.4688
vn 0.0000 -0.9643 0.2648
vn 0.2186 0.6567 0.7218
vn 0.4162 0.5560 0.7195
vn 0.4670 0.3489 0.8125
vn 0.4313 0.3067 0.8484
vn 0.3653 0.4464 0.8169
vn 0.5204 0.1963 0.8310
vn 0.4933 0.1765 0.8518
vn 0.5796 0.2470 0.7766
vn 0.5667 0.1635 0.8075
vn 0.6791 0.1153 0.7249
vn 0.7690 0.1759 0.6146
vn 0.7770 -0.1531 0.6105
vn 0.0301 0.8731 0.4866
vn -0.9695 -0.0413 0.2415
vn -0.9619 -0.0413 0.2703
vn -0.9623 -0.0475 0.2679
vn -0.9581 0.0000 0.2864
vn -0.7928 -0.5128 0.3294
vn -0.7843 -0.5258 0.3292
vn -0.3831 -0.8832 0.2705
vn -0.3827 -0.8834 0.2704
vn -0.3533 -0.8972 0.2648
vn -0.3071 -0.9141 0.2649
vn -0.2306 -0.9362 0.2651
vn -0.1336 -0.9549 0.2651
vn -0.0530 -0.9628 0.2649
vn -0.0111 -0.9642 0.2648
usemtl 10509_Golf_Club___Putter_v01_SG
s 1
f 1/1/1 2/2/1 3/3/1 4/4/1
f 2/2/1 5/5/1 6/6/1 3/3/1
f 4/4/1 3/3/1 7/7/1 8/8/1
f 3/3/1 6/6/1 9/9/1 7/7/1
f 10/10/1 11/11/1 12/12/1 13/13/1
f 13/13/1 12/12/1 14/14/1 15/15/1
f 5/5/1 10/10/1 13/13/1 6/6/1
f 6/6/1 13/13/1 15/15/1 9/9/1
f 16/16/1 17/17/1 18/18/1 19/19/1
f 17/17/1 20/20/1 21/21/1 18/18/1
f 19/19/1 18/18/1 15/15/1 14/14/1
f 18/18/1 21/21/1 9/9/1 15/15/1
f 22/22/1 23/23/1 24/24/1 25/25/1
f 25/25/1 24/24/1 8/8/1 7/7/1
f 20/20/1 22/22/1 25/25/1 21/21/1
f 21/21/1 25/25/1 7/7/1 9/9/1
f 1/26/2 4/27/3 39/28/3 40/29/2
f 4/27/3 8/30/4 41/31/4 39/28/3
f 40/29/2 39/28/3 42/32/3 43/33/2
f 39/28/3 41/31/4 44/34/4 42/32/3
f 24/35/5 23/36/6 45/37/6 46/38/5
f 46/38/5 45/37/6 47/39/6 48/40/5
f 8/30/4 24/35/5 46/38/5 41/31/4
f 41/31/4 46/38/5 48/40/5 44/34/4
f 32/41/6 31/42/5 49/43/5 50/44/6
f 31/42/5 29/45/4 51/46/4 49/43/5
f 50/44/6 49/43/5 48/40/5 47/39/6
f 49/43/5 51/46/4 44/34/4 48/40/5
f 27/47/3 26/48/2 52/49/2 53/50/3
f 53/50/3 52/49/2 43/33/2 42/32/3
f 29/45/4 27/47/3 53/50/3 51/46/4
f 51/46/4 53/50/3 42/32/3 44/34/4
f 54/51/7 55/52/7 56/53/7 57/54/7
f 55/52/7 58/55/7 59/56/7 56/53/7
f 57/54/7 56/53/7 60/57/7 61/58/7
f 56/53/7 59/56/7 62/59/7 60/57/7
f 63/60/7 64/61/7 65/62/7 66/63/7
f 66/63/7 65/62/7 67/64/7 68/65/7
f 58/55/7 63/60/7 66/63/7 59/56/7
f 59/56/7 66/63/7 68/65/7 62/59/7
f 69/66/7 70/67/7 71/68/7 72/69/7
f 70/67/7 73/70/7 74/71/7 71/68/7
f 72/69/7 71/68/7 68/65/7 67/64/7
f 71/68/7 74/71/7 62/59/7 68/65/7
f 75/72/7 76/73/7 77/74/7 78/75/7
f 78/75/7 77/74/7 61/58/7 60/57/7
f 73/70/7 75/72/7 78/75/7 74/71/7
f 74/71/7 78/75/7 60/57/7 62/59/7
f 79/76/8 80/77/8 81/78/8 82/79/8
f 80/77/8 83/80/8 84/81/8 81/78/8
f 82/79/8 81/78/8 85/82/8 86/83/8
f 81/78/8 84/81/8 87/84/8 85/82/8
f 88/85/8 89/86/9 90/87/10 91/88/8
f 91/88/8 90/87/10 92/89/11 93/90/8
f 83/80/8 88/85/8 91/88/8 84/81/8
f 84/81/8 91/88/8 93/90/8 87/84/8
f 94/91/12 95/92/8 96/93/8 97/94/13
f 95/92/8 98/95/8 99/96/8 96/93/8
f 97/94/13 96/93/8 93/90/8 92/89/11
f 96/93/8 99/96/8 87/84/8 93/90/8
f 100/97/8 101/98/8 102/99/8 103/100/8
f 103/100/8 102/99/8 86/83/8 85/82/8
f 98/95/8 100/97/8 103/100/8 99/96/8
f 99/96/8 103/100/8 85/82/8 87/84/8
f 11/101/14 10/102/14 104/103/14 105/104/14
f 10/102/14 5/105/14 106/106/14 104/103/14
f 105/104/14 104/103/14 107/107/14 108/108/14
f 104/103/14 106/106/14 109/109/14 107/107/14
f 2/110/14 1/26/14 40/29/14 110/111/14
f 110/111/14 40/29/14 43/33/14 111/112/14
f 5/105/14 2/110/14 110/111/14 106/106/14
f 106/106/14 110/111/14 111/112/14 109/109/14
f 26/48/14 28/113/14 112/114/14 52/49/14
f 28/113/14 30/115/14 113/116/14 112/114/14
f 52/49/14 112/114/14 111/112/14 43/33/14
f 112/114/14 113/116/14 109/109/14 111/112/14
f 38/117/14 37/118/14 114/119/14 115/120/14
f 115/120/14 114/119/14 108/108/14 107/107/14
f 30/115/14 38/117/14 115/120/14 113/116/14
f 113/116/14 115/120/14 107/107/14 109/109/14
f 16/16/1 116/121/1 117/122/1 17/17/1
f 116/121/1 118/123/1 119/124/1 117/122/1
f 17/17/1 117/122/1 120/125/1 20/20/1
f 117/122/1 119/124/1 121/126/1 120/125/1
f 122/127/1 89/128/1 123/129/1 124/130/1
f 124/130/1 123/129/1 125/131/1 126/132/1
f 118/123/1 122/127/1 124/130/1 119/124/1
f 119/124/1 124/130/1 126/132/1 121/126/1
f 127/133/1 128/134/1 129/135/1 130/136/1
f 128/134/1 131/137/1 132/138/1 129/135/1
f 130/136/1 129/135/1 126/132/1 125/131/1
f 129/135/1 132/138/1 121/126/1 126/132/1
f 133/139/1 23/23/1 22/22/1 134/140/1
f 134/140/1 22/22/1 20/20/1 120/125/1
f 131/137/1 133/139/1 134/140/1 132/138/1
f 132/138/1 134/140/1 120/125/1 121/126/1
f 23/36/6 133/141/15 142/142/15 45/37/6
f 133/141/15 131/143/16 143/144/16 142/142/15
f 45/37/6 142/142/15 144/145/15 47/39/6
f 142/142/15 143/144/16 145/146/16 144/145/15
f 128/147/17 127/148/18 146/149/18 147/150/17
f 147/150/17 146/149/18 148/151/18 149/152/17
f 131/143/16 128/147/17 147/150/17 143/144/16
f 143/144/16 147/150/17 149/152/17 145/146/16
f 138/153/18 137/154/17 150/155/17 151/156/18
f 137/154/17 136/157/16 152/158/16 150/155/17
f 151/156/18 150/155/17 149/152/17 148/151/18
f 150/155/17 152/158/16 145/146/16 149/152/17
f 135/159/15 32/41/6 50/44/6 153/160/15
f 153/160/15 50/44/6 47/39/6 144/145/15
f 136/157/16 135/159/15 153/160/15 152/158/16
f 152/158/16 153/160/15 144/145/15 145/146/16
f 16/161/19 19/162/20 154/163/20 155/164/19
f 19/162/20 14/165/21 156/166/21 154/163/20
f 155/164/19 154/163/20 157/167/20 158/168/19
f 154/163/20 156/166/21 159/169/21 157/167/20
f 12/170/20 11/171/19 105/172/19 160/173/20
f 160/173/20 105/172/19 108/174/19 161/175/20
f 14/165/21 12/170/20 160/173/20 156/166/21
f 156/166/21 160/173/20 161/175/20 159/169/21
f 37/176/19 36/177/20 162/178/20 114/179/19
f 36/177/20 35/180/21 163/181/21 162/178/20
f 114/179/19 162/178/20 161/175/20 108/174/19
f 162/178/20 163/181/21 159/169/21 161/175/20
f 34/182/20 33/183/22 164/184/19 165/185/20
f 165/185/20 164/184/19 158/168/19 157/167/20
f 35/180/21 34/182/20 165/185/20 163/181/21
f 163/181/21 165/185/20 157/167/20 159/169/21
f 64/61/23 166/186/23 167/187/23 65/62/23
f 166/186/23 168/188/23 169/189/23 167/187/23
f 65/62/23 167/187/23 170/190/23 67/64/23
f 167/187/23 169/189/23 171/191/23 170/190/23
f 172/192/23 79/76/23 82/79/23 173/193/23
f 173/193/23 82/79/23 86/83/23 174/194/23
f 168/188/23 172/192/23 173/193/23 169/189/23
f 169/189/23 173/193/23 174/194/23 171/191/23
f 101/98/23 175/195/23 176/196/23 102/99/23
f 175/195/23 177/197/23 178/198/23 176/196/23
f 102/99/23 176/196/23 174/194/23 86/83/23
f 176/196/23 178/198/23 171/191/23 174/194/23
f 179/199/23 69/66/23 72/69/23 180/200/23
f 180/200/23 72/69/23 67/64/23 170/190/23
f 177/197/23 179/199/23 180/200/23 178/198/23
f 178/198/23 180/200/23 170/190/23 171/191/23
f 181/201/24 182/202/24 183/203/24 184/204/24
f 182/202/24 185/205/24 186/206/24 183/203/24
f 184/204/24 183/203/24 187/207/24 188/208/24
f 183/203/24 186/206/24 189/209/24 187/207/24
f 190/210/24 54/211/24 57/212/24 191/213/24
f 191/213/24 57/212/24 61/214/24 192/215/24
f 185/205/24 190/210/24 191/213/24 186/206/24
f 186/206/24 191/213/24 192/215/24 189/209/24
f 76/216/24 193/217/24 194/218/24 77/219/24
f 193/217/24 195/220/24 196/221/24 194/218/24
f 77/219/24 194/218/24 192/215/24 61/214/24
f 194/218/24 196/221/24 189/209/24 192/215/24
f 197/222/24 198/223/24 199/224/24 200/225/24
f 200/225/24 199/224/24 188/208/24 187/207/24
f 195/220/24 197/222/24 200/225/24 196/221/24
f 196/221/24 200/225/24 187/207/24 189/209/24
f 89/128/1 88/226/1 201/227/1 123/129/1
f 88/226/1 83/228/1 202/229/1 201/227/1
f 123/129/1 201/227/1 203/230/1 125/131/1
f 201/227/1 202/229/1 204/231/1 203/230/1
f 80/232/1 79/233/1 172/234/1 205/235/1
f 205/235/1 172/234/1 168/236/1 206/237/1
f 83/228/1 80/232/1 205/235/1 202/229/1
f 202/229/1 205/235/1 206/237/1 204/231/1
f 64/238/1 207/239/1 208/240/1 166/241/1
f 207/239/1 209/242/1 210/243/1 208/240/1
f 166/241/1 208/240/1 206/237/1 168/236/1
f 208/240/1 210/243/1 204/231/1 206/237/1
f 211/244/1 127/133/1 130/136/1 212/245/1
f 212/245/1 130/136/1 125/131/1 203/230/1
f 209/242/1 211/244/1 212/245/1 210/243/1
f 210/243/1 212/245/1 203/230/1 204/231/1
f 127/148/18 216/246/18 217/247/18 146/149/18
f 216/246/18 218/248/18 219/249/18 217/247/18
f 146/149/18 217/247/18 220/250/18 148/151/18
f 217/247/18 219/249/18 221/251/18 220/250/18
f 222/252/18 181/201/18 184/204/18 223/253/18
f 223/253/18 184/204/18 188/208/18 224/254/18
f 218/248/18 222/252/18 223/253/18 219/249/18
f 219/249/18 223/253/18 224/254/18 221/251/18
f 198/223/18 215/255/18 225/256/18 199/224/18
f 215/255/18 214/257/18 226/258/18 225/256/18
f 199/224/18 225/256/18 224/254/18 188/208/18
f 225/256/18 226/258/18 221/251/18 224/254/18
f 213/259/18 138/153/18 151/156/18 227/260/18
f 227/260/18 151/156/18 148/151/18 220/250/18
f 214/257/18 213/259/18 227/260/18 226/258/18
f 226/258/18 227/260/18 220/250/18 221/251/18
f 228/261/25 229/262/26 230/263/27 231/264/28
f 229/262/26 232/265/29 233/266/30 230/263/27
f 231/264/28 230/263/27 234/267/31 235/268/32
f 230/263/27 233/266/30 236/269/33 234/267/31
f 237/270/34 238/271/35 239/272/36 240/273/37
f 240/273/37 239/272/36 241/274/38 242/275/39
f 232/265/29 237/270/34 240/273/37 233/266/30
f 233/266/30 240/273/37 242/275/39 236/269/33
f 243/276/40 244/277/41 245/278/42 246/279/43
f 244/277/41 247/280/44 248/281/45 245/278/42
f 246/279/43 245/278/42 242/275/39 241/274/38
f 245/278/42 248/281/45 236/269/33 242/275/39
f 249/282/46 250/283/47 251/284/48 252/285/49
f 252/285/49 251/284/48 235/268/32 234/267/31
f 247/280/44 249/282/46 252/285/49 248/281/45
f 248/281/45 252/285/49 234/267/31 236/269/33
f 238/286/35 253/287/50 254/288/51 239/289/36
f 253/287/50 255/290/1 256/291/52 254/288/51
f 239/289/36 254/288/51 257/292/53 241/293/38
f 254/288/51 256/291/52 258/294/54 257/292/53
f 259/295/55 260/296/56 261/297/57 262/298/58
f 262/298/58 261/297/57 263/299/59 264/300/60
f 255/290/1 259/295/55 262/298/58 256/291/52
f 256/291/52 262/298/58 264/300/60 258/294/54
f 265/301/61 266/302/62 267/303/63 268/304/64
f 266/302/62 269/305/65 270/306/66 267/303/63
f 268/304/64 267/303/63 264/300/60 263/299/59
f 267/303/63 270/306/66 258/294/54 264/300/60
f 271/307/67 243/308/40 246/309/43 272/310/68
f 272/310/68 246/309/43 241/293/38 257/292/53
f 269/305/65 271/307/67 272/310/68 270/306/66
f 270/306/66 272/310/68 257/292/53 258/294/54
f 260/296/56 273/311/69 274/312/70 261/297/57
f 273/311/69 275/313/71 276/314/72 274/312/70
f 261/297/57 274/312/70 277/315/73 263/299/59
f 274/312/70 276/314/72 278/316/74 277/315/73
f 279/317/75 280/318/76 281/319/77 282/320/78
f 282/320/78 281/319/77 283/321/79 284/322/80
f 275/313/71 279/317/75 282/320/78 276/314/72
f 276/314/72 282/320/78 284/322/80 278/316/74
f 285/323/81 286/324/82 287/325/83 288/326/84
f 286/324/82 289/327/85 290/328/86 287/325/83
f 288/326/84 287/325/83 284/322/80 283/321/79
f 287/325/83 290/328/86 278/316/74 284/322/80
f 291/329/87 265/301/61 268/304/64 292/330/88
f 292/330/88 268/304/64 263/299/59 277/315/73
f 289/327/85 291/329/87 292/330/88 290/328/86
f 290/328/86 292/330/88 277/315/73 278/316/74
f 280/318/76 293/331/89 294/332/90 281/319/77
f 293/331/89 295/333/91 296/334/92 294/332/90
f 281/319/77 294/332/90 297/335/93 283/321/79
f 294/332/90 296/334/92 298/336/94 297/335/93
f 299/337/95 300/338/96 301/339/97 302/340/98
f 302/340/98 301/339/97 303/341/99 304/342/100
f 295/333/91 299/337/95 302/340/98 296/334/92
f 296/334/92 302/340/98 304/342/100 298/336/94
f 305/343/101 306/344/102 307/345/103 308/346/104
f 306/344/102 309/347/105 310/348/106 307/345/103
f 308/346/104 307/345/103 304/342/100 303/341/99
f 307/345/103 310/348/106 298/336/94 304/342/100
f 311/349/107 285/323/81 288/326/84 312/350/108
f 312/350/108 288/326/84 283/321/79 297/335/93
f 309/347/105 311/349/107 312/350/108 310/348/106
f 310/348/106 312/350/108 297/335/93 298/336/94
f 300/338/96 313/351/109 314/352/110 301/339/97
f 313/351/109 315/353/111 316/354/112 314/352/110
f 301/339/97 314/352/110 317/355/113 303/341/99
f 314/352/110 316/354/112 318/356/114 317/355/113
f 319/357/115 320/358/116 321/359/117 322/360/118
f 322/360/118 321/359/117 323/361/119 324/362/120
f 315/353/111 319/357/115 322/360/118 316/354/112
f 316/354/112 322/360/118 324/362/120 318/356/114
f 325/363/121 326/364/122 327/365/123 328/366/124
f 326/364/122 329/367/125 330/368/126 327/365/123
f 328/366/124 327/365/123 324/362/120 323/361/119
f 327/365/123 330/368/126 318/356/114 324/362/120
f 331/369/127 305/343/101 308/346/104 332/370/128
f 332/370/128 308/346/104 303/341/99 317/355/113
f 329/367/125 331/369/127 332/370/128 330/368/126
f 330/368/126 332/370/128 317/355/113 318/356/114
f 320/358/116 333/371/129 334/372/130 321/359/117
f 333/371/129 335/373/131 336/374/132 334/372/130
f 321/359/117 334/372/130 337/375/133 323/361/119
f 334/372/130 336/374/132 338/376/134 337/375/133
f 339/377/135 228/261/25 231/264/28 340/378/136
f 340/378/136 231/264/28 235/268/32 341/379/137
f 335/373/131 339/377/135 340/378/136 336/374/132
f 336/374/132 340/378/136 341/379/137 338/376/134
f 250/283/47 342/380/138 343/381/139 251/284/48
f 342/380/138 344/382/140 345/383/141 343/381/139
f 251/284/48 343/381/139 341/379/137 235/268/32
f 343/381/139 345/383/141 338/376/134 341/379/137
f 346/384/142 325/363/121 328/366/124 347/385/143
f 347/385/143 328/366/124 323/361/119 337/375/133
f 344/382/140 346/384/142 347/385/143 345/383/141
f 345/383/141 347/385/143 337/375/133 338/376/134
f 348/386/144 349/387/144 350/388/144 351/389/144
f 349/387/144 352/390/144 353/391/145 350/388/144
f 351/389/144 350/388/144 354/392/144 355/393/146
f 350/388/144 353/391/145 356/394/144 354/392/144
f 357/395/144 358/396/147 359/397/148 360/398/145
f 360/398/145 359/397/148 361/399/147 362/400/144
f 352/390/144 357/395/144 360/398/145 353/391/145
f 353/391/145 360/398/145 362/400/144 356/394/144
f 363/401/149 364/402/144 365/403/150 366/404/150
f 364/402/144 367/405/144 368/406/144 365/403/150
f 366/404/150 365/403/150 362/400/144 361/399/147
f 365/403/150 368/406/144 356/394/144 362/400/144
f 369/407/151 370/408/152 371/409/153 372/410/150
f 372/410/150 371/409/153 355/393/146 354/392/144
f 367/405/144 369/407/151 372/410/150 368/406/144
f 368/406/144 372/410/150 354/392/144 356/394/144
f 243/411/40 373/412/154 374/413/155 244/414/41
f 373/412/154 375/415/156 376/416/157 374/413/155
f 244/414/41 374/413/155 377/417/158 247/418/44
f 374/413/155 376/416/157 378/419/159 377/417/158
f 379/420/160 380/421/161 381/422/162 382/423/163
f 382/423/163 381/422/162 383/424/164 384/425/165
f 375/415/156 379/420/160 382/423/163 376/416/157
f 376/416/157 382/423/163 384/425/165 378/419/159
f 348/426/166 385/427/167 386/428/168 387/429/169
f 385/427/167 388/430/170 389/431/171 386/428/168
f 387/429/169 386/428/168 384/425/165 383/424/164
f 386/428/168 389/431/171 378/419/159 384/425/165
f 390/432/172 250/433/47 249/434/46 391/435/173
f 391/435/173 249/434/46 247/418/44 377/417/158
f 388/430/170 390/432/172 391/435/173 389/431/171
f 389/431/171 391/435/173 377/417/158 378/419/159
f 265/436/61 392/437/174 393/438/175 266/439/62
f 392/437/174 394/440/176 395/441/177 393/438/175
f 266/439/62 393/438/175 396/442/178 269/443/65
f 393/438/175 395/441/177 397/444/179 396/442/178
f 398/445/180 399/446/181 400/447/182 401/448/183
f 401/448/183 400/447/182 402/449/184 403/450/185
f 394/440/176 398/445/180 401/448/183 395/441/177
f 395/441/177 401/448/183 403/450/185 397/444/179
f 380/421/161 379/420/160 404/451/186 405/452/187
f 379/420/160 375/415/156 406/453/188 404/451/186
f 405/452/187 404/451/186 403/450/185 402/449/184
f 404/451/186 406/453/188 397/444/179 403/450/185
f 373/412/154 243/411/40 271/454/67 407/455/189
f 407/455/189 271/454/67 269/443/65 396/442/178
f 375/415/156 373/412/154 407/455/189 406/453/188
f 406/453/188 407/455/189 396/442/178 397/444/179
f 285/456/81 408/457/190 409/458/191 286/459/82
f 408/457/190 410/460/192 411/461/193 409/458/191
f 286/459/82 409/458/191 412/462/194 289/463/85
f 409/458/191 411/461/193 413/464/195 412/462/194
f 414/465/196 358/466/197 415/467/198 416/468/199
f 416/468/199 415/467/198 417/469/200 418/470/201
f 410/460/192 414/465/196 416/468/199 411/461/193
f 411/461/193 416/468/199 418/470/201 413/464/195
f 399/446/181 398/445/180 419/471/202 420/472/203
f 398/445/180 394/440/176 421/473/204 419/471/202
f 420/472/203 419/471/202 418/470/201 417/469/200
f 419/471/202 421/473/204 413/464/195 418/470/201
f 392/437/174 265/436/61 291/474/87 422/475/205
f 422/475/205 291/474/87 289/463/85 412/462/194
f 394/440/176 392/437/174 422/475/205 421/473/204
f 421/473/204 422/475/205 412/462/194 413/464/195
f 305/476/101 423/477/206 424/478/207 306/479/102
f 423/477/206 425/480/208 426/481/209 424/478/207
f 306/479/102 424/478/207 427/482/210 309/483/105
f 424/478/207 426/481/209 428/484/211 427/482/210
f 429/485/212 363/486/213 366/487/214 430/488/215
f 430/488/215 366/487/214 361/489/216 431/490/217
f 425/480/208 429/485/212 430/488/215 426/481/209
f 426/481/209 430/488/215 431/490/217 428/484/211
f 358/491/197 414/492/196 432/493/218 359/494/219
f 414/492/196 410/495/192 433/496/220 432/493/218
f 359/494/219 432/493/218 431/490/217 361/489/216
f 432/493/218 433/496/220 428/484/211 431/490/217
f 408/497/190 285/498/81 311/499/107 434/500/221
f 434/500/221 311/499/107 309/483/105 427/482/210
f 410/495/192 408/497/190 434/500/221 433/496/220
f 433/496/220 434/500/221 427/482/210 428/484/211
f 325/501/121 435/502/222 436/503/223 326/504/122
f 435/502/222 437/505/224 438/506/225 436/503/223
f 326/504/122 436/503/223 439/507/226 329/508/125
f 436/503/223 438/506/225 440/509/227 439/507/226
f 441/510/228 370/511/229 369/512/230 442/513/231
f 442/513/231 369/512/230 367/514/232 443/515/233
f 437/505/224 441/510/228 442/513/231 438/506/225
f 438/506/225 442/513/231 443/515/233 440/509/227
f 363/486/213 429/485/212 444/516/234 364/517/235
f 429/485/212 425/480/208 445/518/236 444/516/234
f 364/517/235 444/516/234 443/515/233 367/514/232
f 444/516/234 445/518/236 440/509/227 443/515/233
f 423/477/206 305/476/101 331/519/127 446/520/237
f 446/520/237 331/519/127 329/508/125 439/507/226
f 425/480/208 423/477/206 446/520/237 445/518/236
f 445/518/236 446/520/237 439/507/226 440/509/227
f 250/433/47 390/432/172 447/521/238 342/522/138
f 390/432/172 388/430/170 448/523/239 447/521/238
f 342/522/138 447/521/238 449/524/240 344/525/140
f 447/521/238 448/523/239 450/526/241 449/524/240
f 385/427/167 348/426/166 351/527/242 451/528/243
f 451/528/243 351/527/242 355/529/244 452/530/245
f 388/430/170 385/427/167 451/528/243 448/523/239
f 448/523/239 451/528/243 452/530/245 450/526/241
f 370/511/229 441/510/228 453/531/246 371/532/247
f 441/510/228 437/505/224 454/533/248 453/531/246
f 371/532/247 453/531/246 452/530/245 355/529/244
f 453/531/246 454/533/248 450/526/241 452/530/245
f 435/502/222 325/501/121 346/534/142 455/535/249
f 455/535/249 346/534/142 344/525/140 449/524/240
f 437/505/224 435/502/222 455/535/249 454/533/248
f 454/533/248 455/535/249 449/524/240 450/526/241
f 238/536/250 237/537/251 456/538/252 457/539/145
f 237/537/251 232/540/253 458/541/151 456/538/252
f 457/539/145 456/538/252 459/542/144 460/543/151
f 456/538/252 458/541/151 461/544/254 459/542/144
f 229/545/255 228/546/147 462/547/256 463/548/148
f 463/548/148 462/547/256 464/549/146 465/550/257
f 232/540/253 229/545/255 463/548/148 458/541/151
f 458/541/151 463/548/148 465/550/257 461/544/254
f 466/551/147 467/552/256 468/553/145 469/554/258
f 467/552/256 470/555/253 471/556/259 468/553/145
f 469/554/258 468/553/145 465/550/257 464/549/146
f 468/553/145 471/556/259 461/544/254 465/550/257
f 472/557/253 473/558/259 474/559/147 475/560/260
f 475/560/260 474/559/147 460/543/151 459/542/144
f 470/555/253 472/557/253 475/560/260 471/556/259
f 471/556/259 475/560/260 459/542/144 461/544/254
f 228/546/147 339/561/261 476/562/151 462/547/256
f 339/561/261 335/563/262 477/564/263 476/562/151
f 462/547/256 476/562/151 478/565/264 464/549/146
f 476/562/151 477/564/263 479/566/265 478/565/264
f 333/567/266 320/568/267 480/569/150 481/570/268
f 481/570/268 480/569/150 482/571/148 483/572/144
f 335/563/262 333/567/266 481/570/268 477/564/263
f 477/564/263 481/570/268 483/572/144 479/566/265
f 484/573/269 485/574/262 486/575/270 487/576/147
f 485/574/262 488/577/262 489/578/269 486/575/270
f 487/576/147 486/575/270 483/572/144 482/571/148
f 486/575/270 489/578/269 479/566/265 483/572/144
f 490/579/256 466/551/147 469/554/258 491/580/150
f 491/580/150 469/554/258 464/549/146 478/565/264
f 488/577/262 490/579/256 491/580/150 489/578/269
f 489/578/269 491/580/150 478/565/264 479/566/265
f 320/568/267 319/581/271 492/582/148 480/569/150
f 319/581/271 315/583/272 493/584/144 492/582/148
f 480/569/150 492/582/148 494/585/273 482/571/148
f 492/582/148 493/584/144 495/586/274 494/585/273
f 313/587/275 300/588/276 496/589/144 497/590/146
f 497/590/146 496/589/144 498/591/277 499/592/278
f 315/583/272 313/587/275 497/590/146 493/584/144
f 493/584/144 497/590/146 499/592/278 495/586/274
f 500/593/254 501/594/150 502/595/272 503/596/279
f 501/594/150 504/597/280 505/598/281 502/595/272
f 503/596/279 502/595/272 499/592/278 498/591/277
f 502/595/272 505/598/281 495/586/274 499/592/278
f 506/599/147 484/573/269 487/576/147 507/600/272
f 507/600/272 487/576/147 482/571/148 494/585/273
f 504/597/280 506/599/147 507/600/272 505/598/281
f 505/598/281 507/600/272 494/585/273 495/586/274
f 300/588/276 299/601/254 508/602/259 496/589/144
f 299/601/254 295/603/151 509/604/282 508/602/259
f 496/589/144 508/602/259 510/605/253 498/591/277
f 508/602/259 509/604/282 511/606/283 510/605/253
f 293/607/146 280/608/284 512/609/284 513/610/285
f 513/610/285 512/609/284 514/611/286 515/612/283
f 295/603/151 293/607/146 513/610/285 509/604/282
f 509/604/282 513/610/285 515/612/283 511/606/283
f 516/613/147 517/614/254 518/615/287 519/616/288
f 517/614/254 520/617/144 521/618/289 518/615/287
f 519/616/288 518/615/287 515/612/283 514/611/286
f 518/615/287 521/618/289 511/606/283 515/612/283
f 522/619/144 500/593/254 503/596/279 523/620/290
f 523/620/290 503/596/279 498/591/277 510/605/253
f 520/617/144 522/619/144 523/620/290 521/618/289
f 521/618/289 523/620/290 510/605/253 511/606/283
f 280/608/284 279/621/147 524/622/291 512/609/284
f 279/621/147 275/623/148 525/624/292 524/622/291
f 512/609/284 524/622/291 526/625/293 514/611/286
f 524/622/291 525/624/292 527/626/293 526/625/293
f 273/627/265 260/628/294 528/629/144 529/630/269
f 529/630/269 528/629/144 530/631/272 531/632/262
f 275/623/148 273/627/265 529/630/269 525/624/292
f 525/624/292 529/630/269 531/632/262 527/626/293
f 532/633/265 533/634/144 534/635/295 535/636/296
f 533/634/144 536/637/144 537/638/297 534/635/295
f 535/636/296 534/635/295 531/632/262 530/631/272
f 534/635/295 537/638/297 527/626/293 531/632/262
f 538/639/144 516/613/147 519/616/288 539/640/298
f 539/640/298 519/616/288 514/611/286 526/625/293
f 536/637/144 538/639/144 539/640/298 537/638/297
f 537/638/297 539/640/298 526/625/293 527/626/293
f 260/628/294 259/641/274 540/642/146 528/629/144
f 259/641/274 255/643/299 541/644/144 540/642/146
f 528/629/144 540/642/146 542/645/268 530/631/272
f 540/642/146 541/644/144 543/646/281 542/645/268
f 253/647/277 238/536/250 457/539/145 544/648/151
f 544/648/151 457/539/145 460/543/151 545/649/149
f 255/643/299 253/647/277 544/648/151 541/644/144
f 541/644/144 544/648/151 545/649/149 543/646/281
f 473/558/259 546/650/147 547/651/277 474/559/147
f 546/650/147 548/652/272 549/653/274 547/651/277
f 474/559/147 547/651/277 545/649/149 460/543/151
f 547/651/277 549/653/274 543/646/281 545/649/149
f 550/654/277 532/633/265 535/636/296 551/655/277
f 551/655/277 535/636/296 530/631/272 542/645/268
f 548/652/272 550/654/277 551/655/277 549/653/274
f 549/653/274 551/655/277 542/645/268 543/646/281
f 473/656/300 472/657/301 552/658/301 553/659/300
f 472/657/301 470/660/302 554/661/29 552/658/301
f 553/659/300 552/658/301 555/662/303 556/663/300
f 552/658/301 554/661/29 557/664/304 555/662/303
f 467/665/26 466/666/25 558/667/25 559/668/26
f 559/668/26 558/667/25 560/669/25 561/670/26
f 470/660/302 467/665/26 559/668/26 554/661/29
f 554/661/29 559/668/26 561/670/26 557/664/304
f 562/671/25 563/672/26 564/673/26 565/674/25
f 563/672/26 566/675/29 567/676/29 564/673/26
f 565/674/25 564/673/26 561/670/26 560/669/25
f 564/673/26 567/676/29 557/664/304 561/670/26
f 568/677/301 569/678/300 570/679/305 571/680/301
f 571/680/301 570/679/305 556/663/300 555/662/303
f 566/675/29 568/677/301 571/680/301 567/676/29
f 567/676/29 571/680/301 555/662/303 557/664/304
f 466/666/25 490/681/306 572/682/306 558/667/25
f 490/681/306 488/683/307 573/684/308 572/682/306
f 558/667/25 572/682/306 574/685/309 560/669/25
f 572/682/306 573/684/308 575/686/308 574/685/309
f 485/687/310 484/688/311 576/689/312 577/690/313
f 577/690/313 576/689/312 578/691/314 579/692/315
f 488/683/307 485/687/310 577/690/313 573/684/308
f 573/684/308 577/690/313 579/692/315 575/686/308
f 580/693/316 581/694/317 582/695/315 583/696/314
f 581/694/317 584/697/318 585/698/308 582/695/315
f 583/696/314 582/695/315 579/692/315 578/691/314
f 582/695/315 585/698/308 575/686/308 579/692/315
f 586/699/319 562/671/25 565/674/25 587/700/309
f 587/700/309 565/674/25 560/669/25 574/685/309
f 584/697/318 586/699/319 587/700/309 585/698/308
f 585/698/308 587/700/309 574/685/309 575/686/308
f 484/688/311 506/701/320 588/702/320 576/689/312
f 506/701/320 504/703/111 589/704/111 588/702/320
f 576/689/312 588/702/320 590/705/320 578/691/314
f 588/702/320 589/704/111 591/706/111 590/705/320
f 501/707/321 500/708/322 592/709/322 593/710/321
f 593/710/321 592/709/322 594/711/322 595/712/321
f 504/703/111 501/707/321 593/710/321 589/704/111
f 589/704/111 593/710/321 595/712/321 591/706/111
f 596/713/323 597/714/321 598/715/321 599/716/322
f 597/714/321 600/717/111 601/718/111 598/715/321
f 599/716/322 598/715/321 595/712/321 594/711/322
f 598/715/321 601/718/111 591/706/111 595/712/321
f 602/719/320 580/693/316 583/696/314 603/720/320
f 603/720/320 583/696/314 578/691/314 590/705/320
f 600/717/111 602/719/320 603/720/320 601/718/111
f 601/718/111 603/720/320 590/705/320 591/706/111
f 500/708/322 522/721/324 604/722/325 592/709/322
f 522/721/324 520/723/91 605/724/91 604/722/325
f 592/709/322 604/722/325 606/725/95 594/711/322
f 604/722/325 605/724/91 607/726/326 606/725/95
f 517/727/327 516/728/328 608/729/76 609/730/329
f 609/730/329 608/729/76 610/731/76 611/732/330
f 520/723/91 517/727/327 609/730/329 605/724/91
f 605/724/91 609/730/329 611/732/330 607/726/326
f 612/733/328 613/734/327 614/735/331 615/736/76
f 613/734/327 616/737/332 617/738/326 614/735/331
f 615/736/76 614/735/331 611/732/330 610/731/76
f 614/735/331 617/738/326 607/726/326 611/732/330
f 618/739/95 596/713/323 599/716/322 619/740/95
f 619/740/95 599/716/322 594/711/322 606/725/95
f 616/737/332 618/739/95 619/740/95 617/738/326
f 617/738/326 619/740/95 606/725/95 607/726/326
f 516/728/328 538/741/333 620/742/334 608/729/76
f 538/741/333 536/743/335 621/744/335 620/742/334
f 608/729/76 620/742/334 622/745/75 610/731/76
f 620/742/334 621/744/335 623/746/336 622/745/75
f 533/747/337 532/748/338 624/749/339 625/750/340
f 625/750/340 624/749/339 626/751/339 627/752/340
f 536/743/335 533/747/337 625/750/340 621/744/335
f 621/744/335 625/750/340 627/752/340 623/746/336
f 628/753/341 629/754/340 630/755/340 631/756/338
f 629/754/340 632/757/342 633/758/71 630/755/340
f 631/756/338 630/755/340 627/752/340 626/751/339
f 630/755/340 633/758/71 623/746/336 627/752/340
f 634/759/333 612/733/328 615/736/76 635/760/75
f 635/760/75 615/736/76 610/731/76 622/745/75
f 632/757/342 634/759/333 635/760/75 633/758/71
f 633/758/71 635/760/75 622/745/75 623/746/336
f 532/761/338 550/762/343 636/763/343 624/764/339
f 550/762/343 548/765/1 637/766/1 636/763/343
f 624/764/339 636/763/343 638/767/343 626/768/339
f 636/763/343 637/766/1 639/769/1 638/767/343
f 546/770/344 473/656/300 553/659/300 640/771/345
f 640/771/345 553/659/300 556/663/300 641/772/345
f 548/765/1 546/770/344 640/771/345 637/766/1
f 637/766/1 640/771/345 641/772/345 639/769/1
f 569/678/300 642/773/344 643/774/345 570/679/305
f 642/773/344 644/775/1 645/776/1 643/774/345
f 570/679/305 643/774/345 641/772/345 556/663/300
f 643/774/345 645/776/1 639/769/1 641/772/345
f 646/777/343 628/778/341 631/779/338 647/780/343
f 647/780/343 631/779/338 626/768/339 638/767/343
f 644/775/1 646/777/343 647/780/343 645/776/1
f 645/776/1 647/780/343 638/767/343 639/769/1
f 569/781/346 568/782/347 648/783/348 649/784/349
f 568/782/347 566/785/350 650/786/351 648/783/348
f 649/784/349 648/783/348 651/787/352 652/788/353
f 648/783/348 650/786/351 653/789/354 651/787/352
f 563/790/355 562/791/356 654/792/357 655/793/358
f 655/793/358 654/792/357 656/794/356 657/795/359
f 566/785/350 563/790/355 655/793/358 650/786/351
f 650/786/351 655/793/358 657/795/359 653/789/354
f 658/796/360 659/797/361 660/798/362 661/799/363
f 659/797/361 662/800/364 663/801/364 660/798/362
f 661/799/363 660/798/362 657/795/359 656/794/356
f 660/798/362 663/801/364 653/789/354 657/795/359
f 664/802/365 665/803/366 666/804/353 667/805/367
f 667/805/367 666/804/353 652/788/353 651/787/352
f 662/800/364 664/802/365 667/805/367 663/801/364
f 663/801/364 667/805/367 651/787/352 653/789/354
f 562/791/356 586/806/368 668/807/369 654/792/357
f 586/806/368 584/808/370 669/809/371 668/807/369
f 654/792/357 668/807/369 670/810/369 656/794/356
f 668/807/369 669/809/371 671/811/372 670/810/369
f 581/812/373 580/813/374 672/814/375 673/815/376
f 673/815/376 672/814/375 674/816/377 675/817/378
f 584/808/370 581/812/373 673/815/376 669/809/371
f 669/809/371 673/815/376 675/817/378 671/811/372
f 676/818/377 677/819/379 678/820/380 679/821/381
f 677/819/379 680/822/382 681/823/371 678/820/380
f 679/821/381 678/820/380 675/817/378 674/816/377
f 678/820/380 681/823/371 671/811/372 675/817/378
f 682/824/383 658/796/360 661/799/363 683/825/384
f 683/825/384 661/799/363 656/794/356 670/810/369
f 680/822/382 682/824/383 683/825/384 681/823/371
f 681/823/371 683/825/384 670/810/369 671/811/372
f 580/813/374 602/826/385 684/827/386 672/814/375
f 602/826/385 600/828/387 685/829/388 684/827/386
f 672/814/375 684/827/386 686/830/389 674/816/377
f 684/827/386 685/829/388 687/831/390 686/830/389
f 597/832/391 596/833/392 688/834/393 689/835/394
f 689/835/394 688/834/393 690/836/395 691/837/396
f 600/828/387 597/832/391 689/835/394 685/829/388
f 685/829/388 689/835/394 691/837/396 687/831/390
f 692/838/397 693/839/398 694/840/399 695/841/400
f 693/839/398 696/842/401 697/843/402 694/840/399
f 695/841/400 694/840/399 691/837/396 690/836/395
f 694/840/399 697/843/402 687/831/390 691/837/396
f 698/844/403 676/818/377 679/821/381 699/845/404
f 699/845/404 679/821/381 674/816/377 686/830/389
f 696/842/401 698/844/403 699/845/404 697/843/402
f 697/843/402 699/845/404 686/830/389 687/831/390
f 596/833/392 618/846/405 700/847/406 688/834/393
f 618/846/405 616/848/407 701/849/407 700/847/406
f 688/834/393 700/847/406 702/850/406 690/836/395
f 700/847/406 701/849/407 703/851/408 702/850/406
f 613/852/409 612/853/410 704/854/410 705/855/411
f 705/855/411 704/854/410 706/856/412 707/857/413
f 616/848/407 613/852/409 705/855/411 701/849/407
f 701/849/407 705/855/411 707/857/413 703/851/408
f 708/858/414 709/859/415 710/860/416 711/861/417
f 709/859/415 712/862/418 713/863/407 710/860/416
f 711/861/417 710/860/416 707/857/413 706/856/412
f 710/860/416 713/863/407 703/851/408 707/857/413
f 714/864/419 692/838/397 695/841/400 715/865/406
f 715/865/406 695/841/400 690/836/395 702/850/406
f 712/862/418 714/864/419 715/865/406 713/863/407
f 713/863/407 715/865/406 702/850/406 703/851/408
f 612/866/410 634/867/420 716/868/421 704/869/410
f 634/867/420 632/870/422 717/871/423 716/868/421
f 704/869/410 716/868/421 718/872/424 706/873/412
f 716/868/421 717/871/423 719/874/425 718/872/424
f 629/875/426 628/876/427 720/877/428 721/878/429
f 721/878/429 720/877/428 722/879/428 723/880/429
f 632/870/422 629/875/426 721/878/429 717/871/423
f 717/871/423 721/878/429 723/880/429 719/874/425
f 724/881/430 725/882/431 726/883/429 727/884/432
f 725/882/431 728/885/425 729/886/425 726/883/429
f 727/884/432 726/883/429 723/880/429 722/879/428
f 726/883/429 729/886/425 719/874/425 723/880/429
f 730/887/433 708/888/414 711/889/417 731/890/434
f 731/890/434 711/889/417 706/873/412 718/872/424
f 728/885/425 730/887/433 731/890/434 729/886/425
f 729/886/425 731/890/434 718/872/424 719/874/425
f 628/876/427 646/891/435 732/892/436 720/877/428
f 646/891/435 644/893/437 733/894/438 732/892/436
f 720/877/428 732/892/436 734/895/439 722/879/428
f 732/892/436 733/894/438 735/896/440 734/895/439
f 642/897/441 569/781/346 649/784/349 736/898/442
f 736/898/442 649/784/349 652/788/353 737/899/443
f 644/893/437 642/897/441 736/898/442 733/894/438
f 733/894/438 736/898/442 737/899/443 735/896/440
f 665/803/366 738/900/444 739/901/445 666/804/353
f 738/900/444 740/902/438 741/903/446 739/901/445
f 666/804/353 739/901/445 737/899/443 652/788/353
f 739/901/445 741/903/446 735/896/440 737/899/443
f 742/904/447 724/881/430 727/884/432 743/905/448
f 743/905/448 727/884/432 722/879/428 734/895/439
f 740/902/438 742/904/447 743/905/448 741/903/446
f 741/903/446 743/905/448 734/895/439 735/896/440
f 665/906/449 664/907/450 744/908/451 745/909/452
f 664/907/450 662/910/453 746/911/454 744/908/451
f 745/909/452 744/908/451 747/912/451 748/913/455
f 744/908/451 746/911/454 749/914/454 747/912/451
f 659/915/456 658/916/457 750/917/457 751/918/458
f 751/918/458 750/917/457 752/919/459 753/920/460
f 662/910/453 659/915/456 751/918/458 746/911/454
f 746/911/454 751/918/458 753/920/460 749/914/454
f 754/921/457 755/922/461 756/923/462 757/924/457
f 755/922/461 758/925/463 759/926/454 756/923/462
f 757/924/457 756/923/462 753/920/460 752/919/459
f 756/923/462 759/926/454 749/914/454 753/920/460
f 760/927/464 761/928/465 762/929/455 763/930/451
f 763/930/451 762/929/455 748/913/455 747/912/451
f 758/925/463 760/927/464 763/930/451 759/926/454
f 759/926/454 763/930/451 747/912/451 749/914/454
f 658/916/457 682/931/466 764/932/467 750/917/457
f 682/931/466 680/933/468 765/934/469 764/932/467
f 750/917/457 764/932/467 766/935/470 752/919/459
f 764/932/467 765/934/469 767/936/471 766/935/470
f 677/937/472 676/938/473 768/939/474 769/940/475
f 769/940/475 768/939/474 770/941/476 771/942/475
f 680/933/468 677/937/472 769/940/475 765/934/469
f 765/934/469 769/940/475 771/942/475 767/936/471
f 772/943/477 773/944/478 774/945/475 775/946/476
f 773/944/478 776/947/479 777/948/469 774/945/475
f 775/946/476 774/945/475 771/942/475 770/941/476
f 774/945/475 777/948/469 767/936/471 771/942/475
f 778/949/480 754/921/457 757/924/457 779/950/481
f 779/950/481 757/924/457 752/919/459 766/935/470
f 776/947/479 778/949/480 779/950/481 777/948/469
f 777/948/469 779/950/481 766/935/470 767/936/471
f 676/938/473 698/951/482 780/952/483 768/939/474
f 698/951/482 696/953/484 781/954/111 780/952/483
f 768/939/474 780/952/483 782/955/485 770/941/476
f 780/952/483 781/954/111 783/956/111 782/955/485
f 693/957/486 692/958/487 784/959/488 785/960/489
f 785/960/489 784/959/488 786/961/490 787/962/491
f 696/953/484 693/957/486 785/960/489 781/954/111
f 781/954/111 785/960/489 787/962/491 783/956/111
f 788/963/492 789/964/493 790/965/491 791/966/494
f 789/964/493 792/967/495 793/968/111 790/965/491
f 791/966/494 790/965/491 787/962/491 786/961/490
f 790/965/491 793/968/111 783/956/111 787/962/491
f 794/969/496 772/943/477 775/946/476 795/970/483
f 795/970/483 775/946/476 770/941/476 782/955/485
f 792/967/495 794/969/496 795/970/483 793/968/111
f 793/968/111 795/970/483 782/955/485 783/956/111
f 692/958/487 714/971/497 796/972/498 784/959/488
f 714/971/497 712/973/499 797/974/500 796/972/498
f 784/959/488 796/972/498 798/975/498 786/961/490
f 796/972/498 797/974/500 799/976/501 798/975/498
f 709/977/502 708/978/503 800/979/503 801/980/504
f 801/980/504 800/979/503 802/981/505 803/982/506
f 712/973/499 709/977/502 801/980/504 797/974/500
f 797/974/500 801/980/504 803/982/506 799/976/501
f 804/983/503 805/984/504 806/985/507 807/986/505
f 805/984/504 808/987/508 809/988/501 806/985/507
f 807/986/505 806/985/507 803/982/506 802/981/505
f 806/985/507 809/988/501 799/976/501 803/982/506
f 810/989/509 788/963/492 791/966/494 811/990/498
f 811/990/498 791/966/494 786/961/490 798/975/498
f 808/987/508 810/989/509 811/990/498 809/988/501
f 809/988/501 811/990/498 798/975/498 799/976/501
f 708/978/503 730/991/510 812/992/511 800/979/503
f 730/991/510 728/993/512 813/994/513 812/992/511
f 800/979/503 812/992/511 814/995/514 802/981/505
f 812/992/511 813/994/513 815/996/513 814/995/514
f 725/997/515 724/998/516 816/999/517 817/1000/518
f 817/1000/518 816/999/517 818/1001/519 819/1002/518
f 728/993/512 725/997/515 817/1000/518 813/994/513
f 813/994/513 817/1000/518 819/1002/518 815/996/513
f 820/1003/520 821/1004/521 822/1005/522 823/1006/523
f 821/1004/521 824/1007/524 825/1008/513 822/1005/522
f 823/1006/523 822/1005/522 819/1002/518 818/1001/519
f 822/1005/522 825/1008/513 815/996/513 819/1002/518
f 826/1009/511 804/983/503 807/986/505 827/1010/525
f 827/1010/525 807/986/505 802/981/505 814/995/514
f 824/1007/524 826/1009/511 827/1010/525 825/1008/513
f 825/1008/513 827/1010/525 814/995/514 815/996/513
f 724/1011/516 742/1012/526 828/1013/527 816/1014/517
f 742/1012/526 740/1015/528 829/1016/1 828/1013/527
f 816/1014/517 828/1013/527 830/1017/529 818/1018/519
f 828/1013/527 829/1016/1 831/1019/1 830/1017/529
f 738/1020/530 665/906/449 745/909/452 832/1021/531
f 832/1021/531 745/909/452 748/913/455 833/1022/531
f 740/1015/528 738/1020/530 832/1021/531 829/1016/1
f 829/1016/1 832/1021/531 833/1022/531 831/1019/1
f 761/928/465 834/1023/532 835/1024/533 762/929/455
f 834/1023/532 836/1025/534 837/1026/1 835/1024/533
f 762/929/455 835/1024/533 833/1022/531 748/913/455
f 835/1024/533 837/1026/1 831/1019/1 833/1022/531
f 838/1027/535 820/1028/520 823/1029/523 839/1030/529
f 839/1030/529 823/1029/523 818/1018/519 830/1017/529
f 836/1025/534 838/1027/535 839/1030/529 837/1026/1
f 837/1026/1 839/1030/529 830/1017/529 831/1019/1
f 94/91/12 97/94/13 840/1031/536 841/1032/537
f 97/94/13 92/89/11 842/1033/538 840/1031/536
f 841/1032/537 840/1031/536 843/1034/539 844/1035/540
f 840/1031/536 842/1033/538 845/1036/541 843/1034/539
f 90/87/10 89/86/9 846/1037/542 847/1038/13
f 847/1038/13 846/1037/542 848/1039/543 849/1040/539
f 92/89/11 90/87/10 847/1038/13 842/1033/538
f 842/1033/538 847/1038/13 849/1040/539 845/1036/541
f 754/1041/11 850/1042/544 851/1043/539 852/1044/545
f 850/1042/544 844/1035/540 843/1034/539 851/1043/539
f 852/1044/545 851/1043/539 849/1040/539 848/1039/543
f 851/1043/539 843/1034/539 845/1036/541 849/1040/539
f 89/86/9 122/1045/546 853/1046/547 854/1047/548
f 122/1045/546 118/1048/546 855/1049/546 853/1046/547
f 854/1047/548 853/1046/547 856/1050/549 857/1051/550
f 853/1046/547 855/1049/546 858/1052/551 856/1050/549
f 116/1053/552 16/161/553 859/1054/554 860/1055/555
f 860/1055/555 859/1054/554 861/1056/556 862/1057/557
f 118/1048/546 116/1053/552 860/1055/555 855/1049/546
f 855/1049/546 860/1055/555 862/1057/557 858/1052/551
f 820/1058/558 838/1059/559 863/1060/560 864/1061/561
f 838/1059/559 836/1062/562 865/1063/563 863/1060/560
f 864/1061/561 863/1060/560 862/1057/557 861/1056/556
f 863/1060/560 865/1063/563 858/1052/551 862/1057/557
f 834/1064/564 761/1065/565 866/1066/566 867/1067/567
f 867/1067/567 866/1066/566 857/1051/550 856/1050/549
f 836/1062/562 834/1064/564 867/1067/567 865/1063/563
f 865/1063/563 867/1067/567 856/1050/549 858/1052/551
f 33/183/568 141/1068/569 868/1069/570 869/1070/571
f 141/1068/569 140/1071/572 870/1072/572 868/1069/570
f 869/1070/571 868/1069/570 871/1073/573 872/1074/574
f 868/1069/570 870/1072/572 873/1075/575 871/1073/573
f 139/1076/576 94/91/12 874/1077/577 875/1078/578
f 875/1078/578 874/1077/577 876/1079/579 877/1080/580
f 140/1071/572 139/1076/576 875/1078/578 870/1072/572
f 870/1072/572 875/1078/578 877/1080/580 873/1075/575
f 772/1081/581 794/1082/582 878/1083/583 879/1084/584
f 794/1082/582 792/1085/585 880/1086/586 878/1083/583
f 879/1084/584 878/1083/583 877/1080/580 876/1079/579
f 878/1083/583 880/1086/586 873/1075/575 877/1080/580
f 789/1087/587 788/1088/588 881/1089/589 882/1090/590
f 882/1090/590 881/1089/589 872/1074/574 871/1073/573
f 792/1085/585 789/1087/587 882/1090/590 880/1086/586
f 880/1086/586 882/1090/590 871/1073/573 873/1075/575
f 788/1088/588 810/1091/591 883/1092/592 881/1089/589
f 810/1091/591 808/1093/593 884/1094/594 883/1092/592
f 881/1089/589 883/1092/592 885/1095/595 872/1074/574
f 883/1092/592 884/1094/594 886/1096/596 885/1095/595
f 805/1097/597 804/1098/598 887/1099/599 888/1100/597
f 888/1100/597 887/1099/599 889/1101/597 890/1102/599
f 808/1093/593 805/1097/597 888/1100/597 884/1094/594
f 884/1094/594 888/1100/597 890/1102/599 886/1096/596
f 33/183/568 869/1070/571 891/1103/600 892/1104/597
f 869/1070/571 872/1074/574 885/1095/595 891/1103/600
f 892/1104/597 891/1103/600 890/1102/599 889/1101/597
f 891/1103/600 885/1095/595 886/1096/596 890/1102/599
f 804/1098/598 893/1105/601 894/1106/598 887/1099/599
f 893/1105/601 895/1107/602 896/1108/598 894/1106/598
f 887/1099/599 894/1106/598 897/1109/598 889/1101/597
f 894/1106/598 896/1108/598 898/1110/603 897/1109/598
f 899/1111/602 16/161/553 155/164/604 900/1112/605
f 900/1112/605 155/164/604 158/168/603 901/1113/606
f 895/1107/602 899/1111/602 900/1112/605 896/1108/598
f 896/1108/598 900/1112/605 901/1113/606 898/1110/603
f 33/183/568 892/1104/597 902/1114/607 164/184/608
f 892/1104/597 889/1101/597 897/1109/598 902/1114/607
f 164/184/608 902/1114/607 901/1113/606 158/168/603
f 902/1114/607 897/1109/598 898/1110/603 901/1113/606
f 804/1098/598 826/1115/602 903/1116/602 893/1105/601
f 826/1115/602 824/1117/609 904/1118/610 903/1116/602
f 893/1105/601 903/1116/602 905/1119/601 895/1107/602
f 903/1116/602 904/1118/610 906/1120/596 905/1119/601
f 821/1121/611 820/1058/558 864/1061/561 907/1122/612
f 907/1122/612 864/1061/561 861/1056/556 908/1123/613
f 824/1117/609 821/1121/611 907/1122/612 904/1118/610
f 904/1118/610 907/1122/612 908/1123/613 906/1120/596
f 16/161/553 899/1111/602 909/1124/614 859/1054/554
f 899/1111/602 895/1107/602 905/1119/601 909/1124/614
f 859/1054/554 909/1124/614 908/1123/613 861/1056/556
f 909/1124/614 905/1119/601 906/1120/596 908/1123/613
f 761/1065/565 760/1125/615 910/1126/616 866/1066/566
f 760/1125/615 758/1127/617 911/1128/618 910/1126/616
f 866/1066/566 910/1126/616 912/1129/619 857/1051/550
f 910/1126/616 911/1128/618 913/1130/620 912/1129/619
f 755/1131/621 754/1041/11 852/1044/545 914/1132/621
f 914/1132/621 852/1044/545 848/1039/543 915/1133/542
f 758/1127/617 755/1131/621 914/1132/621 911/1128/618
f 911/1128/618 914/1132/621 915/1133/542 913/1130/620
f 89/86/9 854/1047/548 916/1134/622 846/1037/542
f 854/1047/548 857/1051/550 912/1129/619 916/1134/622
f 846/1037/542 916/1134/622 915/1133/542 848/1039/543
f 916/1134/622 912/1129/619 913/1130/620 915/1133/542
f 754/1041/11 778/1135/623 917/1136/623 850/1042/544
f 778/1135/623 776/1137/624 918/1138/625 917/1136/623
f 850/1042/544 917/1136/623 919/1139/537 844/1035/540
f 917/1136/623 918/1138/625 920/1140/626 919/1139/537
f 773/1141/627 772/1081/581 879/1084/584 921/1142/628
f 921/1142/628 879/1084/584 876/1079/579 922/1143/629
f 776/1137/624 773/1141/627 921/1142/628 918/1138/625
f 918/1138/625 921/1142/628 922/1143/629 920/1140/626
f 94/91/12 841/1032/537 923/1144/630 874/1077/577
f 841/1032/537 844/1035/540 919/1139/537 923/1144/630
f 874/1077/577 923/1144/630 922/1143/629 876/1079/579
f 923/1144/630 919/1139/537 920/1140/626 922/1143/629
f 64/238/1 63/1145/1 924/1146/1 207/239/1
f 63/1145/1 58/1147/1 925/1148/1 924/1146/1
f 207/239/1 924/1146/1 926/1149/1 209/242/1
f 924/1146/1 925/1148/1 927/1150/1 926/1149/1
f 55/1151/1 54/1152/1 190/1153/1 928/1154/1
f 928/1154/1 190/1153/1 185/1155/1 929/1156/1
f 58/1147/1 55/1151/1 928/1154/1 925/1148/1
f 925/1148/1 928/1154/1 929/1156/1 927/1150/1
f 181/1157/1 222/1158/1 930/1159/1 182/1160/1
f 222/1158/1 218/1161/1 931/1162/1 930/1159/1
f 182/1160/1 930/1159/1 929/1156/1 185/1155/1
f 930/1159/1 931/1162/1 927/1150/1 929/1156/1
f 216/1163/1 127/133/1 211/244/1 932/1164/1
f 932/1164/1 211/244/1 209/242/1 926/1149/1
f 218/1161/1 216/1163/1 932/1164/1 931/1162/1
f 931/1162/1 932/1164/1 926/1149/1 927/1150/1
f 348/386/144 387/1165/144 933/1166/144 349/387/144
f 387/1165/144 383/1167/279 934/1168/144 933/1166/144
f 349/387/144 933/1166/144 935/1169/150 352/390/144
f 933/1166/144 934/1168/144 936/1170/144 935/1169/150
f 381/1171/144 380/1172/151 405/1173/151 937/1174/147
f 937/1174/147 405/1173/151 402/1175/150 938/1176/144
f 383/1167/279 381/1171/144 937/1174/147 934/1168/144
f 934/1168/144 937/1174/147 938/1176/144 936/1170/144
f 399/1177/148 420/1178/145 939/1179/145 400/1180/144
f 420/1178/145 417/1181/147 940/1182/144 939/1179/145
f 400/1180/144 939/1179/145 938/1176/144 402/1175/150
f 939/1179/145 940/1182/144 936/1170/144 938/1176/144
f 415/1183/151 358/396/147 357/395/144 941/1184/150
f 941/1184/150 357/395/144 352/390/144 935/1169/150
f 417/1181/147 415/1183/151 941/1184/150 940/1182/144
f 940/1182/144 941/1184/150 935/1169/150 936/1170/144
f 942/1185/631 943/1186/632 944/1187/633 945/1188/634
f 943/1186/632 946/1189/635 947/1190/636 944/1187/633
f 945/1188/634 944/1187/633 948/1191/637 949/1192/638
f 944/1187/633 947/1190/636 950/1193/639 948/1191/637
f 951/1194/640 952/1195/641 953/1196/642 954/1197/643
f 954/1197/643 953/1196/642 955/1198/644 956/1199/645
f 946/1189/635 951/1194/640 954/1197/643 947/1190/636
f 947/1190/636 954/1197/643 956/1199/645 950/1193/639
f 36/177/646 961/1200/647 959/1201/648 35/180/649
f 35/180/649 959/1201/648 957/1202/650 34/182/651
f 958/1203/652 957/1202/650 956/1199/645 955/1198/644
f 957/1202/650 959/1201/648 950/1193/639 956/1199/645
f 141/1068/653 33/183/654 958/1203/652 977/1204/655
f 961/1200/647 960/1205/656 949/1192/638 948/1191/637
f 33/183/654 34/182/651 957/1202/650 958/1203/652
f 959/1201/648 961/1200/647 948/1191/637 950/1193/639
f 952/1195/641 962/1206/657 963/1207/658 953/1196/642
f 962/1206/657 964/1208/659 965/1209/660 963/1207/658
f 953/1196/642 963/1207/658 966/1210/661 955/1198/644
f 963/1207/658 965/1209/660 967/1211/662 966/1210/661
f 968/1212/663 969/1213/664 970/1214/665 971/1215/666
f 971/1215/666 970/1214/665 972/1216/667 973/1217/668
f 964/1208/659 968/1212/663 971/1215/666 965/1209/660
f 965/1209/660 971/1215/666 973/1217/668 967/1211/662
f 975/1218/669 974/1219/670 973/1217/668 972/1216/667
f 974/1219/670 976/1220/671 967/1211/662 973/1217/668
f 36/177/646 37/176/672 960/1205/656 961/1200/647
f 977/1204/655 958/1203/652 955/1198/644 966/1210/661
f 95/92/673 1001/1221/674 1000/1222/675 98/95/676
f 976/1220/671 977/1204/655 966/1210/661 967/1211/662
f 969/1213/664 981/1223/677 982/1224/678 983/1225/679
f 981/1223/677 984/1226/680 985/1227/681 982/1224/678
f 983/1225/679 982/1224/678 986/1228/682 987/1229/683
f 982/1224/678 985/1227/681 988/1230/684 986/1228/682
f 990/1231/685 980/1232/686 979/1233/687 991/1234/688
f 984/1226/680 989/1235/689 990/1231/685 985/1227/681
f 985/1227/681 990/1231/685 991/1234/688 988/1230/684
f 978/1236/690 992/1237/691 991/1234/688 979/1233/687
f 992/1237/691 993/1238/692 988/1230/684 991/1234/688
f 995/1239/693 994/1240/694 987/1229/683 986/1228/682
f 993/1238/692 995/1239/693 986/1228/682 988/1230/684
f 994/1240/694 996/1241/695 998/1242/696 987/1229/683
f 996/1241/695 997/1243/697 999/1244/698 998/1242/696
f 95/92/673 94/91/699 975/1218/669 1001/1221/674
f 140/1071/700 976/1220/671 974/1219/670 139/1076/701
f 975/1218/669 972/1216/667 1002/1245/702 1001/1221/674
f 1001/1221/674 1002/1245/702 999/1244/698 1000/1222/675
f 970/1214/665 969/1213/664 983/1225/679 1003/1246/703
f 1003/1246/703 983/1225/679 987/1229/683 998/1242/696
f 972/1216/667 970/1214/665 1003/1246/703 1002/1245/702
f 1002/1245/702 1003/1246/703 998/1242/696 999/1244/698
f 141/1068/653 977/1204/655 976/1220/671 140/1071/700
f 94/91/699 139/1076/701 974/1219/670 975/1218/669
f 195/220/704 193/217/705 978/1236/690 979/1233/704
f 197/222/706 195/220/704 979/1233/704 980/1232/686
f 197/222/706 980/1232/686 990/1231/685 989/1235/689 215/255/707 198/223/708
f 215/255/707 989/1235/689 984/1226/709 214/257/709
f 214/257/709 984/1226/709 981/1223/709 213/259/709
f 101/98/710 1004/1247/711 1006/1248/712 177/197/713 175/195/714
f 1006/1248/712 1005/1249/715 69/1250/716 177/197/713
f 1005/1249/715 1007/1251/717 73/1252/718 69/1250/716
f 75/72/719 73/1252/718 1007/1251/717 1008/1253/720
f 76/216/721 1008/1253/720 978/1236/690 193/217/705
f 76/216/721 75/72/719 1008/1253/720
f 999/1244/698 997/1243/697 1000/1222/675
f 100/97/722 98/95/676 1000/1222/675 997/1243/697 1004/1247/711 101/98/710
f 992/1237/691 978/1236/690 1008/1253/720 1007/1251/717 1005/1249/715 1006/1248/712 1004/1247/711 997/1243/697 996/1241/695 994/1240/694 995/1239/693 993/1238/692
f 38/117/723 960/1205/656 37/118/672
f 960/1205/656 38/117/723 30/115/724 949/1192/725
f 949/1192/725 30/115/724 28/113/726 945/1188/726
f 945/1188/726 28/113/726 26/48/727 942/1185/728
f 27/47/729 943/1186/730 942/1185/728 26/48/727
f 29/45/731 946/1189/731 943/1186/730 27/47/729
f 31/42/732 951/1194/732 946/1189/731 29/45/731
f 32/41/733 952/1195/733 951/1194/732 31/42/732
f 135/159/734 962/1206/734 952/1195/733 32/41/733
f 136/157/735 964/1208/735 962/1206/734 135/159/734
f 137/154/736 968/1212/736 964/1208/735 136/157/735
f 138/153/709 969/1213/709 968/1212/736 137/154/736
f 213/259/709 981/1223/709 969/1213/709 138/153/709
l 76 69
