# Blender v2.93.5 OBJ File: ''
# www.blender.org
mtllib Correct_model.mtl
o 10509_Golf_Club_-_Putter_L3
v -7.173700 -0.525200 0.000000
v -7.173700 -0.262600 0.000000
v -6.526300 -0.404000 0.000000
v -6.526300 -0.808100 0.000000
v -7.173700 0.000000 0.000000
v -6.526300 0.000000 0.000000
v -5.888800 -0.536600 0.000000
v -5.888800 -1.073200 0.000000
v -5.887600 0.002200 0.000000
v -7.173700 0.262600 0.000000
v -7.173700 0.525200 0.000000
v -6.526300 0.808100 0.000000
v -6.526300 0.404000 0.000000
v -5.878900 1.090900 0.000000
v -5.883900 0.545500 0.000000
v -4.584100 1.656600 0.000000
v -4.653300 0.792900 0.000000
v -5.251300 0.686900 0.000000
v -5.231500 1.373700 0.000000
v -4.675500 0.013300 0.000000
v -5.266100 0.008800 0.000000
v -4.682900 -0.739900 0.000000
v -4.682900 -1.479800 0.000000
v -5.271000 -1.303000 0.000000
v -5.271000 -0.651500 0.000000
v -7.173700 -0.525200 1.404300
v -6.526300 -0.808100 1.404300
v -6.526300 -0.404000 1.404300
v -7.173700 -0.262600 1.404300
v -5.888800 -1.073200 1.404300
v -5.888800 -0.536600 1.404300
v -6.526300 0.000000 1.404300
v -7.173700 0.000000 1.404300
v -5.887600 0.002200 1.404300
v -5.271000 -1.303000 1.404300
v -4.682900 -1.479800 1.404300
v -4.682900 -0.739900 1.404300
v -5.271000 -0.651500 1.404300
v -4.675500 0.013300 1.404300
v -5.266100 0.008800 1.404300
v -4.584100 1.656600 1.404300
v -5.231500 1.373700 1.404300
v -5.251300 0.686900 1.404300
v -4.653300 0.792900 1.404300
v -5.878900 1.090900 1.404300
v -5.883900 0.545500 1.404300
v -6.526300 0.808100 1.404300
v -7.173700 0.525200 1.404300
v -7.173700 0.262600 1.404300
v -6.526300 0.404000 1.404300
v -6.526300 -0.808100 0.351100
v -7.173700 -0.525200 0.351100
v -5.888800 -1.073200 0.351100
v -6.526300 -0.808100 0.702100
v -7.173700 -0.525200 0.702100
v -5.888800 -1.073200 0.702100
v -4.682900 -1.479800 0.351100
v -5.271000 -1.303000 0.351100
v -4.682900 -1.479800 0.702100
v -5.271000 -1.303000 0.702100
v -5.271000 -1.303000 1.053200
v -4.682900 -1.479800 1.053200
v -5.888800 -1.073200 1.053200
v -7.173700 -0.525200 1.053200
v -6.526300 -0.808100 1.053200
v 6.498900 -0.187000 0.000000
v 6.498900 0.137700 0.000000
v 6.498900 0.137700 0.351100
v 6.498900 -0.187000 0.351100
v 6.498900 0.462400 0.000000
v 6.498900 0.462400 0.351100
v 6.498900 0.137700 0.702100
v 6.498900 -0.187000 0.702100
v 6.498900 0.462400 0.702100
v 6.498900 0.787100 0.000000
v 6.498900 1.111800 0.000000
v 6.498900 1.111800 0.351100
v 6.498900 0.787100 0.351100
v 6.498900 1.111800 0.702100
v 6.498900 0.787100 0.702100
v 6.498900 1.111800 1.404300
v 6.498900 0.787100 1.404300
v 6.498900 0.787100 1.053200
v 6.498900 1.111800 1.053200
v 6.498900 0.462400 1.404300
v 6.498900 0.462400 1.053200
v 6.498900 0.137700 1.404300
v 6.498900 -0.187000 1.404300
v 6.498900 -0.187000 1.053200
v 6.498900 0.137700 1.053200
v 5.954100 1.656600 0.000000
v 3.808800 1.656600 0.000000
v 3.808800 1.656600 0.351100
v 5.954100 1.656600 0.351100
v 1.663600 1.656600 0.000000
v 1.663600 1.656600 0.351100
v 3.808800 1.656600 0.702100
v 5.954100 1.656600 0.702100
v 1.663600 1.656600 0.702100
v -0.481700 1.656600 0.000000
v -2.626900 1.656600 0.000000
v -2.626900 1.656600 0.351100
v -0.481700 1.656600 0.351100
v -2.626900 1.656600 0.702100
v -0.481700 1.656600 0.702100
v -2.626900 1.656600 1.404300
v -0.481700 1.656600 1.404300
v -0.481700 1.656600 1.053200
v -2.626900 1.656600 1.053200
v 1.663600 1.656600 1.404300
v 1.663600 1.656600 1.053200
v 3.808800 1.656600 1.404300
v 5.954100 1.656600 1.404300
v 5.954100 1.656600 1.053200
v 3.808800 1.656600 1.053200
v -7.173700 0.262600 0.351100
v -7.173700 0.525200 0.351100
v -7.173700 0.000000 0.351100
v -7.173700 0.262600 0.702100
v -7.173700 0.525200 0.702100
v -7.173700 0.000000 0.702100
v -7.173700 -0.262600 0.351100
v -7.173700 -0.262600 0.702100
v -7.173700 -0.262600 1.053200
v -7.173700 0.000000 1.053200
v -7.173700 0.525200 1.053200
v -7.173700 0.262600 1.053200
v -4.094800 1.656600 0.000000
v -4.114600 0.828300 0.000000
v -3.605500 1.656600 0.000000
v -3.556600 0.839100 0.000000
v -4.129400 0.008800 0.000000
v -3.522200 0.018400 0.000000
v -3.116200 1.656600 0.000000
v -1.881100 0.936400 0.000000
v -2.900700 0.871500 0.000000
v -1.637300 0.186300 0.000000
v -2.748400 0.064900 0.000000
v -1.736400 -1.656600 0.000000
v -2.760000 -1.656600 0.000000
v -2.722600 -0.785000 0.000000
v -1.569200 -0.623600 0.000000
v -3.526300 -1.638900 0.000000
v -3.517000 -0.808600 0.000000
v -4.134300 -1.585900 0.000000
v -4.134300 -0.792900 0.000000
v -4.134300 -1.585900 1.404300
v -4.134300 -0.792900 1.404300
v -3.526300 -1.638900 1.404300
v -3.517000 -0.808600 1.404300
v -4.129400 0.008800 1.404300
v -3.522200 0.018400 1.404300
v -2.760000 -1.656600 1.404300
v -1.736400 -1.656600 1.404300
v -1.569200 -0.623600 1.404300
v -2.722600 -0.785000 1.404300
v -1.637300 0.186300 1.404300
v -2.748400 0.064900 1.404300
v -3.116200 1.656600 1.404300
v -2.900700 0.871500 1.404300
v -1.881100 0.936400 1.404300
v -3.605500 1.656600 1.404300
v -3.556600 0.839100 1.404300
v -4.094800 1.656600 1.404300
v -4.114600 0.828300 1.404300
v -4.134300 -1.585900 0.351100
v -3.526300 -1.638900 0.351100
v -4.134300 -1.585900 0.702100
v -3.526300 -1.638900 0.702100
v -1.736400 -1.656600 0.351100
v -2.760000 -1.656600 0.351100
v -1.736400 -1.656600 0.702100
v -2.760000 -1.656600 0.702100
v -2.760000 -1.656600 1.053200
v -1.736400 -1.656600 1.053200
v -3.526300 -1.638900 1.053200
v -4.134300 -1.585900 1.053200
v -5.231500 1.373700 0.351100
v -4.584100 1.656600 0.351100
v -5.878900 1.090900 0.351100
v -5.231500 1.373700 0.702100
v -4.584100 1.656600 0.702100
v -5.878900 1.090900 0.702100
v -6.526300 0.808100 0.351100
v -6.526300 0.808100 0.702100
v -6.526300 0.808100 1.053200
v -5.878900 1.090900 1.053200
v -4.584100 1.656600 1.053200
v -5.231500 1.373700 1.053200
v 6.362700 1.248000 0.000000
v 6.362700 1.248000 0.351100
v 6.226500 1.384200 0.000000
v 6.226500 1.384200 0.351100
v 6.362700 1.248000 0.702100
v 6.226500 1.384200 0.702100
v 6.090300 1.520400 0.000000
v 6.090300 1.520400 0.351100
v 6.090300 1.520400 0.702100
v 6.090300 1.520400 1.404300
v 6.090300 1.520400 1.053200
v 6.226500 1.384200 1.404300
v 6.226500 1.384200 1.053200
v 6.362700 1.248000 1.404300
v 6.362700 1.248000 1.053200
v 5.029300 -1.656600 0.000000
v 5.396700 -1.289200 0.000000
v 5.396700 -1.289200 0.351100
v 5.029300 -1.656600 0.351100
v 5.764100 -0.921800 0.000000
v 5.764100 -0.921800 0.351100
v 5.396700 -1.289200 0.702100
v 5.029300 -1.656600 0.702100
v 5.764100 -0.921800 0.702100
v 6.131500 -0.554400 0.000000
v 6.131500 -0.554400 0.351100
v 6.131500 -0.554400 0.702100
v 6.131500 -0.554400 1.404300
v 6.131500 -0.554400 1.053200
v 5.764100 -0.921800 1.404300
v 5.764100 -0.921800 1.053200
v 5.396700 -1.289200 1.404300
v 5.029300 -1.656600 1.404300
v 5.029300 -1.656600 1.053200
v 5.396700 -1.289200 1.053200
v -0.232100 1.044600 0.000000
v 1.785600 1.185100 0.000000
v -0.018000 0.420900 0.000000
v 1.933400 0.723300 0.000000
v 3.911000 1.347400 0.000000
v 4.040900 1.048100 0.000000
v 4.478200 0.496100 0.000000
v 4.226400 0.768900 0.000000
v 2.488500 -0.099800 0.000000
v 2.133000 0.280600 0.000000
v 0.492600 -0.750200 0.000000
v 0.125200 -0.226000 0.000000
v -0.356700 -1.656600 1.404300
v 1.379300 -1.005700 1.404300
v 0.492600 -0.750200 1.404300
v 1.290300 -1.656600 1.404300
v 2.597900 -1.116800 1.404300
v 3.104200 -0.374800 1.404300
v 2.488500 -0.099800 1.404300
v 3.902800 -0.582100 1.404300
v 3.115300 -1.656600 1.404300
v 3.961200 -1.208000 1.404300
v 4.807100 -0.759500 1.404300
v 5.653000 -0.310900 1.404300
v 5.202200 -0.057400 1.404300
v 4.478200 0.496100 1.404300
v 4.807100 0.216100 1.404300
v -0.356700 -1.656600 0.000000
v -0.356700 -1.656600 0.351100
v 1.290300 -1.656600 0.000000
v 1.290300 -1.656600 0.351100
v -0.356700 -1.656600 0.702100
v 1.290300 -1.656600 0.702100
v 3.115300 -1.656600 0.000000
v 3.115300 -1.656600 0.351100
v 3.115300 -1.656600 0.702100
v 3.115300 -1.656600 1.053200
v 1.290300 -1.656600 1.053200
v -0.356700 -1.656600 1.053200
v -3.856000 8.771200 0.709500
v -3.879700 8.764800 0.539900
v -8.535100 26.139000 0.539900
v -8.511400 26.145399 0.709500
v -3.944700 8.747400 0.380800
v -8.600100 26.121599 0.380800
v -13.004300 42.853100 0.537500
v -12.980300 42.859501 0.709500
v -13.070300 42.835400 0.376200
v -4.045200 8.720500 0.243000
v -4.175300 8.685600 0.137000
v -8.830700 26.059799 0.137000
v -8.700700 26.094700 0.243000
v -13.304100 42.772701 0.128900
v -13.172200 42.808102 0.236400
v -20.976700 71.569397 0.056100
v -20.828199 71.609200 0.177100
v -17.275999 58.199902 0.216600
v -17.413401 58.162998 0.104600
v -20.713499 71.639900 0.334400
v -17.169800 58.228298 0.362300
v -20.639299 71.659798 0.515900
v -20.612301 71.667000 0.709500
v -17.076099 58.253399 0.709500
v -17.101101 58.246700 0.530300
v -4.329100 8.644400 0.073300
v -8.984500 26.018600 0.073300
v -4.494600 8.600000 0.052100
v -9.150000 25.974300 0.052100
v -13.460000 42.730999 0.064400
v -13.627900 42.686001 0.042900
v -4.660200 8.555700 0.073300
v -4.813900 8.514500 0.137000
v -9.469400 25.888700 0.137000
v -9.315600 25.929899 0.073300
v -13.951800 42.599201 0.128900
v -13.795800 42.640999 0.064400
v -21.705500 71.374100 0.056100
v -21.530001 71.421097 -0.016500
v -17.925699 58.025799 0.037400
v -18.088100 57.982201 0.104600
v -21.341101 71.471703 -0.040700
v -17.750799 58.072601 0.015000
v -21.152100 71.522400 -0.016500
v -17.575899 58.119499 0.037400
v -4.944000 8.479600 0.243000
v -9.599400 25.853800 0.243000
v -5.044600 8.452700 0.380800
v -9.700000 25.826900 0.380800
v -14.083700 42.563900 0.236400
v -14.185600 42.536499 0.376200
v -5.109600 8.435300 0.539900
v -5.133300 8.428900 0.709500
v -9.788700 25.803101 0.709500
v -9.765000 25.809500 0.539900
v -14.275600 42.512402 0.709500
v -14.251600 42.518902 0.537500
v -22.069901 71.276497 0.709500
v -22.042900 71.283699 0.515900
v -18.400499 57.898602 0.530300
v -18.425501 57.891899 0.709500
v -21.968599 71.303596 0.334400
v -18.331800 57.917000 0.362300
v -21.853901 71.334297 0.177100
v -18.225599 57.945400 0.216600
v -5.109600 8.435300 0.879200
v -9.765000 25.809500 0.879200
v -5.044600 8.452700 1.038200
v -9.700000 25.826900 1.038200
v -14.251600 42.518902 0.881600
v -14.185600 42.536499 1.042900
v -4.944000 8.479600 1.176100
v -4.813900 8.514500 1.282100
v -9.469400 25.888700 1.282100
v -9.599400 25.853800 1.176100
v -13.951800 42.599201 1.290200
v -14.083700 42.563900 1.182600
v -21.705500 71.374100 1.362900
v -21.853901 71.334297 1.241900
v -18.225599 57.945400 1.202400
v -18.088100 57.982201 1.314400
v -21.968599 71.303596 1.084600
v -18.331800 57.917000 1.056800
v -22.042900 71.283699 0.903100
v -18.400499 57.898602 0.888800
v -4.660200 8.555700 1.345700
v -9.315600 25.929899 1.345700
v -4.494600 8.600000 1.366900
v -9.150000 25.974300 1.366900
v -13.795800 42.640999 1.354700
v -13.627900 42.686001 1.376200
v -4.329100 8.644400 1.345700
v -4.175300 8.685600 1.282100
v -8.830700 26.059799 1.282100
v -8.984500 26.018600 1.345700
v -13.304100 42.772701 1.290200
v -13.460000 42.730999 1.354700
v -20.976700 71.569397 1.362900
v -21.152100 71.522400 1.435500
v -17.575899 58.119499 1.381600
v -17.413401 58.162998 1.314400
v -21.341101 71.471703 1.459800
v -17.750799 58.072601 1.404000
v -21.530001 71.421097 1.435500
v -17.925699 58.025799 1.381600
v -4.045200 8.720500 1.176100
v -8.700700 26.094700 1.176100
v -3.944700 8.747400 1.038200
v -8.600100 26.121599 1.038200
v -13.172200 42.808102 1.182600
v -13.070300 42.835400 1.042900
v -3.879700 8.764800 0.879200
v -8.535100 26.139000 0.879200
v -13.004300 42.853100 0.881600
v -20.639299 71.659798 0.903100
v -17.101101 58.246700 0.888800
v -20.713499 71.639900 1.084600
v -17.169800 58.228298 1.056800
v -20.828199 71.609200 1.241900
v -17.275999 58.199902 1.202400
v -29.160801 105.518402 0.709500
v -29.768600 105.355499 0.709500
v -29.791201 105.349503 1.032500
v -29.205799 105.506302 1.032500
v -30.376499 105.192596 0.709500
v -30.376499 105.192596 1.032500
v -29.853100 105.332901 1.345400
v -29.329599 105.473099 1.335300
v -30.376499 105.192596 1.350400
v -30.984400 105.029701 0.709500
v -31.592300 104.866798 0.709500
v -31.547300 104.878899 1.032500
v -30.961901 105.035797 1.032500
v -31.423500 104.912102 1.335300
v -30.900000 105.052399 1.345400
v -30.984400 105.029701 1.799600
v -30.691700 105.108200 1.920700
v -30.804300 105.078003 1.638100
v -31.232100 104.963402 1.597700
v -30.376499 105.192596 1.961100
v -30.376499 105.192596 1.658300
v -30.061300 105.277100 1.920700
v -29.768600 105.355499 1.799600
v -29.521000 105.421898 1.597700
v -29.948799 105.307297 1.638100
v -23.811800 82.330498 -0.024800
v -23.644899 82.375198 0.111200
v -26.100800 91.107697 -0.129900
v -25.910101 91.158798 0.025600
v -23.516001 82.409798 0.288000
v -25.762699 91.198303 0.227700
v -28.025700 98.562302 -0.251200
v -29.768600 105.355499 -0.380500
v -29.521000 105.421898 -0.178700
v -27.807501 98.620697 -0.073200
v -29.329599 105.473099 0.083800
v -27.638800 98.665901 0.158000
v -27.490000 98.705803 0.709500
v -27.529699 98.695198 0.424900
v -29.205799 105.506302 0.386500
v -25.632700 91.233101 0.709500
v -25.667299 91.223801 0.460800
v -23.402300 82.440201 0.709500
v -23.432600 82.432098 0.492000
v -24.630699 82.111099 -0.024800
v -24.433599 82.163902 -0.106300
v -27.037001 90.856796 -0.129900
v -26.811600 90.917198 -0.223100
v -24.221300 82.220802 -0.133500
v -26.568899 90.982300 -0.254200
v -29.097200 98.275200 -0.251200
v -30.984400 105.029701 -0.380500
v -30.691700 105.108200 -0.501600
v -28.839300 98.344299 -0.357900
v -30.376499 105.192596 -0.542000
v -28.561501 98.418701 -0.393500
v -28.283701 98.493103 -0.357900
v -30.061300 105.277100 -0.501600
v -26.326200 91.047302 -0.223100
v -24.008900 82.277702 -0.106300
v -25.040199 82.001297 0.709500
v -25.009899 82.009499 0.492000
v -27.505100 90.731400 0.709500
v -27.470400 90.740700 0.460800
v -24.926500 82.031799 0.288000
v -27.375099 90.766197 0.227700
v -29.632999 98.131599 0.709500
v -31.547300 104.878899 0.386500
v -29.593300 98.142197 0.424900
v -31.423500 104.912102 0.083800
v -29.484200 98.171501 0.158000
v -29.315500 98.216698 -0.073200
v -31.232100 104.963402 -0.178700
v -27.227699 90.805702 0.025600
v -24.797600 82.066399 0.111200
v -24.630699 82.111099 1.443800
v -24.797600 82.066399 1.307800
v -27.037001 90.856796 1.548900
v -27.227699 90.805702 1.393500
v -24.926500 82.031799 1.131100
v -27.375099 90.766197 1.191400
v -29.097200 98.275200 1.670200
v -29.315500 98.216698 1.492300
v -29.484200 98.171501 1.261000
v -29.593300 98.142197 0.994200
v -27.470400 90.740700 0.958200
v -25.009899 82.009499 0.927100
v -23.811800 82.330498 1.443800
v -24.008900 82.277702 1.525400
v -26.100800 91.107697 1.548900
v -26.326200 91.047302 1.642200
v -24.221300 82.220802 1.552600
v -26.568899 90.982300 1.673300
v -28.025700 98.562302 1.670200
v -28.283701 98.493103 1.776900
v -28.561501 98.418701 1.812500
v -28.839300 98.344299 1.776900
v -26.811600 90.917198 1.642200
v -24.433599 82.163902 1.525400
v -23.432600 82.432098 0.927100
v -25.667299 91.223801 0.958200
v -23.516001 82.409798 1.131100
v -25.762699 91.198303 1.191400
v -27.529699 98.695198 0.994200
v -27.638800 98.665901 1.261000
v -27.807501 98.620697 1.492300
v -25.910101 91.158798 1.393500
v -23.644899 82.375198 1.307800
v -4.014500 8.728700 0.211100
v -4.153500 8.691400 0.097800
v -3.907100 8.757500 0.358300
v -3.983800 8.736900 0.179200
v -4.131600 8.697300 0.058600
v -3.869500 8.767500 0.335900
v -3.812300 8.782900 0.709500
v -3.837600 8.776100 0.528300
v -3.768700 8.794600 0.709500
v -3.795500 8.787400 0.516700
v -3.681300 8.818000 0.709500
v -3.711400 8.809900 0.493500
v -3.753500 8.798600 0.505100
v -3.725000 8.806300 0.709500
v -3.794300 8.787700 0.290900
v -3.831900 8.777600 0.313400
v -3.922300 8.753400 0.115300
v -4.088000 8.709000 -0.019700
v -4.109800 8.703100 0.019500
v -3.953000 8.745200 0.147300
v -3.837600 8.776100 0.890800
v -3.907100 8.757500 1.060700
v -3.795500 8.787400 0.902400
v -3.869500 8.767500 1.083200
v -4.153500 8.691400 1.321300
v -4.014500 8.728700 1.208000
v -4.131600 8.697300 1.360400
v -3.983800 8.736900 1.239900
v -4.088000 8.709000 1.438700
v -3.922300 8.753400 1.303700
v -3.953000 8.745200 1.271800
v -4.109800 8.703100 1.399600
v -3.794300 8.787700 1.128200
v -3.831900 8.777600 1.105700
v -3.711400 8.809900 0.925600
v -3.753500 8.798600 0.914000
v -4.317700 8.647400 1.389200
v -4.494600 8.600000 1.411900
v -4.306400 8.650500 1.432700
v -4.494600 8.600000 1.456800
v -4.835800 8.508600 1.321300
v -4.671500 8.552600 1.389200
v -4.857600 8.502800 1.360400
v -4.682900 8.549600 1.432700
v -4.901300 8.491100 1.438700
v -4.705500 8.543500 1.519800
v -4.694200 8.546600 1.476300
v -4.879500 8.496900 1.399600
v -4.494600 8.600000 1.546800
v -4.494600 8.600000 1.501800
v -4.283800 8.656500 1.519800
v -4.295100 8.653500 1.476300
v -4.974800 8.471400 1.208000
v -5.082200 8.442600 1.060700
v -5.005500 8.463100 1.239900
v -5.119800 8.432500 1.083200
v -5.176900 8.417200 0.709500
v -5.151700 8.424000 0.890800
v -5.220600 8.405500 0.709500
v -5.193700 8.412700 0.902400
v -5.308000 8.382100 0.709500
v -5.277900 8.390200 0.925600
v -5.235800 8.401400 0.914000
v -5.264300 8.393800 0.709500
v -5.195000 8.412400 1.128200
v -5.157400 8.422400 1.105700
v -5.067000 8.446700 1.303700
v -5.036300 8.454900 1.271800
v -5.151700 8.424000 0.528300
v -5.082200 8.442600 0.358300
v -5.193700 8.412700 0.516700
v -5.119800 8.432500 0.335900
v -4.835800 8.508600 0.097800
v -4.974800 8.471400 0.211100
v -4.857600 8.502800 0.058600
v -5.005500 8.463100 0.179200
v -4.901300 8.491100 -0.019700
v -5.067000 8.446700 0.115300
v -5.036300 8.454900 0.147300
v -4.879500 8.496900 0.019500
v -5.195000 8.412400 0.290900
v -5.157400 8.422400 0.313400
v -5.277900 8.390200 0.493500
v -5.235800 8.401400 0.505100
v -4.671500 8.552600 0.029800
v -4.494600 8.600000 0.007200
v -4.682900 8.549600 -0.013700
v -4.494600 8.600000 -0.037800
v -4.317700 8.647400 0.029800
v -4.306400 8.650500 -0.013700
v -4.283800 8.656500 -0.100700
v -4.295100 8.653500 -0.057200
v -4.494600 8.600000 -0.127700
v -4.494600 8.600000 -0.082800
v -4.705500 8.543500 -0.100700
v -4.694200 8.546600 -0.057200
v -3.721100 8.002400 0.115300
v -3.886700 7.958000 -0.019700
v -3.593000 8.036700 0.290900
v -3.519800 7.251400 0.115300
v -3.685500 7.207000 -0.019700
v -3.391800 7.285700 0.290900
v -3.480100 8.067000 0.709500
v -3.510200 8.058900 0.493500
v -3.278800 7.315900 0.709500
v -3.309000 7.307900 0.493500
v -2.876400 5.813900 0.709500
v -2.906500 5.805800 0.493500
v -3.107700 6.556800 0.493500
v -3.077600 6.564900 0.709500
v -2.989300 5.783600 0.290900
v -3.190600 6.534600 0.290900
v -3.117300 5.749300 0.115300
v -3.283000 5.704900 -0.019700
v -3.484300 6.455900 -0.019700
v -3.318600 6.500300 0.115300
v -3.510200 8.058900 0.925600
v -3.593000 8.036700 1.128200
v -3.309000 7.307900 0.925600
v -3.391800 7.285700 1.128200
v -3.886700 7.958000 1.438700
v -3.721100 8.002400 1.303700
v -3.685500 7.207000 1.438700
v -3.519800 7.251400 1.303700
v -3.283000 5.704900 1.438700
v -3.117300 5.749300 1.303700
v -3.318600 6.500300 1.303700
v -3.484300 6.455900 1.438700
v -2.989300 5.783600 1.128200
v -3.190600 6.534600 1.128200
v -2.906500 5.805800 0.925600
v -3.107700 6.556800 0.925600
v -4.082500 7.905500 1.519800
v -4.293400 7.849000 1.546800
v -3.881300 7.154500 1.519800
v -4.092200 7.098000 1.546800
v -4.700100 7.740100 1.438700
v -4.504300 7.792500 1.519800
v -4.498800 6.989000 1.438700
v -4.303000 7.041500 1.519800
v -4.096400 5.487000 1.438700
v -3.900600 5.539500 1.519800
v -4.101800 6.290500 1.519800
v -4.297600 6.238000 1.438700
v -3.689700 5.596000 1.546800
v -3.890900 6.347000 1.546800
v -3.478800 5.652500 1.519800
v -3.680100 6.403500 1.519800
v -4.865800 7.695700 1.303700
v -4.993800 7.661400 1.128200
v -4.664500 6.944600 1.303700
v -4.792500 6.910300 1.128200
v -5.106700 7.631100 0.709500
v -5.076600 7.639200 0.925600
v -4.905500 6.880100 0.709500
v -4.875400 6.888100 0.925600
v -4.503000 5.378000 0.709500
v -4.472900 5.386100 0.925600
v -4.674200 6.137100 0.925600
v -4.704300 6.129000 0.709500
v -4.390100 5.408300 1.128200
v -4.591300 6.159300 1.128200
v -4.262000 5.442600 1.303700
v -4.463300 6.193600 1.303700
v -5.076600 7.639200 0.493500
v -4.993800 7.661400 0.290900
v -4.875400 6.888100 0.493500
v -4.792500 6.910300 0.290900
v -4.700100 7.740100 -0.019700
v -4.865800 7.695700 0.115300
v -4.498800 6.989000 -0.019700
v -4.664500 6.944600 0.115300
v -4.096400 5.487000 -0.019700
v -4.262000 5.442600 0.115300
v -4.463300 6.193600 0.115300
v -4.297600 6.238000 -0.019700
v -4.390100 5.408300 0.290900
v -4.591300 6.159300 0.290900
v -4.472900 5.386100 0.493500
v -4.674200 6.137100 0.493500
v -4.504300 7.792500 -0.100700
v -4.293400 7.849000 -0.127700
v -4.303000 7.041500 -0.100700
v -4.092200 7.098000 -0.127700
v -4.082500 7.905500 -0.100700
v -3.881300 7.154500 -0.100700
v -3.478800 5.652500 -0.100700
v -3.680100 6.403500 -0.100700
v -3.689700 5.596000 -0.127700
v -3.890900 6.347000 -0.127700
v -3.900600 5.539500 -0.100700
v -4.101800 6.290500 -0.100700
v -3.123700 5.591600 0.162400
v -3.276200 5.550700 0.038100
v -3.005800 5.623200 0.324100
v -3.130000 5.433800 0.209500
v -3.269400 5.396500 0.095800
v -3.022200 5.462700 0.357200
v -2.901800 5.651000 0.709500
v -2.929500 5.643600 0.510600
v -2.927200 5.488200 0.709500
v -2.952500 5.481400 0.527700
v -2.978000 5.162400 0.709500
v -2.998600 5.156900 0.561900
v -2.975500 5.319100 0.544800
v -2.952600 5.325300 0.709500
v -3.055200 5.141700 0.423500
v -3.038700 5.302200 0.390400
v -3.142600 5.118300 0.303600
v -3.255800 5.088000 0.211300
v -3.262600 5.242200 0.153600
v -3.136300 5.276100 0.256500
v -2.929500 5.643600 0.908500
v -3.005800 5.623200 1.095000
v -2.952500 5.481400 0.891400
v -3.022200 5.462700 1.061800
v -3.276200 5.550700 1.381000
v -3.123700 5.591600 1.256600
v -3.269400 5.396500 1.323200
v -3.130000 5.433800 1.209600
v -3.255800 5.088000 1.207700
v -3.142600 5.118300 1.115500
v -3.136300 5.276100 1.162500
v -3.262600 5.242200 1.265500
v -3.055200 5.141700 0.995500
v -3.038700 5.302200 1.028700
v -2.998600 5.156900 0.857100
v -2.975500 5.319100 0.874300
v -3.456500 5.502400 1.455600
v -3.650700 5.450400 1.480500
v -3.434200 5.352300 1.391400
v -3.611700 5.304800 1.414100
v -4.025100 5.350000 1.381000
v -3.844800 5.398300 1.455600
v -3.953900 5.213000 1.323200
v -3.789100 5.257200 1.391400
v -3.811500 4.939100 1.207700
v -3.677700 4.974900 1.263100
v -3.733400 5.116100 1.327200
v -3.882700 5.076100 1.265500
v -3.533600 5.013500 1.281500
v -3.572700 5.159100 1.347800
v -3.389600 5.052100 1.263100
v -3.411900 5.202200 1.327200
v -4.177700 5.309100 1.256600
v -4.295600 5.277600 1.095000
v -4.093400 5.175700 1.209600
v -4.201100 5.146800 1.061800
v -4.399600 5.249700 0.709500
v -4.371900 5.257100 0.908500
v -4.296200 5.121300 0.709500
v -4.270800 5.128100 0.891400
v -4.089300 4.864700 0.709500
v -4.068700 4.870200 0.857100
v -4.169800 4.999100 0.874300
v -4.192700 4.993000 0.709500
v -4.012100 4.885300 0.995500
v -4.106600 5.016100 1.028700
v -3.924700 4.908800 1.115500
v -4.009000 5.042200 1.162500
v -4.371900 5.257100 0.510600
v -4.295600 5.277600 0.324100
v -4.270800 5.128100 0.527700
v -4.201100 5.146800 0.357200
v -4.025100 5.350000 0.038100
v -4.177700 5.309100 0.162400
v -3.953900 5.213000 0.095800
v -4.093400 5.175700 0.209500
v -3.811500 4.939100 0.211300
v -3.924700 4.908800 0.303600
v -4.009000 5.042200 0.256500
v -3.882700 5.076100 0.153600
v -4.012100 4.885300 0.423500
v -4.106600 5.016100 0.390400
v -4.068700 4.870200 0.561900
v -4.169800 4.999100 0.544800
v -3.844800 5.398300 -0.036500
v -3.650700 5.450400 -0.061400
v -3.789100 5.257200 0.027600
v -3.611700 5.304800 0.004900
v -3.456500 5.502400 -0.036500
v -3.434200 5.352300 0.027600
v -3.389600 5.052100 0.156000
v -3.411900 5.202200 0.091800
v -3.533600 5.013500 0.137500
v -3.572700 5.159100 0.071200
v -3.677700 4.974900 0.156000
v -3.733400 5.116100 0.091800
v -3.137700 4.253000 0.303600
v -3.251000 4.230200 0.211300
v -3.050200 4.270600 0.423500
v -3.132900 3.387700 0.303600
v -3.246100 3.372500 0.211300
v -3.045300 3.399400 0.423500
v -2.973000 4.286100 0.709500
v -2.993600 4.281900 0.561900
v -2.968100 3.409700 0.709500
v -2.988700 3.407000 0.561900
v -2.958200 1.657000 0.709500
v -2.978800 1.657000 0.561900
v -2.983800 2.532000 0.561900
v -2.963200 2.533400 0.709500
v -3.035500 1.657000 0.423500
v -3.040400 2.528200 0.423500
v -3.123100 1.657000 0.303600
v -3.236500 1.657000 0.211300
v -3.241300 2.514800 0.211300
v -3.128000 2.522300 0.303600
v -2.993600 4.281900 0.857100
v -3.050200 4.270600 0.995500
v -2.988700 3.407000 0.857100
v -3.045300 3.399400 0.995500
v -3.251000 4.230200 1.207700
v -3.137700 4.253000 1.115500
v -3.246100 3.372500 1.207700
v -3.132900 3.387700 1.115500
v -3.236500 1.657000 1.207700
v -3.123100 1.657000 1.115500
v -3.128000 2.522400 1.115500
v -3.241300 2.514800 1.207700
v -3.035500 1.657000 0.995500
v -3.040400 2.528200 0.995500
v -2.978800 1.657000 0.857100
v -2.983800 2.532000 0.857100
v -3.384800 4.203400 1.263100
v -3.528900 4.174400 1.281500
v -3.380000 3.354600 1.263100
v -3.524200 3.335300 1.281500
v -3.806800 4.118600 1.207700
v -3.673000 4.145500 1.263100
v -3.802200 3.298100 1.207700
v -3.668300 3.316000 1.263100
v -3.793000 1.657000 1.207700
v -3.659000 1.657000 1.263100
v -3.663700 2.486500 1.263100
v -3.797600 2.477500 1.207700
v -3.514700 1.657000 1.281500
v -3.519400 2.496200 1.281500
v -3.370400 1.657000 1.263100
v -3.375200 2.505800 1.263100
v -3.920100 4.095800 1.115500
v -4.007600 4.078300 0.995500
v -3.915500 3.282900 1.115500
v -4.003000 3.271200 0.995500
v -4.084800 4.062700 0.709500
v -4.064200 4.066900 0.857100
v -4.080300 3.260800 0.709500
v -4.059700 3.263600 0.857100
v -4.071200 1.657000 0.709500
v -4.050600 1.657000 0.857100
v -4.055100 2.460300 0.857100
v -4.075700 2.458900 0.709500
v -3.993900 1.657000 0.995500
v -3.998500 2.464100 0.995500
v -3.906300 1.657000 1.115500
v -3.910900 2.470000 1.115500
v -4.064200 4.066900 0.561900
v -4.007600 4.078300 0.423500
v -4.059700 3.263600 0.561900
v -4.003000 3.271200 0.423500
v -3.806800 4.118600 0.211300
v -3.920100 4.095800 0.303600
v -3.802200 3.298100 0.211300
v -3.915500 3.282900 0.303600
v -3.793000 1.657000 0.211300
v -3.906300 1.657000 0.303600
v -3.910900 2.470000 0.303600
v -3.797600 2.477500 0.211300
v -3.993900 1.657000 0.423500
v -3.998500 2.464100 0.423500
v -4.050600 1.657000 0.561900
v -4.055100 2.460300 0.561900
v -3.673000 4.145500 0.156000
v -3.528900 4.174400 0.137500
v -3.668300 3.316000 0.156000
v -3.524200 3.335300 0.137500
v -3.384800 4.203400 0.156000
v -3.380000 3.354600 0.156000
v -3.370400 1.657000 0.156000
v -3.375200 2.505800 0.156000
v -3.514700 1.657000 0.137500
v -3.519400 2.496200 0.137500
v -3.659000 1.657000 0.156000
v -3.663700 2.486500 0.156000
v -2.681300 1.656700 0.950000
v -2.728500 1.656700 1.137700
v -2.673100 1.656700 0.703500
v -2.736800 1.656800 0.837500
v -2.782600 1.656800 0.980800
v -2.714400 1.656700 0.704600
v -2.728500 1.656700 0.270800
v -2.681300 1.656700 0.457300
v -2.782600 1.656800 0.430800
v -2.736800 1.656800 0.572700
v -2.851100 1.656900 0.841300
v -2.794400 1.656800 0.706400
v -2.851100 1.656900 0.573600
v -3.214400 1.656700 0.043300
v -2.936000 1.656700 0.090000
v -3.582300 1.656700 0.036500
v -3.295300 1.656800 0.084500
v -3.079200 1.656800 0.128500
v -3.559400 1.656800 0.072000
v -4.219200 1.656700 0.090000
v -3.949300 1.656700 0.043300
v -4.032500 1.656800 0.128500
v -3.822000 1.656800 0.084500
v -3.731400 1.656900 0.121300
v -3.899300 1.656900 0.169300
v -3.536900 1.656900 0.105300
v -3.170800 1.656900 0.169300
v -3.341600 1.656900 0.121300
v -3.949300 1.656700 1.364800
v -4.219200 1.656700 1.318800
v -3.582300 1.656700 1.371500
v -3.822000 1.656800 1.327400
v -4.032500 1.656800 1.283900
v -3.559400 1.656800 1.339800
v -2.936000 1.656700 1.318800
v -3.214400 1.656700 1.364800
v -3.079200 1.656800 1.283900
v -3.295300 1.656800 1.327400
v -3.341600 1.656900 1.294200
v -3.170800 1.656900 1.246400
v -3.536900 1.656900 1.310100
v -3.899300 1.656900 1.246400
v -3.731400 1.656900 1.294200
v -4.015300 1.656900 1.166900
v -4.097300 1.656900 1.067500
v -4.139900 1.656900 1.202700
v -4.165100 1.656900 1.115600
v -4.229400 1.656900 0.841300
v -4.163500 1.656900 0.960300
v -4.337500 1.656800 0.980800
v -4.253000 1.656800 1.073700
v -4.296000 1.656800 1.207500
v -4.430900 1.656700 1.137700
v -4.229400 1.656900 0.573600
v -4.310700 1.656800 0.706400
v -4.337500 1.656800 0.430800
v -4.400400 1.656800 0.572700
v -4.400400 1.656800 0.837500
v -4.436000 1.656700 0.704600
v -4.430900 1.656700 0.270800
v -4.491900 1.656700 0.457300
v -4.503800 1.656700 0.703500
v -4.491900 1.656700 0.950000
v -4.163500 1.656900 0.455700
v -4.097300 1.656900 0.348900
v -4.253000 1.656800 0.339400
v -4.165100 1.656900 0.298600
v -4.015300 1.656900 0.249300
v -4.139900 1.656900 0.210600
v -4.296000 1.656800 0.203100
v -3.050100 1.656900 0.249300
v -2.965700 1.656900 0.348900
v -2.960400 1.656900 0.210600
v -2.923600 1.656900 0.298600
v -2.903800 1.656900 0.455700
v -2.849700 1.656800 0.339400
v -2.837400 1.656800 0.203100
v -2.903800 1.656900 0.960300
v -2.965700 1.656900 1.067500
v -2.849700 1.656800 1.073700
v -2.923600 1.656900 1.115600
v -3.050100 1.656900 1.166900
v -2.960400 1.656900 1.202700
v -2.837400 1.656800 1.207500
v 4.226400 0.768900 1.404300
v 4.040900 1.048100 1.404300
v 2.133000 0.280600 1.404300
v 1.933400 0.723300 1.404300
v 3.911000 1.347400 1.404300
v 1.785600 1.185100 1.404300
v -0.232100 1.044600 1.404300
v -0.018000 0.420900 1.404300
v 0.125200 -0.226000 1.404300
v 4.807100 0.216100 0.000000
v 5.202200 -0.057400 0.000000
v 3.104200 -0.374800 0.000000
v 3.902800 -0.582100 0.000000
v 5.653000 -0.310900 0.000000
v 4.807100 -0.759500 0.000000
v 3.961200 -1.208000 0.000000
v 2.597900 -1.116800 0.000000
v 1.379300 -1.005700 0.000000
v -29.791201 105.349503 0.386500
v -29.853100 105.332901 0.073700
v -30.376499 105.192596 0.386500
v -30.376499 105.192596 0.068600
v -29.948799 105.307198 -0.219000
v -30.376499 105.192596 -0.239200
v -30.804300 105.078003 -0.219000
v -30.900000 105.052399 0.073700
v -30.961901 105.035797 0.386500
vt 0.664300 0.742100
vt 0.664300 0.754700
vt 0.633200 0.747900
vt 0.633200 0.728500
vt 0.664300 0.767300
vt 0.633200 0.767300
vt 0.602400 0.741100
vt 0.602100 0.714900
vt 0.602500 0.767300
vt 0.664300 0.779900
vt 0.664300 0.792500
vt 0.633200 0.806100
vt 0.633200 0.786700
vt 0.602100 0.819700
vt 0.602400 0.793500
vt 0.540000 0.846800
vt 0.543300 0.805400
vt 0.572000 0.800300
vt 0.571000 0.833200
vt 0.544000 0.767300
vt 0.572500 0.767300
vt 0.543300 0.729200
vt 0.540000 0.687800
vt 0.571000 0.701400
vt 0.572000 0.734300
vt 0.023400 0.560300
vt 0.054500 0.546800
vt 0.054500 0.566200
vt 0.023400 0.572900
vt 0.085600 0.533200
vt 0.085300 0.559400
vt 0.054500 0.585600
vt 0.023400 0.585600
vt 0.085200 0.585600
vt 0.116600 0.519600
vt 0.147700 0.506000
vt 0.144400 0.547500
vt 0.115700 0.552600
vt 0.143700 0.585600
vt 0.115200 0.585600
vt 0.147700 0.665100
vt 0.116600 0.651500
vt 0.115700 0.618500
vt 0.144400 0.623600
vt 0.085600 0.637900
vt 0.085300 0.611700
vt 0.054500 0.624300
vt 0.023400 0.610800
vt 0.023400 0.598200
vt 0.054500 0.604900
vt 0.066800 0.853600
vt 0.096100 0.853600
vt 0.096100 0.868200
vt 0.066800 0.868200
vt 0.125400 0.853600
vt 0.125100 0.868200
vt 0.096100 0.882800
vt 0.066800 0.882800
vt 0.125000 0.882800
vt 0.154700 0.853600
vt 0.184000 0.853600
vt 0.180000 0.868200
vt 0.153600 0.868200
vt 0.179200 0.882800
vt 0.153000 0.882800
vt 0.184000 0.911900
vt 0.154700 0.911900
vt 0.153600 0.897300
vt 0.180000 0.897300
vt 0.125400 0.911900
vt 0.125100 0.897300
vt 0.096100 0.911900
vt 0.066800 0.911900
vt 0.066800 0.897300
vt 0.096100 0.897300
vt 0.023600 0.923000
vt 0.037000 0.923000
vt 0.037000 0.937500
vt 0.023600 0.937500
vt 0.050500 0.923000
vt 0.050500 0.937500
vt 0.037000 0.952100
vt 0.023600 0.952100
vt 0.050500 0.952100
vt 0.064000 0.923000
vt 0.077400 0.923000
vt 0.077400 0.937500
vt 0.064000 0.937500
vt 0.077400 0.952100
vt 0.064000 0.952100
vt 0.077400 0.981200
vt 0.064000 0.981200
vt 0.064000 0.966600
vt 0.077400 0.966600
vt 0.050500 0.981200
vt 0.050500 0.966600
vt 0.037000 0.981200
vt 0.023600 0.981200
vt 0.023600 0.966600
vt 0.037000 0.966600
vt 0.109400 0.923000
vt 0.198400 0.923000
vt 0.198400 0.937500
vt 0.109400 0.937500
vt 0.287300 0.923000
vt 0.287300 0.937500
vt 0.198400 0.952100
vt 0.109400 0.952100
vt 0.287300 0.952100
vt 0.376300 0.923000
vt 0.465300 0.923000
vt 0.465300 0.937500
vt 0.376300 0.937500
vt 0.465300 0.952100
vt 0.376300 0.952100
vt 0.465300 0.981200
vt 0.376300 0.981200
vt 0.376300 0.966600
vt 0.465300 0.966600
vt 0.287300 0.981200
vt 0.287300 0.966600
vt 0.198400 0.981200
vt 0.109400 0.981200
vt 0.109400 0.966600
vt 0.198400 0.966600
vt 0.023200 0.853600
vt 0.034100 0.853600
vt 0.034100 0.868200
vt 0.023200 0.868200
vt 0.045000 0.853600
vt 0.045000 0.868200
vt 0.034100 0.882800
vt 0.023200 0.882800
vt 0.045000 0.882800
vt 0.055900 0.853600
vt 0.055900 0.868200
vt 0.055900 0.882800
vt 0.055900 0.911900
vt 0.055900 0.897300
vt 0.045000 0.911900
vt 0.045000 0.897300
vt 0.034100 0.911900
vt 0.023200 0.911900
vt 0.023200 0.897300
vt 0.034100 0.897300
vt 0.516500 0.846800
vt 0.517400 0.807100
vt 0.493000 0.846800
vt 0.490600 0.807600
vt 0.517900 0.767300
vt 0.489500 0.768100
vt 0.469500 0.846800
vt 0.446000 0.846800
vt 0.410200 0.812300
vt 0.459200 0.809100
vt 0.401700 0.776200
vt 0.454000 0.770400
vt 0.446000 0.687800
vt 0.469500 0.687800
vt 0.459200 0.729600
vt 0.408100 0.737400
vt 0.493000 0.687800
vt 0.490600 0.728100
vt 0.516500 0.687800
vt 0.517400 0.727500
vt 0.171200 0.506000
vt 0.170300 0.545800
vt 0.194700 0.506000
vt 0.197000 0.546300
vt 0.169800 0.585600
vt 0.198200 0.586300
vt 0.218200 0.506000
vt 0.241700 0.506000
vt 0.279600 0.555600
vt 0.228500 0.547900
vt 0.286000 0.594500
vt 0.233700 0.588700
vt 0.241700 0.665100
vt 0.218200 0.665100
vt 0.228500 0.627400
vt 0.277500 0.630500
vt 0.194700 0.665100
vt 0.197000 0.625800
vt 0.171200 0.665100
vt 0.170300 0.625300
vt 0.204300 0.853600
vt 0.203100 0.868200
vt 0.224600 0.853600
vt 0.226100 0.868200
vt 0.202600 0.882800
vt 0.226900 0.882800
vt 0.244900 0.853600
vt 0.265100 0.853600
vt 0.291000 0.868200
vt 0.252200 0.868200
vt 0.296500 0.882800
vt 0.255900 0.882800
vt 0.265100 0.911900
vt 0.244900 0.911900
vt 0.252200 0.897300
vt 0.291000 0.897300
vt 0.224600 0.911900
vt 0.226100 0.897300
vt 0.204300 0.911900
vt 0.203100 0.897300
vt 0.546400 0.923000
vt 0.575700 0.923000
vt 0.575700 0.937500
vt 0.546400 0.937500
vt 0.605000 0.923000
vt 0.605000 0.937500
vt 0.575700 0.952100
vt 0.546400 0.952100
vt 0.605000 0.952100
vt 0.634300 0.923000
vt 0.663600 0.923000
vt 0.663600 0.937500
vt 0.634300 0.937500
vt 0.663600 0.952100
vt 0.634300 0.952100
vt 0.663600 0.981200
vt 0.634300 0.981200
vt 0.634300 0.966600
vt 0.663600 0.966600
vt 0.605000 0.981200
vt 0.605000 0.966600
vt 0.575700 0.981200
vt 0.546400 0.981200
vt 0.546400 0.966600
vt 0.575700 0.966600
vt 0.085400 0.923000
vt 0.085400 0.937500
vt 0.093400 0.923000
vt 0.093400 0.937500
vt 0.085400 0.952100
vt 0.093400 0.952100
vt 0.101400 0.923000
vt 0.101400 0.937500
vt 0.101400 0.952100
vt 0.101400 0.981200
vt 0.101400 0.966600
vt 0.093400 0.981200
vt 0.093400 0.966600
vt 0.085400 0.981200
vt 0.085400 0.966600
vt 0.582700 0.853600
vt 0.604200 0.853600
vt 0.604200 0.868200
vt 0.582700 0.868200
vt 0.625700 0.853600
vt 0.625700 0.868200
vt 0.604200 0.882800
vt 0.582700 0.882800
vt 0.625700 0.882800
vt 0.647300 0.853600
vt 0.668800 0.853600
vt 0.668800 0.868200
vt 0.647300 0.868200
vt 0.668800 0.882800
vt 0.647300 0.882800
vt 0.668800 0.911900
vt 0.647300 0.911900
vt 0.647300 0.897300
vt 0.668800 0.897300
vt 0.625700 0.911900
vt 0.625700 0.897300
vt 0.604200 0.911900
vt 0.582700 0.911900
vt 0.582700 0.897300
vt 0.604200 0.897300
vt 0.343000 0.846800
vt 0.331100 0.817400
vt 0.240100 0.846800
vt 0.234200 0.824200
vt 0.322900 0.787500
vt 0.227600 0.802000
vt 0.137100 0.846800
vt 0.034100 0.846800
vt 0.027600 0.840300
vt 0.132200 0.832000
vt 0.021000 0.833700
vt 0.125900 0.817600
vt 0.007900 0.820700
vt 0.104900 0.791100
vt 0.117000 0.804200
vt 0.014500 0.827200
vt 0.203700 0.762500
vt 0.219700 0.780800
vt 0.309100 0.731300
vt 0.322500 0.756500
vt 0.333500 0.506000
vt 0.425400 0.537300
vt 0.378600 0.549500
vt 0.425400 0.506000
vt 0.490300 0.531900
vt 0.514600 0.567600
vt 0.484000 0.580800
vt 0.554600 0.557600
vt 0.517300 0.506000
vt 0.609200 0.506000
vt 0.626800 0.523700
vt 0.557900 0.527600
vt 0.644500 0.541300
vt 0.598500 0.549100
vt 0.679700 0.576600
vt 0.679700 0.592200
vt 0.639100 0.570600
vt 0.662100 0.558900
vt 0.679700 0.607700
vt 0.617500 0.582800
vt 0.679700 0.623300
vt 0.679700 0.638900
vt 0.582700 0.609400
vt 0.598500 0.595900
vt 0.344500 0.853600
vt 0.351900 0.868200
vt 0.423900 0.853600
vt 0.425700 0.868200
vt 0.355600 0.882800
vt 0.426700 0.882800
vt 0.503300 0.853600
vt 0.503300 0.868200
vt 0.503300 0.882800
vt 0.503300 0.911900
vt 0.503300 0.897300
vt 0.423900 0.911900
vt 0.425700 0.897300
vt 0.344500 0.911900
vt 0.351900 0.897300
vt 0.012300 0.042200
vt 0.012300 0.035500
vt 0.257200 0.035500
vt 0.257200 0.042200
vt 0.012300 0.028800
vt 0.257200 0.028800
vt 0.502200 0.035500
vt 0.502200 0.042200
vt 0.502200 0.028800
vt 0.012300 0.022000
vt 0.012300 0.015300
vt 0.257200 0.015300
vt 0.257200 0.022000
vt 0.502200 0.015300
vt 0.502200 0.022000
vt 0.992000 0.015300
vt 0.992000 0.022000
vt 0.747100 0.022000
vt 0.747100 0.015300
vt 0.992000 0.028800
vt 0.747100 0.028800
vt 0.992000 0.035500
vt 0.992000 0.042200
vt 0.747100 0.042200
vt 0.747100 0.035500
vt 0.012300 0.176700
vt 0.012300 0.169900
vt 0.257200 0.169900
vt 0.257200 0.176700
vt 0.012300 0.163200
vt 0.257200 0.163200
vt 0.502200 0.169900
vt 0.502200 0.176700
vt 0.502200 0.163200
vt 0.012300 0.156500
vt 0.012300 0.149800
vt 0.257200 0.149800
vt 0.257200 0.156500
vt 0.502200 0.149800
vt 0.502200 0.156500
vt 0.992000 0.149800
vt 0.992000 0.156500
vt 0.747100 0.156500
vt 0.747100 0.149800
vt 0.992000 0.163200
vt 0.747100 0.163200
vt 0.992000 0.169900
vt 0.992000 0.176700
vt 0.747100 0.176700
vt 0.747100 0.169900
vt 0.012300 0.143000
vt 0.257200 0.143000
vt 0.012300 0.136300
vt 0.257200 0.136300
vt 0.502200 0.143000
vt 0.502200 0.136300
vt 0.012300 0.129600
vt 0.012300 0.122900
vt 0.257200 0.122900
vt 0.257200 0.129600
vt 0.502200 0.122900
vt 0.502200 0.129600
vt 0.992000 0.122900
vt 0.992000 0.129600
vt 0.747100 0.129600
vt 0.747100 0.122900
vt 0.992000 0.136300
vt 0.747100 0.136300
vt 0.992000 0.143000
vt 0.747100 0.143000
vt 0.012300 0.116200
vt 0.257200 0.116200
vt 0.012300 0.109400
vt 0.257200 0.109400
vt 0.502200 0.116200
vt 0.502200 0.109400
vt 0.012300 0.102700
vt 0.012300 0.096000
vt 0.257200 0.096000
vt 0.257200 0.102700
vt 0.502200 0.096000
vt 0.502200 0.102700
vt 0.992000 0.096000
vt 0.992000 0.102700
vt 0.747100 0.102700
vt 0.747100 0.096000
vt 0.992000 0.109400
vt 0.747100 0.109400
vt 0.992000 0.116200
vt 0.747100 0.116200
vt 0.012300 0.089300
vt 0.257200 0.089300
vt 0.012300 0.082500
vt 0.257200 0.082500
vt 0.502200 0.089300
vt 0.502200 0.082500
vt 0.012300 0.075800
vt 0.012300 0.069100
vt 0.257200 0.069100
vt 0.257200 0.075800
vt 0.502200 0.069100
vt 0.502200 0.075800
vt 0.992000 0.069100
vt 0.992000 0.075800
vt 0.747100 0.075800
vt 0.747100 0.069100
vt 0.992000 0.082500
vt 0.747100 0.082500
vt 0.992000 0.089300
vt 0.747100 0.089300
vt 0.012300 0.062400
vt 0.257200 0.062400
vt 0.012300 0.055700
vt 0.257200 0.055700
vt 0.502200 0.062400
vt 0.502200 0.055700
vt 0.012300 0.048900
vt 0.257200 0.048900
vt 0.502200 0.048900
vt 0.992000 0.048900
vt 0.747100 0.048900
vt 0.992000 0.055700
vt 0.747100 0.055700
vt 0.992000 0.062400
vt 0.747100 0.062400
vt 0.798500 0.760600
vt 0.798500 0.822200
vt 0.773500 0.825800
vt 0.773500 0.775100
vt 0.798500 0.876500
vt 0.773500 0.876500
vt 0.748400 0.833100
vt 0.748400 0.789600
vt 0.748400 0.876500
vt 0.798500 0.930800
vt 0.798500 0.992400
vt 0.773400 0.977900
vt 0.773400 0.927200
vt 0.748400 0.963400
vt 0.748400 0.920000
vt 0.698200 0.934500
vt 0.698200 0.905500
vt 0.723300 0.912700
vt 0.723300 0.948900
vt 0.698200 0.876500
vt 0.723300 0.876500
vt 0.698200 0.847500
vt 0.698200 0.818600
vt 0.723300 0.804100
vt 0.723300 0.840300
vt 0.021700 0.320400
vt 0.263200 0.314300
vt 0.263400 0.322500
vt 0.021800 0.327100
vt 0.504800 0.308200
vt 0.505000 0.318000
vt 0.263500 0.330800
vt 0.021900 0.333900
vt 0.505200 0.327800
vt 0.746400 0.302100
vt 0.988100 0.296000
vt 0.988300 0.308800
vt 0.746700 0.313400
vt 0.988500 0.321700
vt 0.746800 0.324700
vt 0.988800 0.347400
vt 0.747000 0.347400
vt 0.746900 0.336000
vt 0.988600 0.334500
vt 0.505300 0.347400
vt 0.505300 0.337600
vt 0.263700 0.347400
vt 0.022100 0.347400
vt 0.022000 0.340600
vt 0.263600 0.339100
vt 0.020700 0.293400
vt 0.262000 0.281200
vt 0.262400 0.289500
vt 0.021000 0.300100
vt 0.503300 0.269000
vt 0.503800 0.278800
vt 0.262700 0.297700
vt 0.021200 0.306900
vt 0.504200 0.288600
vt 0.744700 0.256800
vt 0.986200 0.244600
vt 0.986700 0.257500
vt 0.745200 0.268100
vt 0.987200 0.270300
vt 0.745700 0.279400
vt 0.746100 0.290800
vt 0.987600 0.283100
vt 0.504500 0.298400
vt 0.021500 0.313600
vt 0.263000 0.306000
vt 0.019000 0.266500
vt 0.260000 0.248200
vt 0.260500 0.256400
vt 0.019400 0.273200
vt 0.501000 0.229900
vt 0.501600 0.239700
vt 0.261000 0.264700
vt 0.019900 0.279900
vt 0.502200 0.249400
vt 0.742000 0.211600
vt 0.982900 0.193300
vt 0.983800 0.206200
vt 0.742700 0.222900
vt 0.984600 0.219000
vt 0.743400 0.234200
vt 0.744100 0.245500
vt 0.985400 0.231800
vt 0.502800 0.259200
vt 0.020300 0.286700
vt 0.261500 0.272900
vt 0.020700 0.401300
vt 0.262000 0.413500
vt 0.261500 0.421800
vt 0.020300 0.408100
vt 0.503300 0.425700
vt 0.502800 0.435500
vt 0.261000 0.430000
vt 0.019900 0.414800
vt 0.502200 0.445300
vt 0.744700 0.437900
vt 0.986200 0.450100
vt 0.985400 0.462900
vt 0.744100 0.449200
vt 0.984600 0.475700
vt 0.743400 0.460500
vt 0.983000 0.501400
vt 0.742000 0.483100
vt 0.742700 0.471800
vt 0.983800 0.488600
vt 0.501000 0.464800
vt 0.501600 0.455100
vt 0.260000 0.446600
vt 0.019000 0.428300
vt 0.019400 0.421500
vt 0.260500 0.438300
vt 0.021700 0.374400
vt 0.263200 0.380500
vt 0.263000 0.388700
vt 0.021500 0.381100
vt 0.504800 0.386500
vt 0.504500 0.396300
vt 0.262700 0.397000
vt 0.021200 0.387800
vt 0.504200 0.406100
vt 0.746400 0.392600
vt 0.988100 0.398700
vt 0.987700 0.411600
vt 0.746100 0.404000
vt 0.987200 0.424400
vt 0.745700 0.415300
vt 0.745200 0.426600
vt 0.986700 0.437300
vt 0.503800 0.415900
vt 0.021000 0.394600
vt 0.262400 0.405300
vt 0.263600 0.355600
vt 0.022000 0.354100
vt 0.505300 0.357200
vt 0.263500 0.363900
vt 0.021900 0.360900
vt 0.505200 0.367000
vt 0.988600 0.360200
vt 0.746900 0.358700
vt 0.988500 0.373100
vt 0.746800 0.370000
vt 0.746700 0.381300
vt 0.988300 0.385900
vt 0.505000 0.376800
vt 0.021800 0.367600
vt 0.263400 0.372200
vt 0.700800 0.687600
vt 0.695200 0.684400
vt 0.695600 0.683700
vt 0.699600 0.688200
vt 0.689700 0.681200
vt 0.690200 0.680200
vt 0.696300 0.682900
vt 0.700500 0.687800
vt 0.690900 0.679100
vt 0.684100 0.678000
vt 0.678600 0.674800
vt 0.678600 0.676100
vt 0.684500 0.677300
vt 0.678600 0.675100
vt 0.684900 0.676300
vt 0.678600 0.667700
vt 0.685600 0.671800
vt 0.685300 0.674300
vt 0.678600 0.672800
vt 0.692700 0.675900
vt 0.691700 0.677600
vt 0.699800 0.680000
vt 0.706800 0.684100
vt 0.702500 0.686600
vt 0.697800 0.681500
vt 0.673000 0.678000
vt 0.672600 0.677300
vt 0.667500 0.681200
vt 0.666900 0.680200
vt 0.672300 0.676300
vt 0.666200 0.679100
vt 0.661900 0.684400
vt 0.656400 0.687600
vt 0.657500 0.688200
vt 0.661600 0.683700
vt 0.656700 0.687800
vt 0.660800 0.682900
vt 0.650300 0.684100
vt 0.657400 0.680000
vt 0.659300 0.681500
vt 0.654700 0.686600
vt 0.664400 0.675900
vt 0.665400 0.677600
vt 0.671500 0.671800
vt 0.671900 0.674300
vt 0.656400 0.694000
vt 0.655600 0.694000
vt 0.656400 0.700400
vt 0.655200 0.700400
vt 0.654500 0.693800
vt 0.653900 0.700400
vt 0.656400 0.706800
vt 0.656400 0.713200
vt 0.657500 0.712500
vt 0.655600 0.706800
vt 0.656700 0.713000
vt 0.654500 0.707000
vt 0.650300 0.716700
vt 0.650300 0.708600
vt 0.652600 0.707700
vt 0.654700 0.714200
vt 0.650300 0.700400
vt 0.652200 0.700400
vt 0.650300 0.692200
vt 0.652600 0.693100
vt 0.661900 0.716400
vt 0.661600 0.717100
vt 0.667500 0.719600
vt 0.666900 0.720600
vt 0.660800 0.717900
vt 0.666200 0.721700
vt 0.673000 0.722800
vt 0.678600 0.726000
vt 0.678600 0.724700
vt 0.672600 0.723400
vt 0.678600 0.725700
vt 0.672300 0.724500
vt 0.678600 0.733000
vt 0.671500 0.729000
vt 0.671900 0.726500
vt 0.678600 0.728000
vt 0.664400 0.724900
vt 0.665400 0.723200
vt 0.657400 0.720800
vt 0.659300 0.719200
vt 0.684100 0.722800
vt 0.684500 0.723400
vt 0.689700 0.719600
vt 0.690200 0.720600
vt 0.684900 0.724500
vt 0.690900 0.721700
vt 0.695200 0.716400
vt 0.700800 0.713200
vt 0.699600 0.712500
vt 0.695600 0.717100
vt 0.700400 0.713000
vt 0.696300 0.717900
vt 0.706800 0.716700
vt 0.699800 0.720800
vt 0.697800 0.719200
vt 0.702500 0.714200
vt 0.692700 0.724900
vt 0.691700 0.723200
vt 0.685600 0.729000
vt 0.685300 0.726500
vt 0.700800 0.706800
vt 0.701500 0.706800
vt 0.700800 0.700400
vt 0.701900 0.700400
vt 0.702600 0.707000
vt 0.703200 0.700400
vt 0.700800 0.694000
vt 0.701500 0.694000
vt 0.702600 0.693800
vt 0.706800 0.692200
vt 0.704500 0.693100
vt 0.706800 0.700400
vt 0.704900 0.700400
vt 0.706800 0.708600
vt 0.704500 0.707700
vt 0.717700 0.712600
vt 0.717700 0.703100
vt 0.747400 0.703100
vt 0.747400 0.712600
vt 0.717700 0.693500
vt 0.747400 0.693500
vt 0.777200 0.703100
vt 0.777200 0.712600
vt 0.777200 0.693500
vt 0.717700 0.684000
vt 0.717700 0.674400
vt 0.747400 0.674400
vt 0.747400 0.684000
vt 0.777200 0.674400
vt 0.777200 0.684000
vt 0.836700 0.674400
vt 0.836700 0.684000
vt 0.806900 0.684000
vt 0.806900 0.674400
vt 0.836700 0.693500
vt 0.806900 0.693500
vt 0.836700 0.703100
vt 0.836700 0.712600
vt 0.806900 0.712600
vt 0.806900 0.703100
vt 0.717700 0.664900
vt 0.747400 0.664900
vt 0.717700 0.655300
vt 0.747400 0.655300
vt 0.777200 0.664900
vt 0.777200 0.655300
vt 0.717700 0.645800
vt 0.717700 0.636200
vt 0.747400 0.636200
vt 0.747400 0.645800
vt 0.777200 0.636200
vt 0.777200 0.645800
vt 0.836700 0.636200
vt 0.836700 0.645800
vt 0.806900 0.645800
vt 0.806900 0.636200
vt 0.836700 0.655300
vt 0.806900 0.655300
vt 0.836700 0.664900
vt 0.806900 0.664900
vt 0.717700 0.626700
vt 0.747400 0.626700
vt 0.717700 0.617100
vt 0.747400 0.617100
vt 0.777200 0.626700
vt 0.777200 0.617100
vt 0.717700 0.607600
vt 0.717700 0.598000
vt 0.747400 0.598000
vt 0.747400 0.607600
vt 0.777200 0.598000
vt 0.777200 0.607600
vt 0.836700 0.598000
vt 0.836700 0.607600
vt 0.806900 0.607600
vt 0.806900 0.598000
vt 0.836700 0.617100
vt 0.806900 0.617100
vt 0.836700 0.626700
vt 0.806900 0.626700
vt 0.717700 0.588500
vt 0.747400 0.588500
vt 0.717700 0.578900
vt 0.747400 0.578900
vt 0.777200 0.588500
vt 0.777200 0.578900
vt 0.717700 0.569400
vt 0.717700 0.559900
vt 0.747400 0.559900
vt 0.747400 0.569400
vt 0.777200 0.559900
vt 0.777200 0.569400
vt 0.836700 0.559900
vt 0.836700 0.569400
vt 0.806900 0.569400
vt 0.806900 0.559900
vt 0.836700 0.578900
vt 0.806900 0.578900
vt 0.836700 0.588500
vt 0.806900 0.588500
vt 0.717700 0.550300
vt 0.747400 0.550300
vt 0.717700 0.540800
vt 0.747400 0.540800
vt 0.777200 0.550300
vt 0.777200 0.540800
vt 0.717700 0.531200
vt 0.717700 0.521700
vt 0.747400 0.521700
vt 0.747400 0.531200
vt 0.777200 0.521700
vt 0.777200 0.531200
vt 0.836700 0.521700
vt 0.836700 0.531200
vt 0.806900 0.531200
vt 0.806900 0.521700
vt 0.836700 0.540800
vt 0.806900 0.540800
vt 0.836700 0.550300
vt 0.806900 0.550300
vt 0.717700 0.750800
vt 0.717700 0.741300
vt 0.747400 0.741300
vt 0.747400 0.750800
vt 0.717700 0.731700
vt 0.747400 0.731700
vt 0.777200 0.741300
vt 0.777200 0.750800
vt 0.777200 0.731700
vt 0.717700 0.722200
vt 0.747400 0.722200
vt 0.777200 0.722200
vt 0.836700 0.722200
vt 0.806900 0.722200
vt 0.836700 0.731700
vt 0.806900 0.731700
vt 0.836700 0.741300
vt 0.836700 0.750800
vt 0.806900 0.750800
vt 0.806900 0.741300
vt 0.899100 0.799000
vt 0.896900 0.789700
vt 0.903300 0.787300
vt 0.906500 0.795300
vt 0.894700 0.780500
vt 0.901100 0.778900
vt 0.909500 0.785000
vt 0.912500 0.792300
vt 0.907400 0.777400
vt 0.892500 0.771200
vt 0.890300 0.761900
vt 0.898500 0.761900
vt 0.899300 0.770400
vt 0.905300 0.761900
vt 0.905900 0.769700
vt 0.916300 0.761900
vt 0.917800 0.768200
vt 0.912000 0.769000
vt 0.911400 0.761900
vt 0.919400 0.774600
vt 0.913400 0.776000
vt 0.920900 0.780900
vt 0.922400 0.787300
vt 0.917900 0.789500
vt 0.915300 0.782900
vt 0.892500 0.752600
vt 0.899300 0.753300
vt 0.894700 0.743300
vt 0.901100 0.744800
vt 0.905900 0.754100
vt 0.907400 0.746300
vt 0.896900 0.734000
vt 0.899100 0.724700
vt 0.906500 0.728500
vt 0.903300 0.736400
vt 0.912500 0.731500
vt 0.909500 0.738800
vt 0.922400 0.736500
vt 0.920900 0.742800
vt 0.915300 0.740900
vt 0.917900 0.734300
vt 0.919400 0.749200
vt 0.913400 0.747800
vt 0.917800 0.755500
vt 0.912000 0.754800
vt 0.905300 0.717400
vt 0.911000 0.721200
vt 0.911500 0.710200
vt 0.916500 0.714400
vt 0.916600 0.724800
vt 0.921400 0.718600
vt 0.917700 0.702900
vt 0.923800 0.695600
vt 0.928700 0.702200
vt 0.922300 0.707900
vt 0.932700 0.707700
vt 0.926800 0.712800
vt 0.939300 0.716600
vt 0.935000 0.721600
vt 0.931000 0.717300
vt 0.936300 0.712600
vt 0.930800 0.726500
vt 0.926200 0.722600
vt 0.926600 0.731500
vt 0.921700 0.728200
vt 0.932600 0.691900
vt 0.936100 0.697800
vt 0.941400 0.688200
vt 0.944000 0.694100
vt 0.939400 0.703500
vt 0.946500 0.700000
vt 0.950200 0.684500
vt 0.959000 0.680800
vt 0.960100 0.687200
vt 0.952000 0.690600
vt 0.961200 0.693600
vt 0.953800 0.696700
vt 0.963300 0.706500
vt 0.957300 0.709000
vt 0.955500 0.702900
vt 0.962200 0.700000
vt 0.951300 0.711500
vt 0.948900 0.705800
vt 0.945300 0.714100
vt 0.942400 0.708900
vt 0.959000 0.843000
vt 0.950200 0.839300
vt 0.952000 0.833200
vt 0.960100 0.836600
vt 0.941400 0.835600
vt 0.944000 0.829700
vt 0.953800 0.827000
vt 0.961200 0.830200
vt 0.946500 0.823800
vt 0.932600 0.831900
vt 0.923800 0.828200
vt 0.928700 0.821500
vt 0.936100 0.826000
vt 0.932700 0.816100
vt 0.939400 0.820200
vt 0.939300 0.807200
vt 0.945300 0.809700
vt 0.942400 0.814900
vt 0.936300 0.811200
vt 0.951300 0.812200
vt 0.948900 0.818000
vt 0.957300 0.814800
vt 0.963300 0.817300
vt 0.962200 0.823700
vt 0.955500 0.820900
vt 0.917700 0.820900
vt 0.922300 0.815800
vt 0.911500 0.813600
vt 0.916500 0.809400
vt 0.926800 0.811000
vt 0.921400 0.805200
vt 0.905300 0.806300
vt 0.911000 0.802600
vt 0.916600 0.799000
vt 0.926600 0.792200
vt 0.921700 0.795600
vt 0.930800 0.797200
vt 0.926200 0.801200
vt 0.935000 0.802200
vt 0.931000 0.806500
vt 0.848300 0.650400
vt 0.847500 0.644000
vt 0.880700 0.643900
vt 0.881500 0.650400
vt 0.846700 0.637500
vt 0.880100 0.637500
vt 0.913900 0.643900
vt 0.914500 0.650300
vt 0.913500 0.637500
vt 0.845800 0.631000
vt 0.845000 0.624600
vt 0.879300 0.624600
vt 0.879500 0.631000
vt 0.913100 0.624600
vt 0.913200 0.631000
vt 0.980200 0.624600
vt 0.980200 0.631000
vt 0.946700 0.631000
vt 0.946700 0.624600
vt 0.980200 0.637500
vt 0.946900 0.637500
vt 0.980200 0.644000
vt 0.980200 0.650400
vt 0.947300 0.650400
vt 0.947100 0.643900
vt 0.845800 0.618100
vt 0.879500 0.618100
vt 0.846700 0.611600
vt 0.880100 0.611600
vt 0.913200 0.618100
vt 0.913500 0.611600
vt 0.847500 0.605100
vt 0.848300 0.598700
vt 0.881500 0.598700
vt 0.880700 0.605200
vt 0.914500 0.598800
vt 0.913900 0.605200
vt 0.980200 0.598700
vt 0.980200 0.605100
vt 0.947100 0.605200
vt 0.947300 0.598700
vt 0.980200 0.611600
vt 0.946900 0.611600
vt 0.980200 0.618100
vt 0.946700 0.618100
vt 0.850000 0.592400
vt 0.882600 0.592400
vt 0.851600 0.586000
vt 0.883700 0.586000
vt 0.915100 0.592400
vt 0.915900 0.586000
vt 0.853300 0.579700
vt 0.854900 0.573400
vt 0.886000 0.573400
vt 0.884900 0.579700
vt 0.917300 0.573300
vt 0.916600 0.579700
vt 0.980000 0.573400
vt 0.980100 0.579700
vt 0.948300 0.579700
vt 0.948600 0.573400
vt 0.980100 0.586000
vt 0.948000 0.586000
vt 0.980100 0.592400
vt 0.947600 0.592400
vt 0.855800 0.567000
vt 0.886800 0.566900
vt 0.856600 0.560500
vt 0.887400 0.560500
vt 0.917800 0.566900
vt 0.918200 0.560500
vt 0.857400 0.554000
vt 0.858200 0.547500
vt 0.888200 0.547500
vt 0.888000 0.554000
vt 0.918700 0.547500
vt 0.918500 0.554000
vt 0.980000 0.547500
vt 0.980000 0.554000
vt 0.949200 0.554000
vt 0.949300 0.547500
vt 0.980000 0.560500
vt 0.949100 0.560500
vt 0.980000 0.567000
vt 0.948900 0.566900
vt 0.857400 0.541100
vt 0.888000 0.541100
vt 0.856600 0.534600
vt 0.887400 0.534600
vt 0.918500 0.541100
vt 0.918200 0.534600
vt 0.855800 0.528100
vt 0.854900 0.521700
vt 0.886200 0.521700
vt 0.886800 0.528100
vt 0.917500 0.521700
vt 0.917900 0.528100
vt 0.980000 0.521700
vt 0.980000 0.528100
vt 0.948900 0.528100
vt 0.948700 0.521700
vt 0.980000 0.534600
vt 0.949100 0.534600
vt 0.980000 0.541100
vt 0.949200 0.541100
vt 0.854900 0.675700
vt 0.853300 0.669400
vt 0.885000 0.669400
vt 0.886200 0.675700
vt 0.851600 0.663100
vt 0.883800 0.663100
vt 0.916700 0.669400
vt 0.917500 0.675700
vt 0.915900 0.663000
vt 0.850000 0.656700
vt 0.882600 0.656700
vt 0.915100 0.656700
vt 0.980100 0.656700
vt 0.947600 0.656700
vt 0.980100 0.663100
vt 0.948000 0.663100
vt 0.980100 0.669400
vt 0.980000 0.675700
vt 0.948700 0.675700
vt 0.948400 0.669400
vt 0.467500 0.962400
vt 0.469500 0.970200
vt 0.467200 0.952100
vt 0.469600 0.957700
vt 0.471400 0.963600
vt 0.468800 0.952200
vt 0.469500 0.934200
vt 0.467500 0.941900
vt 0.471400 0.940800
vt 0.469600 0.946700
vt 0.474700 0.952400
vt 0.473300 0.957900
vt 0.471300 0.952300
vt 0.473300 0.946800
vt 0.485500 0.923000
vt 0.489600 0.924800
vt 0.478100 0.926700
vt 0.505800 0.923000
vt 0.504900 0.924500
vt 0.492900 0.926300
vt 0.483800 0.928000
vt 0.503900 0.925900
vt 0.526100 0.923000
vt 0.531300 0.926700
vt 0.520100 0.924800
vt 0.523700 0.928000
vt 0.514900 0.926300
vt 0.515700 0.927900
vt 0.508900 0.927900
vt 0.511500 0.927200
vt 0.518700 0.928800
vt 0.502100 0.927900
vt 0.503000 0.927000
vt 0.495200 0.927900
vt 0.488400 0.927900
vt 0.487200 0.928800
vt 0.494500 0.927200
vt 0.526100 0.981200
vt 0.520100 0.979600
vt 0.531300 0.977700
vt 0.505800 0.981200
vt 0.504900 0.979800
vt 0.514900 0.978200
vt 0.523700 0.976500
vt 0.503900 0.978600
vt 0.485500 0.981200
vt 0.478100 0.977700
vt 0.489600 0.979600
vt 0.483800 0.976500
vt 0.492900 0.978200
vt 0.488400 0.976900
vt 0.495200 0.976900
vt 0.494500 0.977400
vt 0.487200 0.975800
vt 0.502100 0.976900
vt 0.503000 0.977700
vt 0.508900 0.976900
vt 0.515700 0.976900
vt 0.518700 0.975800
vt 0.511500 0.977400
vt 0.519200 0.970800
vt 0.523300 0.972100
vt 0.522600 0.964600
vt 0.526500 0.967400
vt 0.528100 0.973000
vt 0.529200 0.969300
vt 0.526000 0.958500
vt 0.529400 0.952400
vt 0.533000 0.957900
vt 0.529800 0.962800
vt 0.536500 0.963600
vt 0.532900 0.967500
vt 0.534500 0.973000
vt 0.540100 0.970200
vt 0.533000 0.946800
vt 0.535900 0.952300
vt 0.536500 0.940800
vt 0.539000 0.946700
vt 0.539000 0.957700
vt 0.540400 0.952200
vt 0.540100 0.934200
vt 0.542600 0.941900
vt 0.543100 0.952100
vt 0.542600 0.962400
vt 0.526000 0.946300
vt 0.529800 0.941900
vt 0.522600 0.940200
vt 0.526500 0.937200
vt 0.532900 0.937000
vt 0.529200 0.935300
vt 0.519200 0.934000
vt 0.523300 0.932500
vt 0.528100 0.931500
vt 0.534500 0.931400
vt 0.485000 0.934000
vt 0.482400 0.932500
vt 0.481600 0.940200
vt 0.479000 0.937200
vt 0.479000 0.931500
vt 0.477400 0.935300
vt 0.478100 0.946300
vt 0.475900 0.941900
vt 0.474300 0.937000
vt 0.474000 0.931400
vt 0.478100 0.958500
vt 0.475900 0.962800
vt 0.481600 0.964600
vt 0.479000 0.967400
vt 0.474300 0.967500
vt 0.477400 0.969300
vt 0.485000 0.970800
vt 0.482400 0.972100
vt 0.479000 0.973000
vt 0.474000 0.973000
vt 0.673200 0.645500
vt 0.570600 0.622500
vt 0.666600 0.652000
vt 0.561700 0.635900
vt 0.468000 0.599000
vt 0.460000 0.620300
vt 0.660100 0.658500
vt 0.653600 0.665100
vt 0.550600 0.665100
vt 0.555500 0.650200
vt 0.447600 0.665100
vt 0.453500 0.642400
vt 0.356600 0.635700
vt 0.344600 0.665100
vt 0.364800 0.605800
vt 0.365200 0.574700
vt 0.007900 0.805100
vt 0.089200 0.777700
vt 0.007900 0.789500
vt 0.070200 0.764500
vt 0.173000 0.749300
vt 0.133100 0.739400
vt 0.007900 0.773900
vt 0.007900 0.758300
vt 0.025600 0.740700
vt 0.048600 0.752400
vt 0.043200 0.723100
vt 0.089200 0.730800
vt 0.078500 0.687800
vt 0.170400 0.687800
vt 0.129800 0.709300
vt 0.060900 0.705400
vt 0.262300 0.687800
vt 0.197300 0.713700
vt 0.354100 0.687800
vt 0.262300 0.719000
vt 0.823600 0.775100
vt 0.823600 0.825800
vt 0.848700 0.789600
vt 0.848700 0.833100
vt 0.823600 0.876500
vt 0.848700 0.876500
vt 0.873800 0.804100
vt 0.898900 0.818600
vt 0.898900 0.847500
vt 0.873800 0.840300
vt 0.898900 0.876500
vt 0.873800 0.876500
vt 0.898900 0.934500
vt 0.873800 0.948900
vt 0.873800 0.912700
vt 0.898900 0.905500
vt 0.848700 0.963400
vt 0.848700 0.920000
vt 0.823600 0.977900
vt 0.823600 0.927200
vn 0.0000 0.0000 -1.0000
vn -0.0000 0.0000 1.0000
vn -0.4004 -0.9163 0.0000
vn -0.3922 -0.9199 0.0000
vn -0.4001 -0.9165 0.0000
vn -0.3664 -0.9305 0.0000
vn -0.3184 -0.9479 0.0000
vn -0.2392 -0.9710 0.0000
vn 1.0000 0.0000 0.0000
vn 0.0000 1.0000 0.0000
vn -1.0000 0.0000 0.0000
vn -0.1385 -0.9904 0.0000
vn -0.0550 -0.9985 0.0000
vn -0.0115 -0.9999 0.0000
vn 0.0000 -1.0000 0.0000
vn -0.4004 0.9163 0.0000
vn -0.4004 0.9164 0.0000
vn -0.4000 0.9165 0.0000
vn -0.4003 0.9164 0.0000
vn -0.4001 0.9165 -0.0000
vn 0.7071 0.7071 0.0000
vn 0.7071 -0.7071 0.0000
vn 0.9659 0.2588 -0.0000
vn 0.9304 0.2493 -0.2686
vn 0.9305 0.2490 -0.2686
vn 0.9660 0.2586 -0.0000
vn 0.8366 0.2242 -0.4999
vn 0.8366 0.2239 -0.5000
vn 0.9307 0.2482 -0.2687
vn 0.9662 0.2577 -0.0000
vn 0.8368 0.2230 -0.5000
vn 0.6900 0.1850 -0.6998
vn 0.4831 0.1294 -0.8660
vn 0.4831 0.1292 -0.8660
vn 0.6899 0.1846 -0.7000
vn 0.4833 0.1283 -0.8660
vn 0.6902 0.1838 -0.6999
vn 0.4845 0.1234 -0.8661
vn 0.6915 0.1789 -0.6999
vn 0.6907 0.1821 -0.6998
vn 0.4836 0.1266 -0.8661
vn 0.8380 0.2182 -0.5002
vn 0.8373 0.2214 -0.4999
vn 0.9320 0.2433 -0.2685
vn 0.9675 0.2528 -0.0000
vn 0.9667 0.2560 -0.0000
vn 0.9312 0.2465 -0.2686
vn 0.2407 0.0645 -0.9685
vn 0.2407 0.0642 -0.9685
vn 0.0001 -0.0002 -1.0000
vn 0.2408 0.0633 -0.9685
vn 0.0003 -0.0011 -1.0000
vn -0.2407 -0.0645 -0.9685
vn -0.4828 -0.1293 -0.8661
vn -0.4830 -0.1297 -0.8660
vn -0.2405 -0.0647 -0.9685
vn -0.4826 -0.1305 -0.8661
vn -0.2402 -0.0655 -0.9685
vn -0.4813 -0.1354 -0.8660
vn -0.2389 -0.0704 -0.9685
vn -0.2397 -0.0672 -0.9685
vn -0.4821 -0.1322 -0.8661
vn 0.0016 -0.0060 -1.0000
vn 0.0007 -0.0028 -1.0000
vn 0.2421 0.0585 -0.9685
vn 0.2412 0.0616 -0.9685
vn -0.6900 -0.1850 -0.6997
vn -0.6897 -0.1851 -0.7000
vn -0.8365 -0.2241 -0.5000
vn -0.8364 -0.2244 -0.5000
vn -0.6896 -0.1860 -0.6999
vn -0.8362 -0.2253 -0.5000
vn -0.9304 -0.2493 -0.2686
vn -0.9659 -0.2588 -0.0000
vn -0.9659 -0.2591 -0.0000
vn -0.9304 -0.2496 -0.2686
vn -0.9656 -0.2599 -0.0000
vn -0.9301 -0.2504 -0.2687
vn -0.9643 -0.2648 -0.0000
vn -0.9288 -0.2553 -0.2686
vn -0.9297 -0.2521 -0.2687
vn -0.9652 -0.2616 -0.0000
vn -0.8349 -0.2301 -0.5000
vn -0.8358 -0.2269 -0.4999
vn -0.6883 -0.1908 -0.6999
vn -0.6892 -0.1877 -0.6999
vn -0.9304 -0.2493 0.2687
vn -0.9303 -0.2496 0.2687
vn -0.8365 -0.2241 0.5000
vn -0.8364 -0.2244 0.5000
vn -0.9301 -0.2504 0.2687
vn -0.8362 -0.2252 0.5001
vn -0.6898 -0.1848 0.7000
vn -0.4829 -0.1294 0.8661
vn -0.4829 -0.1297 0.8660
vn -0.6898 -0.1851 0.6999
vn -0.4827 -0.1305 0.8660
vn -0.6896 -0.1860 0.6999
vn -0.4813 -0.1354 0.8660
vn -0.6883 -0.1908 0.6999
vn -0.6891 -0.1876 0.6999
vn -0.4822 -0.1322 0.8660
vn -0.8349 -0.2301 0.5000
vn -0.8357 -0.2269 0.5000
vn -0.9288 -0.2553 0.2686
vn -0.9297 -0.2521 0.2686
vn -0.2404 -0.0644 0.9685
vn -0.2404 -0.0647 0.9685
vn 0.0001 -0.0003 1.0000
vn -0.2401 -0.0655 0.9685
vn 0.0003 -0.0011 1.0000
vn 0.2404 0.0644 0.9685
vn 0.4828 0.1294 0.8661
vn 0.4830 0.1291 0.8660
vn 0.2405 0.0642 0.9685
vn 0.4833 0.1283 0.8660
vn 0.2408 0.0633 0.9685
vn 0.4845 0.1234 0.8660
vn 0.2423 0.0585 0.9684
vn 0.2413 0.0617 0.9685
vn 0.4837 0.1266 0.8660
vn 0.0016 -0.0060 1.0000
vn 0.0007 -0.0028 1.0000
vn -0.2390 -0.0705 0.9684
vn -0.2398 -0.0672 0.9685
vn 0.6899 0.1849 0.6999
vn 0.6900 0.1846 0.6999
vn 0.8366 0.2242 0.4999
vn 0.8366 0.2239 0.5000
vn 0.6902 0.1838 0.6999
vn 0.8368 0.2230 0.5001
vn 0.9304 0.2493 0.2687
vn 0.9305 0.2490 0.2687
vn 0.9307 0.2482 0.2687
vn 0.9320 0.2433 0.2685
vn 0.9312 0.2465 0.2686
vn 0.8381 0.2182 0.4999
vn 0.8373 0.2214 0.5000
vn 0.6914 0.1789 0.6999
vn 0.6906 0.1821 0.6999
vn -0.2588 0.9659 0.0000
vn -0.2588 0.9659 -0.0001
vn -0.2587 0.9660 0.0000
vn -0.2589 0.9659 -0.0000
vn -0.2589 0.9659 -0.0001
vn -0.2589 0.9659 0.0002
vn -0.2588 0.9659 0.0001
vn -0.2589 0.9659 0.0001
vn -0.2587 0.9660 -0.0001
vn 0.4857 0.1189 -0.8660
vn 0.6927 0.1744 -0.6999
vn 0.4870 0.1141 -0.8659
vn 0.6939 0.1697 -0.6998
vn 0.8393 0.2137 -0.4999
vn 0.8404 0.2089 -0.5000
vn 0.4880 0.1103 -0.8658
vn 0.4884 0.1088 -0.8658
vn 0.6953 0.1643 -0.6997
vn 0.6949 0.1658 -0.6997
vn 0.8418 0.2036 -0.4999
vn 0.8414 0.2051 -0.5000
vn 0.9712 0.2382 -0.0000
vn 0.9708 0.2397 -0.0000
vn 0.9354 0.2303 -0.2685
vn 0.9357 0.2288 -0.2685
vn 0.9699 0.2435 -0.0000
vn 0.9344 0.2341 -0.2685
vn 0.9687 0.2483 -0.0000
vn 0.9332 0.2388 -0.2685
vn -0.4800 -0.1399 -0.8660
vn -0.2376 -0.0749 -0.9685
vn -0.4788 -0.1446 -0.8659
vn -0.2364 -0.0796 -0.9684
vn 0.0028 -0.0105 -0.9999
vn 0.0041 -0.0152 -0.9999
vn -0.4777 -0.1485 -0.8659
vn -0.4773 -0.1499 -0.8658
vn -0.2350 -0.0849 -0.9683
vn -0.2354 -0.0834 -0.9683
vn 0.0055 -0.0204 -0.9998
vn 0.0051 -0.0190 -0.9998
vn 0.2455 0.0454 -0.9683
vn 0.2460 0.0439 -0.9683
vn 0.2448 0.0492 -0.9683
vn 0.2432 0.0539 -0.9685
vn -0.9631 -0.2693 -0.0000
vn -0.9276 -0.2598 -0.2686
vn -0.9617 -0.2740 -0.0000
vn -0.9263 -0.2645 -0.2685
vn -0.8337 -0.2346 -0.4999
vn -0.8324 -0.2393 -0.4999
vn -0.9606 -0.2778 -0.0000
vn -0.9602 -0.2793 -0.0000
vn -0.9247 -0.2698 -0.2685
vn -0.9252 -0.2683 -0.2685
vn -0.8308 -0.2445 -0.4999
vn -0.8313 -0.2431 -0.4999
vn -0.6847 -0.2038 -0.6998
vn -0.6842 -0.2053 -0.6998
vn -0.6858 -0.2000 -0.6998
vn -0.6871 -0.1953 -0.6998
vn -0.4801 -0.1399 0.8660
vn -0.6870 -0.1953 0.6999
vn -0.4788 -0.1446 0.8659
vn -0.6857 -0.2000 0.6999
vn -0.8337 -0.2346 0.5000
vn -0.8324 -0.2393 0.4999
vn -0.4777 -0.1484 0.8659
vn -0.4773 -0.1499 0.8658
vn -0.6842 -0.2053 0.6998
vn -0.6846 -0.2038 0.6998
vn -0.8308 -0.2445 0.4999
vn -0.8313 -0.2431 0.4999
vn -0.9252 -0.2683 0.2685
vn -0.9247 -0.2698 0.2685
vn -0.9263 -0.2645 0.2685
vn -0.9276 -0.2598 0.2685
vn 0.4858 0.1189 0.8660
vn 0.2431 0.0540 0.9685
vn 0.4870 0.1141 0.8659
vn 0.2446 0.0493 0.9684
vn 0.0028 -0.0105 0.9999
vn 0.0041 -0.0152 0.9999
vn 0.4880 0.1103 0.8659
vn 0.4884 0.1088 0.8658
vn 0.2460 0.0439 0.9683
vn 0.2456 0.0454 0.9683
vn 0.0055 -0.0205 0.9998
vn 0.0051 -0.0190 0.9998
vn -0.2354 -0.0834 0.9683
vn -0.2350 -0.0849 0.9683
vn -0.2365 -0.0797 0.9684
vn -0.2378 -0.0750 0.9684
vn 0.9332 0.2388 0.2685
vn 0.9344 0.2341 0.2685
vn 0.8393 0.2137 0.5000
vn 0.8405 0.2090 0.5000
vn 0.9357 0.2288 0.2685
vn 0.9354 0.2303 0.2685
vn 0.8418 0.2036 0.4999
vn 0.8414 0.2051 0.4999
vn 0.6949 0.1658 0.6998
vn 0.6953 0.1643 0.6997
vn 0.6938 0.1696 0.6999
vn 0.6926 0.1743 0.6999
vn -0.2587 0.9659 -0.0002
vn -0.2586 0.9660 -0.0003
vn -0.2590 0.9659 0.0001
vn -0.2586 0.9660 -0.0001
vn -0.2591 0.9659 0.0001
vn -0.2591 0.9659 0.0000
vn -0.2586 0.9660 -0.0002
vn -0.2586 0.9660 -0.0000
vn -0.2590 0.9659 0.0002
vn -0.2591 0.9659 0.0002
vn -0.2591 0.9659 -0.0001
vn -0.2590 0.9659 -0.0001
vn -0.2586 0.9660 0.0002
vn -0.2586 0.9660 0.0001
vn -0.2587 0.9660 0.0004
vn -0.2590 0.9659 -0.0002
vn -0.2591 0.9659 -0.0002
vn -0.2589 0.9659 -0.0002
vn -0.2588 0.9659 -0.0003
vn -0.2589 0.9659 0.0004
vn -0.2588 0.9659 -0.0002
vn -0.2587 0.9659 -0.0001
vn -0.2588 0.9659 0.0003
vn -0.2588 0.9659 0.0002
vn -0.2590 0.9659 0.0000
vn -0.2592 0.9658 0.0002
vn -0.2592 0.9658 -0.0002
vn -0.2584 0.9660 0.0005
vn -0.2587 0.9659 0.0001
vn -0.2588 0.9659 -0.0004
vn -0.2586 0.9660 0.0004
vn 0.4829 0.1294 -0.8661
vn 0.6899 0.1849 -0.6999
vn 0.8365 0.2242 -0.5000
vn 0.6899 0.1848 -0.6999
vn 0.8366 0.2241 -0.4999
vn 0.4831 0.1294 -0.8659
vn 0.9305 0.2493 0.2685
vn 0.8365 0.2242 0.5001
vn 0.8365 0.2241 0.5000
vn 0.9304 0.2493 0.2686
vn 0.6901 0.1850 0.6997
vn 0.4831 0.1295 0.8660
vn 0.6900 0.1850 0.6998
vn 0.4830 0.1294 0.8660
vn 0.4830 0.1295 0.8660
vn 0.6898 0.1849 0.7000
vn 0.8365 0.2242 0.5000
vn 0.9304 0.2493 0.2685
vn 0.2407 0.0645 0.9685
vn -0.2407 -0.0645 0.9685
vn -0.4830 -0.1294 0.8660
vn -0.2403 -0.0645 0.9685
vn -0.4831 -0.1294 0.8660
vn -0.6900 -0.1850 0.6998
vn -0.8365 -0.2241 0.5001
vn -0.9304 -0.2494 0.2685
vn -0.9659 -0.2589 -0.0000
vn -0.9304 -0.2493 0.2685
vn -0.9305 -0.2493 0.2686
vn -0.9304 -0.2493 0.2686
vn -0.8365 -0.2242 0.5001
vn -0.9304 -0.2494 -0.2686
vn -0.9304 -0.2493 -0.2685
vn -0.8366 -0.2242 -0.4999
vn -0.8366 -0.2241 -0.4999
vn -0.6899 -0.1848 -0.6999
vn -0.4829 -0.1294 -0.8661
vn -0.4828 -0.1294 -0.8661
vn -0.6899 -0.1849 -0.6999
vn -0.4832 -0.1294 -0.8659
vn -0.8365 -0.2242 -0.5000
vn -0.2405 -0.0644 -0.9685
vn 0.2405 0.0645 -0.9685
vn 0.2405 0.0644 -0.9685
vn 0.5463 -0.2728 -0.7919
vn 0.7355 -0.2210 -0.6405
vn 0.7357 -0.2203 -0.6405
vn 0.5464 -0.2725 -0.7920
vn 0.8699 -0.1841 -0.4575
vn 0.8699 -0.1838 -0.4576
vn 0.7357 -0.2204 -0.6404
vn 0.5464 -0.2724 -0.7920
vn 0.9559 -0.1616 -0.2454
vn 0.9881 -0.1540 -0.0000
vn 0.9881 -0.1541 -0.0000
vn 0.9558 -0.1615 -0.2457
vn 0.9557 -0.1617 -0.2459
vn 0.9556 -0.1618 -0.2461
vn 0.9558 -0.1616 -0.2457
vn 0.9880 -0.1542 -0.0000
vn 0.8699 -0.1839 -0.4577
vn 0.7360 -0.2204 -0.6401
vn 0.5463 -0.2724 -0.7920
vn 0.7357 -0.2205 -0.6404
vn 0.9559 -0.1615 0.2453
vn 0.9558 -0.1615 0.2457
vn 0.8699 -0.1841 0.4576
vn 0.8699 -0.1839 0.4577
vn 0.8699 -0.1837 0.4578
vn 0.7354 -0.2209 0.6406
vn 0.5465 -0.2725 0.7919
vn 0.5464 -0.2725 0.7919
vn 0.7357 -0.2206 0.6404
vn 0.5464 -0.2724 0.7920
vn 0.7357 -0.2204 0.6405
vn 0.7360 -0.2204 0.6401
vn 0.7357 -0.2205 0.6404
vn 0.5463 -0.2724 0.7920
vn 0.8699 -0.1840 0.4576
vn 0.9557 -0.1616 0.2461
vn 0.9558 -0.1617 0.2457
vn 0.3248 -0.3306 0.8861
vn 0.3245 -0.3308 0.8862
vn 0.1042 -0.3889 0.9153
vn 0.1043 -0.3891 0.9153
vn 0.3244 -0.3308 0.8862
vn 0.1042 -0.3891 0.9153
vn -0.1161 -0.4487 0.8861
vn -0.3371 -0.5091 0.7920
vn -0.3370 -0.5091 0.7920
vn -0.1156 -0.4487 0.8862
vn -0.3369 -0.5092 0.7920
vn -0.1155 -0.4487 0.8862
vn -0.3370 -0.5090 0.7921
vn -0.1154 -0.4483 0.8864
vn -0.1156 -0.4485 0.8863
vn -0.3369 -0.5091 0.7921
vn 0.1042 -0.3890 0.9153
vn 0.1041 -0.3888 0.9154
vn 0.3240 -0.3307 0.8864
vn 0.3244 -0.3306 0.8863
vn -0.5266 -0.5587 0.6407
vn -0.5269 -0.5588 0.6404
vn -0.6614 -0.5941 0.4577
vn -0.6615 -0.5941 0.4577
vn -0.7471 -0.6178 0.2454
vn -0.7787 -0.6274 -0.0000
vn -0.7470 -0.6177 0.2458
vn -0.7786 -0.6275 -0.0000
vn -0.7469 -0.6178 0.2459
vn -0.7784 -0.6277 -0.0000
vn -0.7467 -0.6180 0.2460
vn -0.7468 -0.6179 0.2458
vn -0.7785 -0.6276 -0.0000
vn -0.6614 -0.5942 0.4576
vn -0.5272 -0.5588 0.6402
vn -0.7471 -0.6178 -0.2454
vn -0.7470 -0.6177 -0.2458
vn -0.6615 -0.5942 -0.4576
vn -0.6615 -0.5941 -0.4576
vn -0.7469 -0.6178 -0.2459
vn -0.6615 -0.5941 -0.4577
vn -0.5266 -0.5588 -0.6407
vn -0.3368 -0.5092 -0.7920
vn -0.3369 -0.5091 -0.7920
vn -0.5269 -0.5588 -0.6404
vn -0.3370 -0.5090 -0.7921
vn -0.5272 -0.5588 -0.6401
vn -0.3369 -0.5092 -0.7920
vn -0.7467 -0.6179 -0.2461
vn -0.7469 -0.6179 -0.2458
vn -0.1159 -0.4488 -0.8861
vn -0.1156 -0.4485 -0.8863
vn 0.1042 -0.3889 -0.9153
vn 0.1042 -0.3889 -0.9154
vn -0.1156 -0.4485 -0.8862
vn 0.1042 -0.3888 -0.9154
vn 0.3248 -0.3307 -0.8861
vn 0.3244 -0.3306 -0.8862
vn 0.3244 -0.3306 -0.8863
vn 0.3242 -0.3307 -0.8863
vn 0.3245 -0.3307 -0.8862
vn 0.1041 -0.3889 -0.9154
vn -0.1155 -0.4484 -0.8863
vn -0.1157 -0.4486 -0.8862
vn 0.5295 0.0030 -0.8483
vn 0.7354 0.0042 -0.6776
vn 0.7253 0.0041 -0.6884
vn 0.5119 0.0029 -0.8591
vn 0.8777 0.0050 -0.4792
vn 0.8728 0.0049 -0.4880
vn 0.5120 0.0029 -0.8590
vn 0.9668 0.0055 -0.2554
vn 1.0000 0.0057 -0.0000
vn 0.9654 0.0055 -0.2607
vn 1.0000 0.0056 -0.0000
vn 0.9654 0.0054 -0.2606
vn 0.9655 0.0055 -0.2605
vn 0.9654 0.0053 -0.2609
vn 0.8729 0.0049 -0.4878
vn 0.7255 0.0041 -0.6882
vn 0.5123 0.0029 -0.8588
vn 0.9668 0.0055 0.2554
vn 0.9654 0.0055 0.2607
vn 0.8778 0.0050 0.4791
vn 0.8729 0.0049 0.4878
vn 0.9654 0.0054 0.2606
vn 0.8729 0.0049 0.4879
vn 0.7354 0.0042 0.6776
vn 0.5295 0.0030 0.8483
vn 0.5119 0.0029 0.8590
vn 0.7253 0.0041 0.6884
vn 0.5120 0.0029 0.8590
vn 0.5124 0.0029 0.8588
vn 0.7255 0.0041 0.6882
vn 0.8728 0.0048 0.4881
vn 0.9655 0.0055 0.2605
vn 0.9654 0.0053 0.2609
vn 0.2768 0.0016 0.9609
vn 0.2566 0.0014 0.9665
vn 0.0207 0.0001 0.9998
vn 0.2566 0.0015 0.9665
vn -0.2365 -0.0013 0.9716
vn -0.4945 -0.0028 0.8692
vn -0.5119 -0.0029 0.8591
vn -0.2566 -0.0015 0.9665
vn -0.5119 -0.0029 0.8590
vn -0.2566 -0.0014 0.9665
vn -0.5116 -0.0029 0.8592
vn -0.2561 -0.0014 0.9666
vn -0.5120 -0.0029 0.8590
vn 0.0005 0.0000 1.0000
vn 0.2571 0.0014 0.9664
vn -0.7154 -0.0040 0.6987
vn -0.7253 -0.0041 0.6884
vn -0.8683 -0.0049 0.4961
vn -0.8727 -0.0049 0.4883
vn -0.8729 -0.0049 0.4879
vn -0.9640 -0.0054 0.2658
vn -1.0000 -0.0056 0.0000
vn -0.9654 -0.0054 0.2607
vn -1.0000 -0.0057 -0.0000
vn -0.9654 -0.0055 0.2607
vn -0.9654 -0.0055 0.2606
vn -0.8726 -0.0049 0.4883
vn -0.7251 -0.0041 0.6886
vn -0.9640 -0.0054 -0.2658
vn -0.9654 -0.0054 -0.2607
vn -0.8681 -0.0049 -0.4963
vn -0.8728 -0.0049 -0.4880
vn -0.9654 -0.0055 -0.2607
vn -0.7154 -0.0040 -0.6987
vn -0.4947 -0.0028 -0.8691
vn -0.5118 -0.0029 -0.8591
vn -0.7254 -0.0041 -0.6884
vn -0.5119 -0.0029 -0.8591
vn -0.5116 -0.0029 -0.8592
vn -0.7252 -0.0041 -0.6885
vn -0.7254 -0.0041 -0.6883
vn -0.5119 -0.0029 -0.8590
vn -0.8727 -0.0049 -0.4882
vn -0.9654 -0.0055 -0.2606
vn -0.2366 -0.0013 -0.9716
vn -0.2566 -0.0015 -0.9665
vn 0.0208 0.0001 -0.9998
vn -0.2566 -0.0014 -0.9665
vn 0.2767 0.0016 -0.9609
vn 0.2566 0.0014 -0.9665
vn 0.2566 0.0015 -0.9665
vn 0.2571 0.0014 -0.9664
vn 0.0005 0.0000 -1.0000
vn -0.2561 -0.0014 -0.9666
vn 0.0006 1.0000 0.0007
vn 0.0018 1.0000 -0.0000
vn 0.0015 1.0000 0.0001
vn 0.0008 1.0000 0.0002
vn 0.0020 1.0000 -0.0000
vn 0.0016 1.0000 0.0000
vn 0.0014 1.0000 0.0001
vn 0.0009 1.0000 0.0003
vn 0.0012 1.0000 -0.0000
vn 0.0015 1.0000 -0.0001
vn 0.0006 1.0000 -0.0005
vn 0.0011 1.0000 -0.0001
vn 0.0010 1.0000 -0.0002
vn 0.0014 1.0000 -0.0001
vn 0.0011 1.0000 0.0001
vn 0.0009 1.0000 0.0001
vn 0.0011 1.0000 -0.0000
vn 0.0010 1.0000 0.0000
vn 0.0004 1.0000 -0.0007
vn 0.0000 1.0000 -0.0026
vn 0.0001 1.0000 -0.0024
vn 0.0003 1.0000 -0.0013
vn -0.0000 1.0000 -0.0030
vn 0.0002 1.0000 -0.0022
vn 0.0003 1.0000 -0.0014
vn -0.0001 1.0000 -0.0032
vn -0.0001 1.0000 -0.0017
vn -0.0004 1.0000 -0.0004
vn -0.0002 1.0000 -0.0011
vn -0.0001 1.0000 -0.0019
vn -0.0002 1.0000 -0.0012
vn -0.0002 1.0000 -0.0020
vn -0.0005 1.0000 -0.0012
vn -0.0003 1.0000 -0.0023
vn -0.0003 1.0000 -0.0020
vn -0.0004 1.0000 -0.0012
vn 0.0001 1.0000 -0.0033
vn -0.0001 1.0000 -0.0031
vn 0.0004 1.0000 -0.0025
vn 0.0007 1.0000 -0.0015
vn 0.0005 1.0000 -0.0014
vn 0.0004 1.0000 -0.0024
vn -0.0004 1.0000 0.0004
vn -0.0000 1.0000 0.0029
vn -0.0002 1.0000 0.0024
vn -0.0003 1.0000 0.0012
vn -0.0000 1.0000 0.0034
vn -0.0000 1.0000 0.0033
vn -0.0002 1.0000 0.0022
vn -0.0007 1.0000 0.0014
vn 0.0000 1.0000 0.0037
vn 0.0002 1.0000 0.0021
vn 0.0006 1.0000 0.0006
vn 0.0001 1.0000 0.0014
vn 0.0002 1.0000 0.0022
vn 0.0003 1.0000 0.0018
vn 0.0003 1.0000 0.0024
vn 0.0007 1.0000 0.0015
vn 0.0005 1.0000 0.0032
vn 0.0005 1.0000 0.0029
vn 0.0006 1.0000 0.0014
vn 0.0003 1.0000 0.0039
vn 0.0001 1.0000 0.0037
vn -0.0003 1.0000 0.0026
vn -0.0005 1.0000 0.0010
vn -0.0004 1.0000 0.0012
vn -0.0003 1.0000 0.0022
vn -0.0006 1.0000 0.0007
vn -0.0003 1.0000 0.0006
vn -0.0007 1.0000 0.0004
vn -0.0005 1.0000 0.0002
vn -0.0004 1.0000 0.0007
vn -0.0006 1.0000 0.0003
vn -0.0006 1.0000 0.0002
vn -0.0007 1.0000 0.0000
vn -0.0006 1.0000 0.0001
vn -0.0005 1.0000 0.0004
vn -0.0008 1.0000 -0.0000
vn -0.0006 1.0000 -0.0001
vn -0.0006 1.0000 -0.0002
vn -0.0011 1.0000 0.0001
vn -0.0009 1.0000 -0.0001
vn -0.0010 1.0000 0.0000
vn -0.0009 1.0000 0.0001
vn -0.0008 1.0000 0.0001
vn -0.0006 1.0000 -0.0004
vn -0.0006 1.0000 -0.0005
vn -0.0006 1.0000 -0.0003
vn -0.0006 1.0000 -0.0007
vn -0.0006 1.0000 -0.0008
vn -0.0003 1.0000 -0.0007
vn -0.0005 1.0000 -0.0004
vn 0.0008 1.0000 -0.0008
vn 0.0008 1.0000 -0.0005
vn 0.0007 1.0000 -0.0003
vn 0.0004 1.0000 -0.0008
vn 0.0007 1.0000 -0.0004
vn 0.0008 1.0000 -0.0003
vn 0.0013 1.0000 0.0001
vn 0.0011 1.0000 -0.0002
vn 0.0008 1.0000 -0.0002
vn 0.0008 1.0000 0.0003
vn 0.0009 1.0000 0.0005
vn 0.0007 1.0000 0.0003
vn 0.0007 1.0000 0.0004
vn 0.0008 1.0000 0.0009
vn 0.0007 1.0000 0.0016
vn 0.0006 1.0000 0.0015
vn 0.0004 1.0000 0.0007
vn 0.0004 1.0000 0.0016
vn 0.0004 1.0000 0.0008
vn 0.0006 1.0000 0.0005
vn 0.0005 1.0000 0.0012
usemtl 10509_Golf_Club___Putter_v01_SG
s 1
f 1/1/1 2/2/1 3/3/1 4/4/1
f 2/2/1 5/5/1 6/6/1 3/3/1
f 4/4/1 3/3/1 7/7/1 8/8/1
f 3/3/1 6/6/1 9/9/1 7/7/1
f 10/10/1 11/11/1 12/12/1 13/13/1
f 13/13/1 12/12/1 14/14/1 15/15/1
f 5/5/1 10/10/1 13/13/1 6/6/1
f 6/6/1 13/13/1 15/15/1 9/9/1
f 16/16/1 17/17/1 18/18/1 19/19/1
f 17/17/1 20/20/1 21/21/1 18/18/1
f 19/19/1 18/18/1 15/15/1 14/14/1
f 18/18/1 21/21/1 9/9/1 15/15/1
f 22/22/1 23/23/1 24/24/1 25/25/1
f 25/25/1 24/24/1 8/8/1 7/7/1
f 20/20/1 22/22/1 25/25/1 21/21/1
f 21/21/1 25/25/1 7/7/1 9/9/1
f 26/26/2 27/27/2 28/28/2 29/29/2
f 27/27/2 30/30/2 31/31/2 28/28/2
f 29/29/2 28/28/2 32/32/2 33/33/2
f 28/28/2 31/31/2 34/34/2 32/32/2
f 35/35/2 36/36/2 37/37/2 38/38/2
f 38/38/2 37/37/2 39/39/2 40/40/2
f 30/30/2 35/35/2 38/38/2 31/31/2
f 31/31/2 38/38/2 40/40/2 34/34/2
f 41/41/2 42/42/2 43/43/2 44/44/2
f 42/42/2 45/45/2 46/46/2 43/43/2
f 44/44/2 43/43/2 40/40/2 39/39/2
f 43/43/2 46/46/2 34/34/2 40/40/2
f 47/47/2 48/48/2 49/49/2 50/50/2
f 50/50/2 49/49/2 33/33/2 32/32/2
f 45/45/2 47/47/2 50/50/2 46/46/2
f 46/46/2 50/50/2 32/32/2 34/34/2
f 1/51/3 4/52/4 51/53/4 52/54/5
f 4/52/4 8/55/6 53/56/6 51/53/4
f 52/54/5 51/53/4 54/57/4 55/58/5
f 51/53/4 53/56/6 56/59/6 54/57/4
f 24/60/7 23/61/8 57/62/8 58/63/7
f 58/63/7 57/62/8 59/64/8 60/65/7
f 8/55/6 24/60/7 58/63/7 53/56/6
f 53/56/6 58/63/7 60/65/7 56/59/6
f 36/66/8 35/67/7 61/68/7 62/69/8
f 35/67/7 30/70/6 63/71/6 61/68/7
f 62/69/8 61/68/7 60/65/7 59/64/8
f 61/68/7 63/71/6 56/59/6 60/65/7
f 27/72/4 26/73/3 64/74/5 65/75/4
f 65/75/4 64/74/5 55/58/5 54/57/4
f 30/70/6 27/72/4 65/75/4 63/71/6
f 63/71/6 65/75/4 54/57/4 56/59/6
f 66/76/9 67/77/9 68/78/9 69/79/9
f 67/77/9 70/80/9 71/81/9 68/78/9
f 69/79/9 68/78/9 72/82/9 73/83/9
f 68/78/9 71/81/9 74/84/9 72/82/9
f 75/85/9 76/86/9 77/87/9 78/88/9
f 78/88/9 77/87/9 79/89/9 80/90/9
f 70/80/9 75/85/9 78/88/9 71/81/9
f 71/81/9 78/88/9 80/90/9 74/84/9
f 81/91/9 82/92/9 83/93/9 84/94/9
f 82/92/9 85/95/9 86/96/9 83/93/9
f 84/94/9 83/93/9 80/90/9 79/89/9
f 83/93/9 86/96/9 74/84/9 80/90/9
f 87/97/9 88/98/9 89/99/9 90/100/9
f 90/100/9 89/99/9 73/83/9 72/82/9
f 85/95/9 87/97/9 90/100/9 86/96/9
f 86/96/9 90/100/9 72/82/9 74/84/9
f 91/101/10 92/102/10 93/103/10 94/104/10
f 92/102/10 95/105/10 96/106/10 93/103/10
f 94/104/10 93/103/10 97/107/10 98/108/10
f 93/103/10 96/106/10 99/109/10 97/107/10
f 100/110/10 101/111/10 102/112/10 103/113/10
f 103/113/10 102/112/10 104/114/10 105/115/10
f 95/105/10 100/110/10 103/113/10 96/106/10
f 96/106/10 103/113/10 105/115/10 99/109/10
f 106/116/10 107/117/10 108/118/10 109/119/10
f 107/117/10 110/120/10 111/121/10 108/118/10
f 109/119/10 108/118/10 105/115/10 104/114/10
f 108/118/10 111/121/10 99/109/10 105/115/10
f 112/122/10 113/123/10 114/124/10 115/125/10
f 115/125/10 114/124/10 98/108/10 97/107/10
f 110/120/10 112/122/10 115/125/10 111/121/10
f 111/121/10 115/125/10 97/107/10 99/109/10
f 11/126/11 10/127/11 116/128/11 117/129/11
f 10/127/11 5/130/11 118/131/11 116/128/11
f 117/129/11 116/128/11 119/132/11 120/133/11
f 116/128/11 118/131/11 121/134/11 119/132/11
f 2/135/11 1/51/11 52/54/11 122/136/11
f 122/136/11 52/54/11 55/58/11 123/137/11
f 5/130/11 2/135/11 122/136/11 118/131/11
f 118/131/11 122/136/11 123/137/11 121/134/11
f 26/73/11 29/138/11 124/139/11 64/74/11
f 29/138/11 33/140/11 125/141/11 124/139/11
f 64/74/11 124/139/11 123/137/11 55/58/11
f 124/139/11 125/141/11 121/134/11 123/137/11
f 49/142/11 48/143/11 126/144/11 127/145/11
f 127/145/11 126/144/11 120/133/11 119/132/11
f 33/140/11 49/142/11 127/145/11 125/141/11
f 125/141/11 127/145/11 119/132/11 121/134/11
f 16/16/1 128/146/1 129/147/1 17/17/1
f 128/146/1 130/148/1 131/149/1 129/147/1
f 17/17/1 129/147/1 132/150/1 20/20/1
f 129/147/1 131/149/1 133/151/1 132/150/1
f 134/152/1 101/153/1 135/154/1 136/155/1
f 136/155/1 135/154/1 137/156/1 138/157/1
f 130/148/1 134/152/1 136/155/1 131/149/1
f 131/149/1 136/155/1 138/157/1 133/151/1
f 139/158/1 140/159/1 141/160/1 142/161/1
f 140/159/1 143/162/1 144/163/1 141/160/1
f 142/161/1 141/160/1 138/157/1 137/156/1
f 141/160/1 144/163/1 133/151/1 138/157/1
f 145/164/1 23/23/1 22/22/1 146/165/1
f 146/165/1 22/22/1 20/20/1 132/150/1
f 143/162/1 145/164/1 146/165/1 144/163/1
f 144/163/1 146/165/1 132/150/1 133/151/1
f 36/36/2 147/166/2 148/167/2 37/37/2
f 147/166/2 149/168/2 150/169/2 148/167/2
f 37/37/2 148/167/2 151/170/2 39/39/2
f 148/167/2 150/169/2 152/171/2 151/170/2
f 153/172/2 154/173/2 155/174/2 156/175/2
f 156/175/2 155/174/2 157/176/2 158/177/2
f 149/168/2 153/172/2 156/175/2 150/169/2
f 150/169/2 156/175/2 158/177/2 152/171/2
f 106/178/2 159/179/2 160/180/2 161/181/2
f 159/179/2 162/182/2 163/183/2 160/180/2
f 161/181/2 160/180/2 158/177/2 157/176/2
f 160/180/2 163/183/2 152/171/2 158/177/2
f 164/184/2 41/41/2 44/44/2 165/185/2
f 165/185/2 44/44/2 39/39/2 151/170/2
f 162/182/2 164/184/2 165/185/2 163/183/2
f 163/183/2 165/185/2 151/170/2 152/171/2
f 23/61/8 145/186/12 166/187/12 57/62/8
f 145/186/12 143/188/13 167/189/13 166/187/12
f 57/62/8 166/187/12 168/190/12 59/64/8
f 166/187/12 167/189/13 169/191/13 168/190/12
f 140/192/14 139/193/15 170/194/15 171/195/14
f 171/195/14 170/194/15 172/196/15 173/197/14
f 143/188/13 140/192/14 171/195/14 167/189/13
f 167/189/13 171/195/14 173/197/14 169/191/13
f 154/198/15 153/199/14 174/200/14 175/201/15
f 153/199/14 149/202/13 176/203/13 174/200/14
f 175/201/15 174/200/14 173/197/14 172/196/15
f 174/200/14 176/203/13 169/191/13 173/197/14
f 147/204/12 36/66/8 62/69/8 177/205/12
f 177/205/12 62/69/8 59/64/8 168/190/12
f 149/202/13 147/204/12 177/205/12 176/203/13
f 176/203/13 177/205/12 168/190/12 169/191/13
f 16/206/16 19/207/17 178/208/17 179/209/18
f 19/207/17 14/210/19 180/211/19 178/208/17
f 179/209/18 178/208/17 181/212/17 182/213/16
f 178/208/17 180/211/19 183/214/19 181/212/17
f 12/215/17 11/216/16 117/217/20 184/218/17
f 184/218/17 117/217/20 120/219/20 185/220/17
f 14/210/19 12/215/17 184/218/17 180/211/19
f 180/211/19 184/218/17 185/220/17 183/214/19
f 48/221/16 47/222/17 186/223/17 126/224/20
f 47/222/17 45/225/19 187/226/19 186/223/17
f 126/224/20 186/223/17 185/220/17 120/219/20
f 186/223/17 187/226/19 183/214/19 185/220/17
f 42/227/17 41/228/18 188/229/16 189/230/17
f 189/230/17 188/229/16 182/213/16 181/212/17
f 45/225/19 42/227/17 189/230/17 187/226/19
f 187/226/19 189/230/17 181/212/17 183/214/19
f 76/86/21 190/231/21 191/232/21 77/87/21
f 190/231/21 192/233/21 193/234/21 191/232/21
f 77/87/21 191/232/21 194/235/21 79/89/21
f 191/232/21 193/234/21 195/236/21 194/235/21
f 196/237/21 91/101/21 94/104/21 197/238/21
f 197/238/21 94/104/21 98/108/21 198/239/21
f 192/233/21 196/237/21 197/238/21 193/234/21
f 193/234/21 197/238/21 198/239/21 195/236/21
f 113/123/21 199/240/21 200/241/21 114/124/21
f 199/240/21 201/242/21 202/243/21 200/241/21
f 114/124/21 200/241/21 198/239/21 98/108/21
f 200/241/21 202/243/21 195/236/21 198/239/21
f 203/244/21 81/91/21 84/94/21 204/245/21
f 204/245/21 84/94/21 79/89/21 194/235/21
f 201/242/21 203/244/21 204/245/21 202/243/21
f 202/243/21 204/245/21 194/235/21 195/236/21
f 205/246/22 206/247/22 207/248/22 208/249/22
f 206/247/22 209/250/22 210/251/22 207/248/22
f 208/249/22 207/248/22 211/252/22 212/253/22
f 207/248/22 210/251/22 213/254/22 211/252/22
f 214/255/22 66/256/22 69/257/22 215/258/22
f 215/258/22 69/257/22 73/259/22 216/260/22
f 209/250/22 214/255/22 215/258/22 210/251/22
f 210/251/22 215/258/22 216/260/22 213/254/22
f 88/261/22 217/262/22 218/263/22 89/264/22
f 217/262/22 219/265/22 220/266/22 218/263/22
f 89/264/22 218/263/22 216/260/22 73/259/22
f 218/263/22 220/266/22 213/254/22 216/260/22
f 221/267/22 222/268/22 223/269/22 224/270/22
f 224/270/22 223/269/22 212/253/22 211/252/22
f 219/265/22 221/267/22 224/270/22 220/266/22
f 220/266/22 224/270/22 211/252/22 213/254/22
f 101/153/1 100/271/1 225/272/1 135/154/1
f 100/271/1 95/273/1 226/274/1 225/272/1
f 135/154/1 225/272/1 227/275/1 137/156/1
f 225/272/1 226/274/1 228/276/1 227/275/1
f 92/277/1 91/278/1 196/279/1 229/280/1
f 229/280/1 196/279/1 192/281/1 230/282/1
f 95/273/1 92/277/1 229/280/1 226/274/1
f 226/274/1 229/280/1 230/282/1 228/276/1
f 76/283/1 231/284/1 232/285/1 190/286/1
f 231/284/1 233/287/1 234/288/1 232/285/1
f 190/286/1 232/285/1 230/282/1 192/281/1
f 232/285/1 234/288/1 228/276/1 230/282/1
f 235/289/1 139/158/1 142/161/1 236/290/1
f 236/290/1 142/161/1 137/156/1 227/275/1
f 233/287/1 235/289/1 236/290/1 234/288/1
f 234/288/1 236/290/1 227/275/1 228/276/1
f 154/173/2 237/291/2 238/292/2 239/293/2
f 237/291/2 240/294/2 241/295/2 238/292/2
f 239/293/2 238/292/2 242/296/2 243/297/2
f 238/292/2 241/295/2 244/298/2 242/296/2
f 245/299/2 222/300/2 221/301/2 246/302/2
f 246/302/2 221/301/2 219/303/2 247/304/2
f 240/294/2 245/299/2 246/302/2 241/295/2
f 241/295/2 246/302/2 247/304/2 244/298/2
f 88/305/2 87/306/2 248/307/2 217/308/2
f 87/306/2 85/309/2 249/310/2 248/307/2
f 217/308/2 248/307/2 247/304/2 219/303/2
f 248/307/2 249/310/2 244/298/2 247/304/2
f 82/311/2 81/312/2 250/313/2 251/314/2
f 251/314/2 250/313/2 243/297/2 242/296/2
f 85/309/2 82/311/2 251/314/2 249/310/2
f 249/310/2 251/314/2 242/296/2 244/298/2
f 139/193/15 252/315/15 253/316/15 170/194/15
f 252/315/15 254/317/15 255/318/15 253/316/15
f 170/194/15 253/316/15 256/319/15 172/196/15
f 253/316/15 255/318/15 257/320/15 256/319/15
f 258/321/15 205/246/15 208/249/15 259/322/15
f 259/322/15 208/249/15 212/253/15 260/323/15
f 254/317/15 258/321/15 259/322/15 255/318/15
f 255/318/15 259/322/15 260/323/15 257/320/15
f 222/268/15 245/324/15 261/325/15 223/269/15
f 245/324/15 240/326/15 262/327/15 261/325/15
f 223/269/15 261/325/15 260/323/15 212/253/15
f 261/325/15 262/327/15 257/320/15 260/323/15
f 237/328/15 154/198/15 175/201/15 263/329/15
f 263/329/15 175/201/15 172/196/15 256/319/15
f 240/326/15 237/328/15 263/329/15 262/327/15
f 262/327/15 263/329/15 256/319/15 257/320/15
f 264/330/23 265/331/24 266/332/25 267/333/26
f 265/331/24 268/334/27 269/335/28 266/332/25
f 267/333/26 266/332/25 270/336/29 271/337/30
f 266/332/25 269/335/28 272/338/31 270/336/29
f 273/339/32 274/340/33 275/341/34 276/342/35
f 276/342/35 275/341/34 277/343/36 278/344/37
f 268/334/27 273/339/32 276/342/35 269/335/28
f 269/335/28 276/342/35 278/344/37 272/338/31
f 279/345/38 280/346/39 281/347/40 282/348/41
f 280/346/39 283/349/42 284/350/43 281/347/40
f 282/348/41 281/347/40 278/344/37 277/343/36
f 281/347/40 284/350/43 272/338/31 278/344/37
f 285/351/44 286/352/45 287/353/46 288/354/47
f 288/354/47 287/353/46 271/337/30 270/336/29
f 283/349/42 285/351/44 288/354/47 284/350/43
f 284/350/43 288/354/47 270/336/29 272/338/31
f 274/355/33 289/356/48 290/357/49 275/358/34
f 289/356/48 291/359/1 292/360/50 290/357/49
f 275/358/34 290/357/49 293/361/51 277/362/36
f 290/357/49 292/360/50 294/363/52 293/361/51
f 295/364/53 296/365/54 297/366/55 298/367/56
f 298/367/56 297/366/55 299/368/57 300/369/58
f 291/359/1 295/364/53 298/367/56 292/360/50
f 292/360/50 298/367/56 300/369/58 294/363/52
f 301/370/59 302/371/60 303/372/61 304/373/62
f 302/371/60 305/374/63 306/375/64 303/372/61
f 304/373/62 303/372/61 300/369/58 299/368/57
f 303/372/61 306/375/64 294/363/52 300/369/58
f 307/376/65 279/377/38 282/378/41 308/379/66
f 308/379/66 282/378/41 277/362/36 293/361/51
f 305/374/63 307/376/65 308/379/66 306/375/64
f 306/375/64 308/379/66 293/361/51 294/363/52
f 296/365/54 309/380/67 310/381/68 297/366/55
f 309/380/67 311/382/69 312/383/70 310/381/68
f 297/366/55 310/381/68 313/384/71 299/368/57
f 310/381/68 312/383/70 314/385/72 313/384/71
f 315/386/73 316/387/74 317/388/75 318/389/76
f 318/389/76 317/388/75 319/390/77 320/391/78
f 311/382/69 315/386/73 318/389/76 312/383/70
f 312/383/70 318/389/76 320/391/78 314/385/72
f 321/392/79 322/393/80 323/394/81 324/395/82
f 322/393/80 325/396/83 326/397/84 323/394/81
f 324/395/82 323/394/81 320/391/78 319/390/77
f 323/394/81 326/397/84 314/385/72 320/391/78
f 327/398/85 301/370/59 304/373/62 328/399/86
f 328/399/86 304/373/62 299/368/57 313/384/71
f 325/396/83 327/398/85 328/399/86 326/397/84
f 326/397/84 328/399/86 313/384/71 314/385/72
f 316/387/74 329/400/87 330/401/88 317/388/75
f 329/400/87 331/402/89 332/403/90 330/401/88
f 317/388/75 330/401/88 333/404/91 319/390/77
f 330/401/88 332/403/90 334/405/92 333/404/91
f 335/406/93 336/407/94 337/408/95 338/409/96
f 338/409/96 337/408/95 339/410/97 340/411/98
f 331/402/89 335/406/93 338/409/96 332/403/90
f 332/403/90 338/409/96 340/411/98 334/405/92
f 341/412/99 342/413/100 343/414/101 344/415/102
f 342/413/100 345/416/103 346/417/104 343/414/101
f 344/415/102 343/414/101 340/411/98 339/410/97
f 343/414/101 346/417/104 334/405/92 340/411/98
f 347/418/105 321/392/79 324/395/82 348/419/106
f 348/419/106 324/395/82 319/390/77 333/404/91
f 345/416/103 347/418/105 348/419/106 346/417/104
f 346/417/104 348/419/106 333/404/91 334/405/92
f 336/407/94 349/420/107 350/421/108 337/408/95
f 349/420/107 351/422/2 352/423/109 350/421/108
f 337/408/95 350/421/108 353/424/110 339/410/97
f 350/421/108 352/423/109 354/425/111 353/424/110
f 355/426/112 356/427/113 357/428/114 358/429/115
f 358/429/115 357/428/114 359/430/116 360/431/117
f 351/422/2 355/426/112 358/429/115 352/423/109
f 352/423/109 358/429/115 360/431/117 354/425/111
f 361/432/118 362/433/119 363/434/120 364/435/121
f 362/433/119 365/436/122 366/437/123 363/434/120
f 364/435/121 363/434/120 360/431/117 359/430/116
f 363/434/120 366/437/123 354/425/111 360/431/117
f 367/438/124 341/412/99 344/415/102 368/439/125
f 368/439/125 344/415/102 339/410/97 353/424/110
f 365/436/122 367/438/124 368/439/125 366/437/123
f 366/437/123 368/439/125 353/424/110 354/425/111
f 356/427/113 369/440/126 370/441/127 357/428/114
f 369/440/126 371/442/128 372/443/129 370/441/127
f 357/428/114 370/441/127 373/444/130 359/430/116
f 370/441/127 372/443/129 374/445/131 373/444/130
f 375/446/132 264/330/23 267/333/26 376/447/133
f 376/447/133 267/333/26 271/337/30 377/448/134
f 371/442/128 375/446/132 376/447/133 372/443/129
f 372/443/129 376/447/133 377/448/134 374/445/131
f 286/352/45 378/449/135 379/450/136 287/353/46
f 378/449/135 380/451/137 381/452/138 379/450/136
f 287/353/46 379/450/136 377/448/134 271/337/30
f 379/450/136 381/452/138 374/445/131 377/448/134
f 382/453/139 361/432/118 364/435/121 383/454/140
f 383/454/140 364/435/121 359/430/116 373/444/130
f 380/451/137 382/453/139 383/454/140 381/452/138
f 381/452/138 383/454/140 373/444/130 374/445/131
f 384/455/141 385/456/141 386/457/141 387/458/141
f 385/456/141 388/459/141 389/460/142 386/457/141
f 387/458/141 386/457/141 390/461/141 391/462/143
f 386/457/141 389/460/142 392/463/141 390/461/141
f 393/464/141 394/465/144 395/466/145 396/467/142
f 396/467/142 395/466/145 397/468/144 398/469/141
f 388/459/141 393/464/141 396/467/142 389/460/142
f 389/460/142 396/467/142 398/469/141 392/463/141
f 399/470/146 400/471/141 401/472/147 402/473/147
f 400/471/141 403/474/141 404/475/141 401/472/147
f 402/473/147 401/472/147 398/469/141 397/468/144
f 401/472/147 404/475/141 392/463/141 398/469/141
f 405/476/148 406/477/141 407/478/149 408/479/147
f 408/479/147 407/478/149 391/462/143 390/461/141
f 403/474/141 405/476/148 408/479/147 404/475/141
f 404/475/141 408/479/147 390/461/141 392/463/141
f 279/480/38 409/481/150 410/482/151 280/483/39
f 409/481/150 411/484/152 412/485/153 410/482/151
f 280/483/39 410/482/151 413/486/154 283/487/42
f 410/482/151 412/485/153 414/488/155 413/486/154
f 415/489/156 416/490/157 417/491/158 418/492/159
f 418/492/159 417/491/158 419/493/160 420/494/161
f 411/484/152 415/489/156 418/492/159 412/485/153
f 412/485/153 418/492/159 420/494/161 414/488/155
f 384/495/162 421/496/163 422/497/164 423/498/165
f 421/496/163 424/499/166 425/500/167 422/497/164
f 423/498/165 422/497/164 420/494/161 419/493/160
f 422/497/164 425/500/167 414/488/155 420/494/161
f 426/501/168 286/502/45 285/503/44 427/504/169
f 427/504/169 285/503/44 283/487/42 413/486/154
f 424/499/166 426/501/168 427/504/169 425/500/167
f 425/500/167 427/504/169 413/486/154 414/488/155
f 301/505/59 428/506/170 429/507/171 302/508/60
f 428/506/170 430/509/172 431/510/173 429/507/171
f 302/508/60 429/507/171 432/511/174 305/512/63
f 429/507/171 431/510/173 433/513/175 432/511/174
f 434/514/176 435/515/177 436/516/178 437/517/179
f 437/517/179 436/516/178 438/518/180 439/519/181
f 430/509/172 434/514/176 437/517/179 431/510/173
f 431/510/173 437/517/179 439/519/181 433/513/175
f 416/490/157 415/489/156 440/520/182 441/521/183
f 415/489/156 411/484/152 442/522/184 440/520/182
f 441/521/183 440/520/182 439/519/181 438/518/180
f 440/520/182 442/522/184 433/513/175 439/519/181
f 409/481/150 279/480/38 307/523/65 443/524/185
f 443/524/185 307/523/65 305/512/63 432/511/174
f 411/484/152 409/481/150 443/524/185 442/522/184
f 442/522/184 443/524/185 432/511/174 433/513/175
f 321/525/79 444/526/186 445/527/187 322/528/80
f 444/526/186 446/529/188 447/530/189 445/527/187
f 322/528/80 445/527/187 448/531/190 325/532/83
f 445/527/187 447/530/189 449/533/191 448/531/190
f 450/534/192 394/535/193 451/536/194 452/537/195
f 452/537/195 451/536/194 453/538/196 454/539/197
f 446/529/188 450/534/192 452/537/195 447/530/189
f 447/530/189 452/537/195 454/539/197 449/533/191
f 435/515/177 434/514/176 455/540/198 456/541/199
f 434/514/176 430/509/172 457/542/200 455/540/198
f 456/541/199 455/540/198 454/539/197 453/538/196
f 455/540/198 457/542/200 449/533/191 454/539/197
f 428/506/170 301/505/59 327/543/85 458/544/201
f 458/544/201 327/543/85 325/532/83 448/531/190
f 430/509/172 428/506/170 458/544/201 457/542/200
f 457/542/200 458/544/201 448/531/190 449/533/191
f 341/545/99 459/546/202 460/547/203 342/548/100
f 459/546/202 461/549/204 462/550/205 460/547/203
f 342/548/100 460/547/203 463/551/206 345/552/103
f 460/547/203 462/550/205 464/553/207 463/551/206
f 465/554/208 399/555/209 402/556/210 466/557/211
f 466/557/211 402/556/210 397/558/212 467/559/213
f 461/549/204 465/554/208 466/557/211 462/550/205
f 462/550/205 466/557/211 467/559/213 464/553/207
f 394/560/193 450/561/192 468/562/214 395/563/215
f 450/561/192 446/564/188 469/565/216 468/562/214
f 395/563/215 468/562/214 467/559/213 397/558/212
f 468/562/214 469/565/216 464/553/207 467/559/213
f 444/566/186 321/567/79 347/568/105 470/569/217
f 470/569/217 347/568/105 345/552/103 463/551/206
f 446/564/188 444/566/186 470/569/217 469/565/216
f 469/565/216 470/569/217 463/551/206 464/553/207
f 361/570/118 471/571/218 472/572/219 362/573/119
f 471/571/218 473/574/220 474/575/221 472/572/219
f 362/573/119 472/572/219 475/576/222 365/577/122
f 472/572/219 474/575/221 476/578/223 475/576/222
f 477/579/224 406/580/225 405/581/226 478/582/227
f 478/582/227 405/581/226 403/583/228 479/584/229
f 473/574/220 477/579/224 478/582/227 474/575/221
f 474/575/221 478/582/227 479/584/229 476/578/223
f 399/555/209 465/554/208 480/585/230 400/586/231
f 465/554/208 461/549/204 481/587/232 480/585/230
f 400/586/231 480/585/230 479/584/229 403/583/228
f 480/585/230 481/587/232 476/578/223 479/584/229
f 459/546/202 341/545/99 367/588/124 482/589/233
f 482/589/233 367/588/124 365/577/122 475/576/222
f 461/549/204 459/546/202 482/589/233 481/587/232
f 481/587/232 482/589/233 475/576/222 476/578/223
f 286/502/45 426/501/168 483/590/234 378/591/135
f 426/501/168 424/499/166 484/592/235 483/590/234
f 378/591/135 483/590/234 485/593/236 380/594/137
f 483/590/234 484/592/235 486/595/237 485/593/236
f 421/496/163 384/495/162 387/596/238 487/597/239
f 487/597/239 387/596/238 391/598/240 488/599/241
f 424/499/166 421/496/163 487/597/239 484/592/235
f 484/592/235 487/597/239 488/599/241 486/595/237
f 406/580/225 477/579/224 489/600/242 407/601/243
f 477/579/224 473/574/220 490/602/244 489/600/242
f 407/601/243 489/600/242 488/599/241 391/598/240
f 489/600/242 490/602/244 486/595/237 488/599/241
f 471/571/218 361/570/118 382/603/139 491/604/245
f 491/604/245 382/603/139 380/594/137 485/593/236
f 473/574/220 471/571/218 491/604/245 490/602/244
f 490/602/244 491/604/245 485/593/236 486/595/237
f 274/605/246 273/606/142 492/607/247 493/608/142
f 273/606/142 268/609/248 494/610/141 492/607/247
f 493/608/142 492/607/247 495/611/141 496/612/148
f 492/607/247 494/610/141 497/613/249 495/611/141
f 265/614/250 264/615/144 498/616/251 499/617/145
f 499/617/145 498/616/251 500/618/143 501/619/252
f 268/609/248 265/614/250 499/617/145 494/610/141
f 494/610/141 499/617/145 501/619/252 497/613/249
f 502/620/144 503/621/251 504/622/142 505/623/253
f 503/621/251 506/624/248 507/625/254 504/622/142
f 505/623/253 504/622/142 501/619/252 500/618/143
f 504/622/142 507/625/254 497/613/249 501/619/252
f 508/626/248 509/627/141 510/628/144 511/629/255
f 511/629/255 510/628/144 496/612/148 495/611/141
f 506/624/248 508/626/248 511/629/255 507/625/254
f 507/625/254 511/629/255 495/611/141 497/613/249
f 264/615/144 375/630/256 512/631/148 498/616/251
f 375/630/256 371/632/257 513/633/145 512/631/148
f 498/616/251 512/631/148 514/634/258 500/618/143
f 512/631/148 513/633/145 515/635/259 514/634/258
f 369/636/260 356/637/141 516/638/147 517/639/147
f 517/639/147 516/638/147 518/640/145 519/641/141
f 371/632/257 369/636/260 517/639/147 513/633/145
f 513/633/145 517/639/147 519/641/141 515/635/259
f 520/642/261 521/643/257 522/644/262 523/645/144
f 521/643/257 524/646/257 525/647/261 522/644/262
f 523/645/144 522/644/262 519/641/141 518/640/145
f 522/644/262 525/647/261 515/635/259 519/641/141
f 526/648/251 502/620/144 505/623/253 527/649/147
f 527/649/147 505/623/253 500/618/143 514/634/258
f 524/646/257 526/648/251 527/649/147 525/647/261
f 525/647/261 527/649/147 514/634/258 515/635/259
f 356/637/141 355/650/147 528/651/145 516/638/147
f 355/650/147 351/652/141 529/653/141 528/651/145
f 516/638/147 528/651/145 530/654/263 518/640/145
f 528/651/145 529/653/141 531/655/264 530/654/263
f 349/656/141 336/657/265 532/658/141 533/659/143
f 533/659/143 532/658/141 534/660/266 535/661/267
f 351/652/141 349/656/141 533/659/143 529/653/141
f 529/653/141 533/659/143 535/661/267 531/655/264
f 536/662/249 537/663/141 538/664/142 539/665/267
f 537/663/141 540/666/147 541/667/268 538/664/142
f 539/665/267 538/664/142 535/661/267 534/660/266
f 538/664/142 541/667/268 531/655/264 535/661/267
f 542/668/144 520/642/261 523/645/144 543/669/269
f 543/669/269 523/645/144 518/640/145 530/654/263
f 540/666/147 542/668/144 543/669/269 541/667/268
f 541/667/268 543/669/269 530/654/263 531/655/264
f 336/657/265 335/670/249 544/671/254 532/658/141
f 335/670/249 331/672/148 545/673/248 544/671/254
f 532/658/141 544/671/254 546/674/248 534/660/266
f 544/671/254 545/673/248 547/675/141 546/674/248
f 329/676/141 316/677/144 548/678/144 549/679/270
f 549/679/270 548/678/144 550/680/270 551/681/271
f 331/672/148 329/676/141 549/679/270 545/673/248
f 545/673/248 549/679/270 551/681/271 547/675/141
f 552/682/144 553/683/141 554/684/143 555/685/143
f 553/683/141 556/686/141 557/687/144 554/684/143
f 555/685/143 554/684/143 551/681/271 550/680/270
f 554/684/143 557/687/144 547/675/141 551/681/271
f 558/688/141 536/662/249 539/665/267 559/689/267
f 559/689/267 539/665/267 534/660/266 546/674/248
f 556/686/141 558/688/141 559/689/267 557/687/144
f 557/687/144 559/689/267 546/674/248 547/675/141
f 316/677/144 315/690/141 560/691/141 548/678/144
f 315/690/141 311/692/145 561/693/144 560/691/141
f 548/678/144 560/691/141 562/694/272 550/680/270
f 560/691/141 561/693/144 563/695/145 562/694/272
f 309/696/259 296/697/142 564/698/141 565/699/261
f 565/699/261 564/698/141 566/700/269 567/701/257
f 311/692/145 309/696/259 565/699/261 561/693/144
f 561/693/144 565/699/261 567/701/257 563/695/145
f 568/702/259 569/703/141 570/704/273 571/705/274
f 569/703/141 572/706/141 573/707/259 570/704/273
f 571/705/274 570/704/273 567/701/257 566/700/269
f 570/704/273 573/707/259 563/695/145 567/701/257
f 574/708/141 552/682/144 555/685/143 575/709/143
f 575/709/143 555/685/143 550/680/270 562/694/272
f 572/706/141 574/708/141 575/709/143 573/707/259
f 573/707/259 575/709/143 562/694/272 563/695/145
f 296/697/142 295/710/142 576/711/143 564/698/141
f 295/710/142 291/712/275 577/713/141 576/711/143
f 564/698/141 576/711/143 578/714/276 566/700/269
f 576/711/143 577/713/141 579/715/268 578/714/276
f 289/716/142 274/605/246 493/608/142 580/717/148
f 580/717/148 493/608/142 496/612/148 581/718/146
f 291/712/275 289/716/142 580/717/148 577/713/141
f 577/713/141 580/717/148 581/718/146 579/715/268
f 509/627/141 582/719/144 583/720/266 510/628/144
f 582/719/144 584/721/142 585/722/264 583/720/266
f 510/628/144 583/720/266 581/718/146 496/612/148
f 583/720/266 585/722/264 579/715/268 581/718/146
f 586/723/142 568/702/259 571/705/274 587/724/266
f 587/724/266 571/705/274 566/700/269 578/714/276
f 584/721/142 586/723/142 587/724/266 585/722/264
f 585/722/264 587/724/266 578/714/276 579/715/268
f 509/725/277 508/726/278 588/727/278 589/728/277
f 508/726/278 506/729/279 590/730/27 588/727/278
f 589/728/277 588/727/278 591/731/280 592/732/277
f 588/727/278 590/730/27 593/733/281 591/731/280
f 503/734/24 502/735/23 594/736/23 595/737/24
f 595/737/24 594/736/23 596/738/23 597/739/24
f 506/729/279 503/734/24 595/737/24 590/730/27
f 590/730/27 595/737/24 597/739/24 593/733/281
f 598/740/23 599/741/24 600/742/24 601/743/23
f 599/741/24 602/744/27 603/745/27 600/742/24
f 601/743/23 600/742/24 597/739/24 596/738/23
f 600/742/24 603/745/27 593/733/281 597/739/24
f 604/746/278 605/747/277 606/748/282 607/749/278
f 607/749/278 606/748/282 592/732/277 591/731/280
f 602/744/27 604/746/278 607/749/278 603/745/27
f 603/745/27 607/749/278 591/731/280 593/733/281
f 502/735/23 526/750/283 608/751/283 594/736/23
f 526/750/283 524/752/284 609/753/285 608/751/283
f 594/736/23 608/751/283 610/754/286 596/738/23
f 608/751/283 609/753/285 611/755/285 610/754/286
f 521/756/287 520/757/288 612/758/288 613/759/289
f 613/759/289 612/758/288 614/760/290 615/761/289
f 524/752/284 521/756/287 613/759/289 609/753/285
f 609/753/285 613/759/289 615/761/289 611/755/285
f 616/762/291 617/763/292 618/764/287 619/765/290
f 617/763/292 620/766/293 621/767/285 618/764/287
f 619/765/290 618/764/287 615/761/289 614/760/290
f 618/764/287 621/767/285 611/755/285 615/761/289
f 622/768/294 598/740/23 601/743/23 623/769/286
f 623/769/286 601/743/23 596/738/23 610/754/286
f 620/766/293 622/768/294 623/769/286 621/767/285
f 621/767/285 623/769/286 610/754/286 611/755/285
f 520/757/288 542/770/295 624/771/295 612/758/288
f 542/770/295 540/772/2 625/773/2 624/771/295
f 612/758/288 624/771/295 626/774/295 614/760/290
f 624/771/295 625/773/2 627/775/2 626/774/295
f 537/776/296 536/777/297 628/778/297 629/779/298
f 629/779/298 628/778/297 630/780/297 631/781/298
f 540/772/2 537/776/296 629/779/298 625/773/2
f 625/773/2 629/779/298 631/781/298 627/775/2
f 632/782/299 633/783/296 634/784/296 635/785/297
f 633/783/296 636/786/2 637/787/2 634/784/296
f 635/785/297 634/784/296 631/781/298 630/780/297
f 634/784/296 637/787/2 627/775/2 631/781/298
f 638/788/295 616/762/291 619/765/290 639/789/295
f 639/789/295 619/765/290 614/760/290 626/774/295
f 636/786/2 638/788/295 639/789/295 637/787/2
f 637/787/2 639/789/295 626/774/295 627/775/2
f 536/777/297 558/790/300 640/791/300 628/778/297
f 558/790/300 556/792/89 641/793/89 640/791/300
f 628/778/297 640/791/300 642/794/93 630/780/297
f 640/791/300 641/793/89 643/795/301 642/794/93
f 553/796/302 552/797/303 644/798/74 645/799/304
f 645/799/304 644/798/74 646/800/74 647/801/305
f 556/792/89 553/796/302 645/799/304 641/793/89
f 641/793/89 645/799/304 647/801/305 643/795/301
f 648/802/303 649/803/302 650/804/306 651/805/74
f 649/803/302 652/806/307 653/807/301 650/804/306
f 651/805/74 650/804/306 647/801/305 646/800/74
f 650/804/306 653/807/301 643/795/301 647/801/305
f 654/808/300 632/782/299 635/785/297 655/809/93
f 655/809/93 635/785/297 630/780/297 642/794/93
f 652/806/307 654/808/300 655/809/93 653/807/301
f 653/807/301 655/809/93 642/794/93 643/795/301
f 552/797/303 574/810/308 656/811/309 644/798/74
f 574/810/308 572/812/310 657/813/310 656/811/309
f 644/798/74 656/811/309 658/814/73 646/800/74
f 656/811/309 657/813/310 659/815/311 658/814/73
f 569/816/312 568/817/313 660/818/314 661/819/315
f 661/819/315 660/818/314 662/820/314 663/821/315
f 572/812/310 569/816/312 661/819/315 657/813/310
f 657/813/310 661/819/315 663/821/315 659/815/311
f 664/822/316 665/823/315 666/824/315 667/825/313
f 665/823/315 668/826/317 669/827/69 666/824/315
f 667/825/313 666/824/315 663/821/315 662/820/314
f 666/824/315 669/827/69 659/815/311 663/821/315
f 670/828/308 648/802/303 651/805/74 671/829/73
f 671/829/73 651/805/74 646/800/74 658/814/73
f 668/826/317 670/828/308 671/829/73 669/827/69
f 669/827/69 671/829/73 658/814/73 659/815/311
f 568/830/313 586/831/318 672/832/318 660/833/314
f 586/831/318 584/834/1 673/835/1 672/832/318
f 660/833/314 672/832/318 674/836/318 662/837/314
f 672/832/318 673/835/1 675/838/1 674/836/318
f 582/839/319 509/725/277 589/728/277 676/840/320
f 676/840/320 589/728/277 592/732/277 677/841/320
f 584/834/1 582/839/319 676/840/320 673/835/1
f 673/835/1 676/840/320 677/841/320 675/838/1
f 605/747/277 678/842/319 679/843/320 606/748/282
f 678/842/319 680/844/1 681/845/1 679/843/320
f 606/748/282 679/843/320 677/841/320 592/732/277
f 679/843/320 681/845/1 675/838/1 677/841/320
f 682/846/318 664/847/316 667/848/313 683/849/318
f 683/849/318 667/848/313 662/837/314 674/836/318
f 680/844/1 682/846/318 683/849/318 681/845/1
f 681/845/1 683/849/318 674/836/318 675/838/1
f 605/850/321 604/851/322 684/852/323 685/853/324
f 604/851/322 602/854/325 686/855/326 684/852/323
f 685/853/324 684/852/323 687/856/327 688/857/328
f 684/852/323 686/855/326 689/858/325 687/856/327
f 599/859/329 598/860/330 690/861/331 691/862/332
f 691/862/332 690/861/331 692/863/330 693/864/333
f 602/854/325 599/859/329 691/862/332 686/855/326
f 686/855/326 691/862/332 693/864/333 689/858/325
f 694/865/330 695/866/334 696/867/335 697/868/336
f 695/866/334 698/869/337 699/870/337 696/867/335
f 697/868/336 696/867/335 693/864/333 692/863/330
f 696/867/335 699/870/337 689/858/325 693/864/333
f 700/871/338 701/872/339 702/873/328 703/874/340
f 703/874/340 702/873/328 688/857/328 687/856/327
f 698/869/337 700/871/338 703/874/340 699/870/337
f 699/870/337 703/874/340 687/856/327 689/858/325
f 598/860/330 622/875/341 704/876/342 690/861/331
f 622/875/341 620/877/343 705/878/344 704/876/342
f 690/861/331 704/876/342 706/879/342 692/863/330
f 704/876/342 705/878/344 707/880/345 706/879/342
f 617/881/346 616/882/347 708/883/348 709/884/349
f 709/884/349 708/883/348 710/885/350 711/886/351
f 620/877/343 617/881/346 709/884/349 705/878/344
f 705/878/344 709/884/349 711/886/351 707/880/345
f 712/887/350 713/888/352 714/889/353 715/890/354
f 713/888/352 716/891/355 717/892/344 714/889/353
f 715/890/354 714/889/353 711/886/351 710/885/350
f 714/889/353 717/892/344 707/880/345 711/886/351
f 718/893/356 694/865/330 697/868/336 719/894/357
f 719/894/357 697/868/336 692/863/330 706/879/342
f 716/891/355 718/893/356 719/894/357 717/892/344
f 717/892/344 719/894/357 706/879/342 707/880/345
f 616/882/347 638/895/358 720/896/359 708/883/348
f 638/895/358 636/897/360 721/898/361 720/896/359
f 708/883/348 720/896/359 722/899/362 710/885/350
f 720/896/359 721/898/361 723/900/363 722/899/362
f 633/901/364 632/902/365 724/903/366 725/904/367
f 725/904/367 724/903/366 726/905/368 727/906/369
f 636/897/360 633/901/364 725/904/367 721/898/361
f 721/898/361 725/904/367 727/906/369 723/900/363
f 728/907/370 729/908/371 730/909/372 731/910/373
f 729/908/371 732/911/374 733/912/375 730/909/372
f 731/910/373 730/909/372 727/906/369 726/905/368
f 730/909/372 733/912/375 723/900/363 727/906/369
f 734/913/376 712/887/350 715/890/354 735/914/377
f 735/914/377 715/890/354 710/885/350 722/899/362
f 732/911/374 734/913/376 735/914/377 733/912/375
f 733/912/375 735/914/377 722/899/362 723/900/363
f 632/902/365 654/915/378 736/916/379 724/903/366
f 654/915/378 652/917/380 737/918/380 736/916/379
f 724/903/366 736/916/379 738/919/379 726/905/368
f 736/916/379 737/918/380 739/920/381 738/919/379
f 649/921/382 648/922/383 740/923/383 741/924/384
f 741/924/384 740/923/383 742/925/385 743/926/386
f 652/917/380 649/921/382 741/924/384 737/918/380
f 737/918/380 741/924/384 743/926/386 739/920/381
f 744/927/387 745/928/388 746/929/389 747/930/390
f 745/928/388 748/931/391 749/932/380 746/929/389
f 747/930/390 746/929/389 743/926/386 742/925/385
f 746/929/389 749/932/380 739/920/381 743/926/386
f 750/933/392 728/907/370 731/910/373 751/934/379
f 751/934/379 731/910/373 726/905/368 738/919/379
f 748/931/391 750/933/392 751/934/379 749/932/380
f 749/932/380 751/934/379 738/919/379 739/920/381
f 648/935/383 670/936/393 752/937/394 740/938/383
f 670/936/393 668/939/395 753/940/396 752/937/394
f 740/938/383 752/937/394 754/941/397 742/942/385
f 752/937/394 753/940/396 755/943/398 754/941/397
f 665/944/399 664/945/400 756/946/401 757/947/402
f 757/947/402 756/946/401 758/948/401 759/949/402
f 668/939/395 665/944/399 757/947/402 753/940/396
f 753/940/396 757/947/402 759/949/402 755/943/398
f 760/950/403 761/951/404 762/952/402 763/953/405
f 761/951/404 764/954/398 765/955/398 762/952/402
f 763/953/405 762/952/402 759/949/402 758/948/401
f 762/952/402 765/955/398 755/943/398 759/949/402
f 766/956/406 744/957/387 747/958/390 767/959/407
f 767/959/407 747/958/390 742/942/385 754/941/397
f 764/954/398 766/956/406 767/959/407 765/955/398
f 765/955/398 767/959/407 754/941/397 755/943/398
f 664/945/400 682/960/408 768/961/409 756/946/401
f 682/960/408 680/962/410 769/963/411 768/961/409
f 756/946/401 768/961/409 770/964/412 758/948/401
f 768/961/409 769/963/411 771/965/413 770/964/412
f 678/966/414 605/850/321 685/853/324 772/967/415
f 772/967/415 685/853/324 688/857/328 773/968/416
f 680/962/410 678/966/414 772/967/415 769/963/411
f 769/963/411 772/967/415 773/968/416 771/965/413
f 701/872/339 774/969/417 775/970/418 702/873/328
f 774/969/417 776/971/411 777/972/419 775/970/418
f 702/873/328 775/970/418 773/968/416 688/857/328
f 775/970/418 777/972/419 771/965/413 773/968/416
f 778/973/420 760/950/403 763/953/405 779/974/421
f 779/974/421 763/953/405 758/948/401 770/964/412
f 776/971/411 778/973/420 779/974/421 777/972/419
f 777/972/419 779/974/421 770/964/412 771/965/413
f 701/975/422 700/976/423 780/977/424 781/978/425
f 700/976/423 698/979/426 782/980/427 780/977/424
f 781/978/425 780/977/424 783/981/424 784/982/428
f 780/977/424 782/980/427 785/983/427 783/981/424
f 695/984/429 694/985/430 786/986/430 787/987/431
f 787/987/431 786/986/430 788/988/432 789/989/433
f 698/979/426 695/984/429 787/987/431 782/980/427
f 782/980/427 787/987/431 789/989/433 785/983/427
f 790/990/430 791/991/434 792/992/435 793/993/430
f 791/991/434 794/994/436 795/995/427 792/992/435
f 793/993/430 792/992/435 789/989/433 788/988/432
f 792/992/435 795/995/427 785/983/427 789/989/433
f 796/996/437 797/997/438 798/998/428 799/999/424
f 799/999/424 798/998/428 784/982/428 783/981/424
f 794/994/436 796/996/437 799/999/424 795/995/427
f 795/995/427 799/999/424 783/981/424 785/983/427
f 694/985/430 718/1000/439 800/1001/440 786/986/430
f 718/1000/439 716/1002/441 801/1003/442 800/1001/440
f 786/986/430 800/1001/440 802/1004/443 788/988/432
f 800/1001/440 801/1003/442 803/1005/444 802/1004/443
f 713/1006/445 712/1007/446 804/1008/447 805/1009/448
f 805/1009/448 804/1008/447 806/1010/449 807/1011/448
f 716/1002/441 713/1006/445 805/1009/448 801/1003/442
f 801/1003/442 805/1009/448 807/1011/448 803/1005/444
f 808/1012/450 809/1013/451 810/1014/448 811/1015/449
f 809/1013/451 812/1016/452 813/1017/442 810/1014/448
f 811/1015/449 810/1014/448 807/1011/448 806/1010/449
f 810/1014/448 813/1017/442 803/1005/444 807/1011/448
f 814/1018/453 790/990/430 793/993/430 815/1019/454
f 815/1019/454 793/993/430 788/988/432 802/1004/443
f 812/1016/452 814/1018/453 815/1019/454 813/1017/442
f 813/1017/442 815/1019/454 802/1004/443 803/1005/444
f 712/1007/446 734/1020/455 816/1021/456 804/1008/447
f 734/1020/455 732/1022/457 817/1023/2 816/1021/456
f 804/1008/447 816/1021/456 818/1024/458 806/1010/449
f 816/1021/456 817/1023/2 819/1025/2 818/1024/458
f 729/1026/459 728/1027/460 820/1028/461 821/1029/462
f 821/1029/462 820/1028/461 822/1030/463 823/1031/464
f 732/1022/457 729/1026/459 821/1029/462 817/1023/2
f 817/1023/2 821/1029/462 823/1031/464 819/1025/2
f 824/1032/465 825/1033/466 826/1034/464 827/1035/467
f 825/1033/466 828/1036/468 829/1037/2 826/1034/464
f 827/1035/467 826/1034/464 823/1031/464 822/1030/463
f 826/1034/464 829/1037/2 819/1025/2 823/1031/464
f 830/1038/469 808/1012/450 811/1015/449 831/1039/456
f 831/1039/456 811/1015/449 806/1010/449 818/1024/458
f 828/1036/468 830/1038/469 831/1039/456 829/1037/2
f 829/1037/2 831/1039/456 818/1024/458 819/1025/2
f 728/1027/460 750/1040/470 832/1041/471 820/1028/461
f 750/1040/470 748/1042/472 833/1043/473 832/1041/471
f 820/1028/461 832/1041/471 834/1044/471 822/1030/463
f 832/1041/471 833/1043/473 835/1045/474 834/1044/471
f 745/1046/475 744/1047/476 836/1048/476 837/1049/477
f 837/1049/477 836/1048/476 838/1050/478 839/1051/479
f 748/1042/472 745/1046/475 837/1049/477 833/1043/473
f 833/1043/473 837/1049/477 839/1051/479 835/1045/474
f 840/1052/476 841/1053/477 842/1054/480 843/1055/478
f 841/1053/477 844/1056/481 845/1057/474 842/1054/480
f 843/1055/478 842/1054/480 839/1051/479 838/1050/478
f 842/1054/480 845/1057/474 835/1045/474 839/1051/479
f 846/1058/482 824/1032/465 827/1035/467 847/1059/471
f 847/1059/471 827/1035/467 822/1030/463 834/1044/471
f 844/1056/481 846/1058/482 847/1059/471 845/1057/474
f 845/1057/474 847/1059/471 834/1044/471 835/1045/474
f 744/1047/476 766/1060/483 848/1061/484 836/1048/476
f 766/1060/483 764/1062/485 849/1063/486 848/1061/484
f 836/1048/476 848/1061/484 850/1064/487 838/1050/478
f 848/1061/484 849/1063/486 851/1065/486 850/1064/487
f 761/1066/488 760/1067/489 852/1068/490 853/1069/491
f 853/1069/491 852/1068/490 854/1070/492 855/1071/491
f 764/1062/485 761/1066/488 853/1069/491 849/1063/486
f 849/1063/486 853/1069/491 855/1071/491 851/1065/486
f 856/1072/493 857/1073/494 858/1074/495 859/1075/496
f 857/1073/494 860/1076/497 861/1077/486 858/1074/495
f 859/1075/496 858/1074/495 855/1071/491 854/1070/492
f 858/1074/495 861/1077/486 851/1065/486 855/1071/491
f 862/1078/484 840/1052/476 843/1055/478 863/1079/498
f 863/1079/498 843/1055/478 838/1050/478 850/1064/487
f 860/1076/497 862/1078/484 863/1079/498 861/1077/486
f 861/1077/486 863/1079/498 850/1064/487 851/1065/486
f 760/1080/489 778/1081/499 864/1082/500 852/1083/490
f 778/1081/499 776/1084/501 865/1085/1 864/1082/500
f 852/1083/490 864/1082/500 866/1086/502 854/1087/492
f 864/1082/500 865/1085/1 867/1088/1 866/1086/502
f 774/1089/503 701/975/422 781/978/425 868/1090/504
f 868/1090/504 781/978/425 784/982/428 869/1091/505
f 776/1084/501 774/1089/503 868/1090/504 865/1085/1
f 865/1085/1 868/1090/504 869/1091/505 867/1088/1
f 797/997/438 870/1092/506 871/1093/504 798/998/428
f 870/1092/506 872/1094/507 873/1095/1 871/1093/504
f 798/998/428 871/1093/504 869/1091/505 784/982/428
f 871/1093/504 873/1095/1 867/1088/1 869/1091/505
f 874/1096/508 856/1097/493 859/1098/496 875/1099/502
f 875/1099/502 859/1098/496 854/1087/492 866/1086/502
f 872/1094/507 874/1096/508 875/1099/502 873/1095/1
f 873/1095/1 875/1099/502 866/1086/502 867/1088/1
f 106/116/509 109/119/510 876/1100/511 877/1101/512
f 109/119/510 104/114/513 878/1102/514 876/1100/511
f 877/1101/512 876/1100/511 879/1103/515 880/1104/516
f 876/1100/511 878/1102/514 881/1105/517 879/1103/515
f 102/112/518 101/111/519 882/1106/520 883/1107/518
f 883/1107/518 882/1106/520 884/1108/521 885/1109/522
f 104/114/513 102/112/518 883/1107/518 878/1102/514
f 878/1102/514 883/1107/518 885/1109/522 881/1105/517
f 790/1110/523 886/1111/524 887/1112/525 888/1113/526
f 886/1111/524 880/1104/516 879/1103/515 887/1112/525
f 888/1113/526 887/1112/525 885/1109/522 884/1108/521
f 887/1112/525 879/1103/515 881/1105/517 885/1109/522
f 101/111/527 134/1114/528 889/1115/529 890/1116/530
f 134/1114/528 130/1117/531 891/1118/531 889/1115/529
f 890/1116/530 889/1115/529 892/1119/532 893/1120/533
f 889/1115/529 891/1118/531 894/1121/534 892/1119/532
f 128/1122/535 16/206/536 895/1123/537 896/1124/538
f 896/1124/538 895/1123/537 897/1125/539 898/1126/540
f 130/1117/531 128/1122/535 896/1124/538 891/1118/531
f 891/1118/531 896/1124/538 898/1126/540 894/1121/534
f 856/1127/541 874/1128/542 899/1129/543 900/1130/544
f 874/1128/542 872/1131/545 901/1132/546 899/1129/543
f 900/1130/544 899/1129/543 898/1126/540 897/1125/539
f 899/1129/543 901/1132/546 894/1121/534 898/1126/540
f 870/1133/547 797/1134/548 902/1135/549 903/1136/550
f 903/1136/550 902/1135/549 893/1120/533 892/1119/532
f 872/1131/545 870/1133/547 903/1136/550 901/1132/546
f 901/1132/546 903/1136/550 892/1119/532 894/1121/534
f 41/228/551 164/1137/552 904/1138/553 905/1139/554
f 164/1137/552 162/1140/555 906/1141/556 904/1138/553
f 905/1139/554 904/1138/553 907/1142/557 908/1143/558
f 904/1138/553 906/1141/556 909/1144/559 907/1142/557
f 159/1145/560 106/116/561 910/1146/562 911/1147/563
f 911/1147/563 910/1146/562 912/1148/564 913/1149/565
f 162/1140/555 159/1145/560 911/1147/563 906/1141/556
f 906/1141/556 911/1147/563 913/1149/565 909/1144/559
f 808/1150/566 830/1151/567 914/1152/568 915/1153/569
f 830/1151/567 828/1154/570 916/1155/571 914/1152/568
f 915/1153/569 914/1152/568 913/1149/565 912/1148/564
f 914/1152/568 916/1155/571 909/1144/559 913/1149/565
f 825/1156/572 824/1157/573 917/1158/574 918/1159/575
f 918/1159/575 917/1158/574 908/1143/558 907/1142/557
f 828/1154/570 825/1156/572 918/1159/575 916/1155/571
f 916/1155/571 918/1159/575 907/1142/557 909/1144/559
f 824/1157/573 846/1160/576 919/1161/577 917/1158/574
f 846/1160/576 844/1162/578 920/1163/579 919/1161/577
f 917/1158/574 919/1161/577 921/1164/580 908/1143/558
f 919/1161/577 920/1163/579 922/1165/581 921/1164/580
f 841/1166/582 840/1167/583 923/1168/584 924/1169/582
f 924/1169/582 923/1168/584 925/1170/582 926/1171/584
f 844/1162/578 841/1166/582 924/1169/582 920/1163/579
f 920/1163/579 924/1169/582 926/1171/584 922/1165/581
f 41/228/551 905/1139/554 927/1172/585 928/1173/586
f 905/1139/554 908/1143/558 921/1164/580 927/1172/585
f 928/1173/586 927/1172/585 926/1171/584 925/1170/582
f 927/1172/585 921/1164/580 922/1165/581 926/1171/584
f 840/1167/583 929/1174/587 930/1175/583 923/1168/584
f 929/1174/587 931/1176/588 932/1177/583 930/1175/583
f 923/1168/584 930/1175/583 933/1178/583 925/1170/582
f 930/1175/583 932/1177/583 934/1179/586 933/1178/583
f 935/1180/588 16/206/536 179/209/589 936/1181/590
f 936/1181/590 179/209/589 182/213/586 937/1182/591
f 931/1176/588 935/1180/588 936/1181/590 932/1177/583
f 932/1177/583 936/1181/590 937/1182/591 934/1179/586
f 41/228/551 928/1173/586 938/1183/592 188/229/593
f 928/1173/586 925/1170/582 933/1178/583 938/1183/592
f 188/229/593 938/1183/592 937/1182/591 182/213/586
f 938/1183/592 933/1178/583 934/1179/586 937/1182/591
f 840/1167/583 862/1184/588 939/1185/588 929/1174/587
f 862/1184/588 860/1186/594 940/1187/595 939/1185/588
f 929/1174/587 939/1185/588 941/1188/587 931/1176/588
f 939/1185/588 940/1187/595 942/1189/596 941/1188/587
f 857/1190/597 856/1127/541 900/1130/544 943/1191/598
f 943/1191/598 900/1130/544 897/1125/539 944/1192/599
f 860/1186/594 857/1190/597 943/1191/598 940/1187/595
f 940/1187/595 943/1191/598 944/1192/599 942/1189/596
f 16/206/536 935/1180/588 945/1193/600 895/1123/537
f 935/1180/588 931/1176/588 941/1188/587 945/1193/600
f 895/1123/537 945/1193/600 944/1192/599 897/1125/539
f 945/1193/600 941/1188/587 942/1189/596 944/1192/599
f 797/1134/548 796/1194/601 946/1195/527 902/1135/549
f 796/1194/601 794/1196/602 947/1197/603 946/1195/527
f 902/1135/549 946/1195/527 948/1198/604 893/1120/533
f 946/1195/527 947/1197/603 949/1199/605 948/1198/604
f 791/1200/606 790/1110/607 888/1113/520 950/1201/606
f 950/1201/606 888/1113/520 884/1108/608 951/1202/609
f 794/1196/602 791/1200/606 950/1201/606 947/1197/603
f 947/1197/603 950/1201/606 951/1202/609 949/1199/605
f 101/111/527 890/1116/530 952/1203/519 882/1106/608
f 890/1116/530 893/1120/533 948/1198/604 952/1203/519
f 882/1106/608 952/1203/519 951/1202/609 884/1108/608
f 952/1203/519 948/1198/604 949/1199/605 951/1202/609
f 790/1110/523 814/1204/610 953/1205/610 886/1111/524
f 814/1204/610 812/1206/611 954/1207/612 953/1205/610
f 886/1111/524 953/1205/610 955/1208/512 880/1104/516
f 953/1205/610 954/1207/612 956/1209/613 955/1208/512
f 809/1210/614 808/1150/615 915/1153/616 957/1211/617
f 957/1211/617 915/1153/616 912/1148/618 958/1212/619
f 812/1206/611 809/1210/614 957/1211/617 954/1207/612
f 954/1207/612 957/1211/617 958/1212/619 956/1209/613
f 106/116/509 877/1101/512 959/1213/620 910/1146/621
f 877/1101/512 880/1104/516 955/1208/512 959/1213/620
f 910/1146/621 959/1213/620 958/1212/619 912/1148/618
f 959/1213/620 955/1208/512 956/1209/613 958/1212/619
f 81/312/2 203/1214/2 960/1215/2 250/313/2
f 203/1214/2 201/1216/2 961/1217/2 960/1215/2
f 250/313/2 960/1215/2 962/1218/2 243/297/2
f 960/1215/2 961/1217/2 963/1219/2 962/1218/2
f 199/1220/2 113/1221/2 112/1222/2 964/1223/2
f 964/1223/2 112/1222/2 110/1224/2 965/1225/2
f 201/1216/2 199/1220/2 964/1223/2 961/1217/2
f 961/1217/2 964/1223/2 965/1225/2 963/1219/2
f 106/178/2 161/181/2 966/1226/2 107/1227/2
f 161/181/2 157/176/2 967/1228/2 966/1226/2
f 107/1227/2 966/1226/2 965/1225/2 110/1224/2
f 966/1226/2 967/1228/2 963/1219/2 965/1225/2
f 155/174/2 154/173/2 239/293/2 968/1229/2
f 968/1229/2 239/293/2 243/297/2 962/1218/2
f 157/176/2 155/174/2 968/1229/2 967/1228/2
f 967/1228/2 968/1229/2 962/1218/2 963/1219/2
f 76/283/1 75/1230/1 969/1231/1 231/284/1
f 75/1230/1 70/1232/1 970/1233/1 969/1231/1
f 231/284/1 969/1231/1 971/1234/1 233/287/1
f 969/1231/1 970/1233/1 972/1235/1 971/1234/1
f 67/1236/1 66/1237/1 214/1238/1 973/1239/1
f 973/1239/1 214/1238/1 209/1240/1 974/1241/1
f 70/1232/1 67/1236/1 973/1239/1 970/1233/1
f 970/1233/1 973/1239/1 974/1241/1 972/1235/1
f 205/1242/1 258/1243/1 975/1244/1 206/1245/1
f 258/1243/1 254/1246/1 976/1247/1 975/1244/1
f 206/1245/1 975/1244/1 974/1241/1 209/1240/1
f 975/1244/1 976/1247/1 972/1235/1 974/1241/1
f 252/1248/1 139/158/1 235/289/1 977/1249/1
f 977/1249/1 235/289/1 233/287/1 971/1234/1
f 254/1246/1 252/1248/1 977/1249/1 976/1247/1
f 976/1247/1 977/1249/1 971/1234/1 972/1235/1
f 384/455/141 423/1250/141 978/1251/141 385/456/141
f 423/1250/141 419/1252/267 979/1253/141 978/1251/141
f 385/456/141 978/1251/141 980/1254/147 388/459/141
f 978/1251/141 979/1253/141 981/1255/141 980/1254/147
f 417/1256/141 416/1257/148 441/1258/148 982/1259/144
f 982/1259/144 441/1258/148 438/1260/147 983/1261/141
f 419/1252/267 417/1256/141 982/1259/144 979/1253/141
f 979/1253/141 982/1259/144 983/1261/141 981/1255/141
f 435/1262/145 456/1263/142 984/1264/142 436/1265/141
f 456/1263/142 453/1266/144 985/1267/141 984/1264/142
f 436/1265/141 984/1264/142 983/1261/141 438/1260/147
f 984/1264/142 985/1267/141 981/1255/141 983/1261/141
f 451/1268/148 394/465/144 393/464/141 986/1269/147
f 986/1269/147 393/464/141 388/459/141 980/1254/147
f 453/1266/144 451/1268/148 986/1269/147 985/1267/141
f 985/1267/141 986/1269/147 980/1254/147 981/1255/141
